0.025,800.112786299319,1673.8419242960397,2987.7445904237916,4058.4165469326417,--undefined--
0.030000000000000002,750.0633472638406,1679.7575034434203,2912.723522136788,3997.418882737942,--undefined--
0.035,694.3609832254326,1712.8826433782365,2822.6578789001765,3937.6612051810057,--undefined--
0.04,675.5946940925719,1776.8543707146066,2784.11515523466,3931.7999939165584,5085.901795382916
0.045,660.5020480816578,1796.8126635065908,2792.6817854392434,3905.031786295154,5111.677345643748
0.049999999999999996,691.7639490426405,1749.3043492909007,2937.1271248188887,3881.501438671533,--undefined--
0.05499999999999999,840.6178301359158,1903.8489276250746,3111.236631250211,4137.490259565716,--undefined--
0.05999999999999999,1031.199325142877,1804.5794401777987,3138.2716106458,4331.14195058579,--undefined--
0.06499999999999999,1183.5558390703006,1292.1402123765092,2957.047967789594,4164.075278734968,--undefined--
0.06999999999999999,1315.0160292605112,1919.0711301491126,3004.61926992522,3939.6834696549217,--undefined--
0.075,1345.2226939209181,1633.7597345538375,2256.174031533747,3337.2528909426314,4020.911305072818
0.08,1130.9870885206833,1508.0437219248065,2331.9248376261207,3215.772101813162,4055.414972096935
0.085,895.5965970209473,1551.2167657576588,2730.166872130626,3471.0545721954254,4088.6589326669205
0.09000000000000001,840.1579339289926,1593.7236659175585,2792.390631897223,3775.742398681409,--undefined--
0.09500000000000001,809.2417447359394,1519.6560967157625,2797.054845671285,3644.2385251881956,--undefined--
0.10000000000000002,801.2827410105943,1490.6522195222256,2811.6871469893717,3559.639280752803,5070.059492756007
0.10500000000000002,803.5976096665634,1462.8173502724687,2794.377809447905,3520.2015637071568,--undefined--
0.11000000000000003,806.9732644832808,1432.8329507514372,2773.879013442061,3503.889099886097,--undefined--
0.11500000000000003,808.012546226203,1406.0456945583373,2775.6100545381782,3486.899879945403,--undefined--
0.12000000000000004,825.646163974208,1394.7258354239004,2759.7115394605457,3457.9036427266647,--undefined--
0.12500000000000003,851.3870040737828,1353.643820822044,2737.2412718516266,3451.636962014769,--undefined--
0.13000000000000003,881.0379788498694,1354.1873772599836,2721.80532427955,3466.012934214828,--undefined--
0.13500000000000004,919.2068445747464,1403.448755285269,2732.663497996166,3489.9226516419517,--undefined--
0.14000000000000004,962.9630191741606,1480.925448939117,2777.1341707719066,3511.396785371506,--undefined--
0.14500000000000005,973.071965904593,1508.2587183133894,2815.460274246762,3523.3932043706204,--undefined--
0.15000000000000005,970.6703943998244,1497.7381562821674,2867.4214844351577,3593.5110092910477,--undefined--
0.15500000000000005,965.0192327885202,1486.487694345606,2878.431265864218,3650.556154985636,--undefined--
0.16000000000000006,965.3263488004126,1493.4895112882296,2857.183869433315,3709.566096756089,--undefined--
0.16500000000000006,975.900096668205,1523.7794946811946,2820.759603164186,3793.853639756087,--undefined--
0.17000000000000007,982.1751633290527,1541.7672858365606,2767.5014221268716,3900.8389422210457,--undefined--
0.17500000000000007,988.1354318390875,1548.8121966986475,2765.6615081518003,3881.0239255837187,--undefined--
0.18000000000000008,994.2131011906995,1554.6582795304653,2729.9049461500804,3902.7946971360225,--undefined--
0.18500000000000008,996.3642908133918,1563.2597499257467,2696.138555996904,3954.302843985474,--undefined--
0.19000000000000009,992.3210094057616,1573.9587459331144,2703.301575549411,3992.764670183283,--undefined--
0.1950000000000001,989.4006905312644,1571.43517619024,2717.440241810093,3981.4128308213226,--undefined--
0.2000000000000001,982.1734570124661,1580.8946476707297,2725.105807203853,3989.0660966103565,--undefined--
0.2050000000000001,975.7192916260848,1588.2933407509877,2703.9900331349177,3980.511002131239,--undefined--
0.2100000000000001,974.0531794743404,1587.8194690457296,2677.571164395781,3963.6517424896933,--undefined--
0.2150000000000001,979.0308248981962,1579.9874126837312,2672.5843646553635,3951.097090911422,--undefined--
0.2200000000000001,985.5648076904961,1584.0226857829725,2696.2351011936544,3942.338280002393,--undefined--
0.22500000000000012,986.1457490339204,1583.4675590553309,2717.1029137214978,3915.792739674392,--undefined--
0.23000000000000012,982.5609217549552,1575.7354595612685,2738.713890344346,3891.2388543941065,--undefined--
0.23500000000000013,978.6197714657565,1571.3237007242362,2757.4039224780176,3880.6746233193417,--undefined--
0.24000000000000013,976.8107279018038,1576.7130576023778,2750.7864170678727,3886.0652600756043,--undefined--
0.24500000000000013,972.5648891467215,1573.0383424819695,2619.8126349030285,3876.4372734442913,--undefined--
0.2500000000000001,970.2739085639728,1566.375313088257,2573.375133162392,3936.4610502019445,--undefined--
0.2550000000000001,971.1052678530928,1564.1501119916309,2574.405805822623,3938.4218732129357,--undefined--
0.2600000000000001,973.9807190362037,1561.276426606378,2589.202912186766,3923.5122790010846,--undefined--
0.2650000000000001,978.7831577256255,1552.9883070914827,2597.140608547219,3937.091508360515,--undefined--
0.27000000000000013,991.7069830670096,1544.5687447623668,2633.4922865542885,3916.5970368698986,--undefined--
0.27500000000000013,1004.4396828240259,1554.9263617058407,2673.4753554346776,3918.1416905221827,--undefined--
0.28000000000000014,1003.3839624282025,1554.106468319126,2677.238947819259,3957.098843119706,--undefined--
0.28500000000000014,995.4892076761859,1546.178282549094,2665.868201640678,3993.1462677562185,--undefined--
0.29000000000000015,989.4792362751402,1541.353467015587,2663.3986088829615,3993.043290870482,--undefined--
0.29500000000000015,985.1803300335542,1549.700545187576,2658.9839386869608,3991.6341722195198,--undefined--
0.30000000000000016,1010.6843358351985,1576.1568055939426,2664.015560817836,3941.4347339120013,--undefined--
0.30500000000000016,1022.1394549861194,1593.6393928287305,2660.7522809173015,3970.054050467884,--undefined--
0.31000000000000016,1015.1762012359203,1599.4889881452682,2649.5106062146942,4001.0814364547477,--undefined--
0.31500000000000017,997.9917509993937,1601.1396252907632,2637.6411319851763,3947.1546848008957,--undefined--
0.3200000000000002,998.6680627723916,1628.2803430242598,2647.4128615283084,3818.9812905744934,--undefined--
0.3250000000000002,1006.0800315351989,1653.6786384460606,2652.7658377985426,3639.895745708506,--undefined--
0.3300000000000002,1014.4146205874002,1660.4356442276885,2647.664845342666,3655.7897032263645,--undefined--
0.3350000000000002,1018.2553928930412,1650.0107237254367,2646.3044377488354,3802.5117400503377,--undefined--
0.3400000000000002,1012.9716354836376,1626.2065015217713,2660.8183708855945,3945.4194217813542,--undefined--
0.3450000000000002,995.4309047874087,1584.7128363745956,2681.5556322325083,3905.620794445573,--undefined--
0.3500000000000002,986.7702366154871,1572.7811794182994,2676.3780237038604,3942.0832715624124,--undefined--
0.3550000000000002,986.2760924507837,1575.6980681425587,2670.9298471631487,3961.8677135301186,--undefined--
0.3600000000000002,995.0874925757255,1584.5363653658744,2670.5346870973567,3916.7271880735375,--undefined--
0.3650000000000002,1011.8329572555272,1590.6591696160908,2667.154296080199,3783.2809794106606,--undefined--
0.3700000000000002,1025.6571835691427,1583.5942833076665,2611.663740244044,3591.4690571106257,--undefined--
0.3750000000000002,1029.0419330888644,1585.408096221052,2609.8413109570806,3547.561977670736,--undefined--
0.3800000000000002,1022.3865259946966,1588.6321403077504,2621.0897467126692,3549.029386340954,--undefined--
0.38500000000000023,1014.0074183863164,1591.109647730477,2626.060924999013,3544.3693101054746,--undefined--
0.39000000000000024,1009.61584873266,1591.0918647026654,2620.7888863898247,3529.15297388221,--undefined--
0.39500000000000024,997.8877652048371,1584.3627130309503,2649.246706052753,3660.0886434522076,--undefined--
0.40000000000000024,997.5797099637056,1586.5787541486766,2675.221361802803,3714.8504509587824,--undefined--
0.40500000000000025,997.0087239019372,1580.704007608561,2690.5621823204406,3753.5208015247467,--undefined--
0.41000000000000025,993.159330104439,1580.734812733327,2692.597646902244,3760.8320692597736,--undefined--
0.41500000000000026,986.4525609822294,1594.249665334192,2683.843165474162,3731.609385816959,--undefined--
0.42000000000000026,984.6958156830801,1580.9205491982927,2681.2630212094664,3749.5725033825333,--undefined--
0.42500000000000027,979.095620105158,1575.98888134353,2701.070227133482,3835.1880470892274,--undefined--
0.43000000000000027,976.2282152720886,1580.957099719968,2692.9764500520346,3896.934020099972,--undefined--
0.4350000000000003,979.5710411348945,1581.9381689657473,2675.0029229442125,3916.7830874665183,--undefined--
0.4400000000000003,988.4610875791416,1565.9746131645695,2670.823569339555,3891.5580930638184,--undefined--
0.4450000000000003,988.5950325819385,1533.413595737644,2676.8171324442787,3815.4360101522134,--undefined--
0.4500000000000003,997.5132811989516,1555.6183625231567,2704.1548788847113,3856.3169895934907,--undefined--
0.4550000000000003,1003.3898203007899,1568.6986493086051,2722.5861634053326,3941.2220888745405,--undefined--
0.4600000000000003,1003.0079170366855,1566.3580962582444,2720.9031665512275,4015.174422691248,--undefined--
0.4650000000000003,1000.1861076481861,1560.5867089947978,2698.5019313218218,4032.478281360334,--undefined--
0.4700000000000003,1020.8568291161413,1595.4477257537885,2680.247408993711,3967.9187113105513,--undefined--
0.4750000000000003,1015.4701063658155,1597.575010473381,2682.482647774353,3982.4842278287883,--undefined--
0.4800000000000003,1004.9970108991603,1593.2229095581167,2691.42885817808,4059.9904391494315,--undefined--
0.4850000000000003,984.8093298431559,1589.6457543771385,2694.780800606902,3983.2256328103867,--undefined--
0.4900000000000003,954.8719833139703,1590.909883734413,2685.7134008189855,3691.3571489465967,4003.5412259708864
0.49500000000000033,950.6806648563419,1601.8739232953758,2677.6603917100874,3889.14364412605,--undefined--
0.5000000000000003,967.5073738098014,1590.1514324612967,2673.8025102768675,3897.1693359504247,--undefined--
0.5050000000000003,974.0844290588394,1584.2037018867588,2670.6307451251096,3971.971323587526,--undefined--
0.5100000000000003,959.7039612814935,1590.8372139904964,2648.220505164946,4098.392380436266,--undefined--
0.5150000000000003,926.0151367400734,1601.8210153674484,2606.871104987283,4213.337512866114,--undefined--
0.5200000000000004,906.3890237762259,1563.8071478082911,2639.576159712838,4259.241950999341,--undefined--
0.5250000000000004,947.0752689934009,1573.5862770566873,2684.932995648555,4243.788533086358,--undefined--
0.5300000000000004,994.883125589178,1566.7427253777994,2732.326181878523,4207.082209563557,--undefined--
0.5350000000000004,1029.0949826182598,1555.538124269216,2744.9052198317604,4165.698556475145,--undefined--
0.5400000000000004,1033.0270783933875,1551.5878369877887,2706.7812659414794,4135.345304257998,--undefined--
0.5450000000000004,978.5370915794078,1507.1022971547354,2699.6795568380976,4144.8707158156785,--undefined--
0.5500000000000004,990.9712751639864,1528.4808117966693,2687.069890911867,4304.596873328722,--undefined--
0.5550000000000004,1087.0775430027122,1596.9394637390496,2731.3235362098917,4242.521119532272,--undefined--
0.5600000000000004,1168.7178180081426,1651.278249140723,2767.65449705552,4124.394207609574,--undefined--
0.5650000000000004,1151.2705258672336,1653.3114904767522,2742.135336242216,4123.79282355874,--undefined--
0.5700000000000004,1082.5324721248264,1687.5924161328167,2734.6313976630095,4048.6278195324294,--undefined--
0.5750000000000004,1038.2456035967023,1628.0922480961603,2736.1125027032076,3886.476336269744,--undefined--
0.5800000000000004,1020.4547844917709,1578.4227613465337,2750.34986820969,3521.1223878109586,4588.939316040774
0.5850000000000004,1004.7494988630415,1564.4574432897061,2777.2997123566806,3208.182282725371,4598.648169681945
0.5900000000000004,975.4687757633991,1587.1907325580955,2809.3054797669224,3277.499451435957,4616.565567435046
0.5950000000000004,973.225008775978,1608.7607680862204,2812.2328614830235,4137.775954067086,4589.016347953766
0.6000000000000004,938.4996945357601,1578.3592686999932,2807.577142674146,3472.5519229728916,4662.057089413799
0.6050000000000004,916.7141735969539,1539.717185945899,2818.8907401503757,3748.3319469272938,4687.706429822665
0.6100000000000004,908.7717423312737,1512.1297656119018,2831.402348174099,4171.431506431742,4719.909809701693
0.6150000000000004,905.596868327793,1505.5054077984423,2821.2564812161218,3807.885496874377,4805.026214065643
0.6200000000000004,891.5817254866205,1511.3980985933974,2752.8530755947972,3497.6075576912463,4813.994855203724
0.6250000000000004,861.9978530014109,1552.876633737864,2674.8554795814634,3619.446553217188,4842.864778711526
0.6300000000000004,813.1559171731813,1548.0223421186752,2712.811926912502,3782.220797811561,4812.821393437282
0.6350000000000005,793.4528946696413,1502.4298209133074,2797.1774667471227,3932.899420226479,4800.279442442568
0.6400000000000005,824.0475229343539,1451.7562272596813,2829.0926886060506,4042.4209252999176,4872.729820506294
0.6450000000000005,781.5372618450261,1486.2197019356654,2734.8485053546765,3931.1551814447203,4955.111333490954
0.6500000000000005,799.3849828720199,1542.6545622597257,2610.531124774107,4008.9832020219933,4864.156032993038
0.6550000000000005,749.6672393357755,1568.3710471018583,2533.678136626054,4008.326252028696,4853.517570602059
0.6600000000000005,689.9044143605438,1564.5771010576525,2510.335035475513,3947.7434859905275,4931.113280937565
0.6650000000000005,683.4076919680573,1547.0931274584693,2523.360067015545,3893.6227289639937,5038.841428786156
