0.025,1203.9934825864332,2274.943660369534,3916.9791513470277,4481.896413573146,--undefined--
0.030000000000000002,522.0919186827437,1563.0651682157963,2873.9195917197003,4129.839604023036,--undefined--
0.035,398.953760769488,1387.0982996515813,2514.3501719673063,4008.209384972059,--undefined--
0.04,481.83287331632846,1516.229271148504,2388.971497953262,3929.3638155545873,--undefined--
0.045,515.0480531520627,1700.9980974241666,2253.0297735989316,3819.325664761172,--undefined--
0.049999999999999996,432.8979054330804,1720.6538411023137,2227.854037759411,3790.489776607439,5293.973097369146
0.05499999999999999,454.6041410802304,1994.4277796931462,2750.238774388437,4969.790406606325,--undefined--
0.05999999999999999,404.08482429726985,1142.767604722756,2920.5320908696785,5302.669096324893,--undefined--
0.06499999999999999,386.7698806519385,470.03687056574205,2952.9872210957246,5266.425051508095,--undefined--
0.06999999999999999,425.0148253876014,479.9585796972153,2980.829915163626,5198.674749040007,--undefined--
0.075,416.9301267071459,495.96300482925045,2982.770427070549,5148.127002066447,--undefined--
0.08,405.6028325352293,490.43253603684127,2969.1768610221043,5133.387873323297,--undefined--
0.085,376.2575769763821,483.50731904256685,2957.383985927726,5139.0146901979915,--undefined--
0.09000000000000001,350.0743020821527,477.6840243223076,2958.685518328995,5129.210259266164,--undefined--
0.09500000000000001,324.8407710545036,474.7263610026254,2972.381082602855,4848.116598607848,5175.102084484696
0.10000000000000002,264.1504907379323,476.2786417434147,2981.808942796864,3712.086609607107,5186.006516678265
0.10500000000000002,433.3540984005907,2412.30590178088,3415.2130677082996,4850.626560821635,--undefined--
0.11000000000000003,484.9454490698482,2936.994721333387,3516.4416066373988,5184.589420568252,--undefined--
0.11500000000000003,488.78002837604373,2884.7436590186676,3494.6209004190378,5183.256945058009,--undefined--
0.12000000000000004,491.9136970080491,2820.435430088255,3486.542494301535,5177.713270706854,--undefined--
0.12500000000000003,494.0408856903007,2779.692984505406,3493.642856021224,5172.137240071686,--undefined--
0.13000000000000003,495.8545893316467,2743.637797002988,3506.6029439116196,5172.110456536834,--undefined--
0.13500000000000004,496.9556537584331,2737.004126399454,3512.643841003305,5169.5787017288885,--undefined--
0.14000000000000004,497.6971064176017,2741.482120359468,3511.433634662914,5160.922377292988,--undefined--
0.14500000000000005,498.25993998476616,2741.8077163084886,3502.642534415494,5145.036968787582,--undefined--
0.15000000000000005,498.5512076090618,2728.0482898866035,3485.0686340465427,5123.777480874439,--undefined--
0.15500000000000005,498.58423293835966,2720.91647603631,3459.15537287176,5103.727489310104,--undefined--
0.16000000000000006,497.7317007813961,2725.4296352941346,3384.428141626686,5089.748515498327,--undefined--
0.16500000000000006,495.66824148136806,2837.647847374799,3283.803253865804,5080.056064084506,--undefined--
0.17000000000000007,492.48869539026526,3007.299200293942,3244.134147602041,5079.127855169467,--undefined--
0.17500000000000007,488.8131829979303,2976.947718262235,3444.7216843643014,5101.024712552017,--undefined--
0.18000000000000008,483.4119388539135,2962.7198862835007,3606.1913769088874,5116.234524640839,--undefined--
0.18500000000000008,478.39033224737835,2916.8175103509657,3607.350239383228,5111.99495556598,--undefined--
0.19000000000000009,473.81534641032476,2890.1313804931137,3547.0060854982057,5097.713902579738,--undefined--
0.1950000000000001,469.626540878033,2933.9129959266115,3494.7133330405263,5084.932615418345,--undefined--
0.2000000000000001,465.6843240456137,3100.8657966540018,3472.7471492241625,5087.7076615598035,--undefined--
0.2050000000000001,465.53162441508334,3029.8955416192202,3633.8446013051457,5097.511006630294,--undefined--
0.2100000000000001,471.4429940709413,2986.877235296066,3647.024535239783,5098.116406708516,--undefined--
0.2150000000000001,482.4701825223898,2968.8428865144847,3717.400351855405,5089.727647561803,--undefined--
0.2200000000000001,494.54064632755563,2960.373088179926,3850.006599814038,5078.396282007307,--undefined--
0.22500000000000012,499.26617430211934,2939.4992789872067,3751.4681065882432,5077.734549939104,--undefined--
0.23000000000000012,495.1200911189879,2951.667651703112,3569.652011601082,5084.534766829148,--undefined--
0.23500000000000013,492.7585830340597,2786.5409957436927,3195.8200643679443,5080.271403674848,--undefined--
0.24000000000000013,490.6004410792796,2409.8452648478237,2962.9409575397235,5079.229007323815,--undefined--
0.24500000000000013,486.1613347109933,2032.9631582802272,2958.134421544762,5083.793331521608,--undefined--
0.2500000000000001,476.0038367600618,2210.2577814262463,2920.3624267738996,5078.721415289975,--undefined--
0.2550000000000001,469.0528647995209,1835.6897811323154,2929.159255981877,5084.468145174996,--undefined--
0.2600000000000001,458.04280395299224,1722.5810646038585,2912.9550393313552,5084.964616492758,--undefined--
0.2650000000000001,443.50320017655537,1838.5460597843794,2900.67443992563,5081.222268213916,--undefined--
0.27000000000000013,427.1780273261887,2042.2751555253096,2910.9271594669576,5076.26584607951,--undefined--
0.27500000000000013,412.16313971775645,2074.1658924493904,2945.4771524039566,5075.2801396160685,--undefined--
0.28000000000000014,418.550510757668,2308.2617051561447,2901.9081106254243,5100.790906592479,--undefined--
0.28500000000000014,439.9140914404063,2682.0533886041044,3403.0733090924346,5109.145793203956,--undefined--
0.29000000000000015,459.9753101257664,2917.5897018387564,4275.434740920469,5109.944352633654,--undefined--
0.29500000000000015,474.1439753661335,2932.214336471149,5093.599493503735,--undefined--,--undefined--
0.30000000000000016,494.15253596150103,2912.0432453087888,5096.417420311584,--undefined--,--undefined--
0.30500000000000016,491.82900022322264,2896.2379370500985,5099.805176644805,--undefined--,--undefined--
0.31000000000000016,497.0117095412969,2908.8206804697456,4407.896918178653,5114.628113209952,--undefined--
0.31500000000000017,505.2875436668406,2923.968382651516,3770.1144801597097,5120.984957103696,--undefined--
0.3200000000000002,512.4046959881568,2934.2822190385095,3603.4963648639887,5133.371787527141,--undefined--
0.3250000000000002,515.5370015277874,2959.6892103304353,3837.0677935181734,5142.133757504287,--undefined--
0.3300000000000002,514.9053379906866,1897.73705457808,3170.0055790021192,5111.389972358341,--undefined--
0.3350000000000002,511.92370274933523,1796.8562356998812,2981.6251525207226,5103.354028123669,--undefined--
0.3400000000000002,510.4609393117055,2059.3202404274325,2983.2031367102045,5100.3601280037055,--undefined--
0.3450000000000002,509.5769778914783,2203.582396868736,2985.632351000298,5091.975994620248,--undefined--
0.3500000000000002,501.50529181441954,1997.17115265921,3000.84635945581,5080.540347796542,--undefined--
0.3550000000000002,496.9817288789405,2803.3395205294205,3290.3617617676805,5108.080112430157,--undefined--
0.3600000000000002,481.04726956587683,3058.111531118063,3204.130992534458,5127.290612979031,--undefined--
0.3650000000000002,464.0740083743159,3059.710167289677,3070.8754214328046,5127.4481692028185,--undefined--
0.3700000000000002,450.9696181750617,3017.74316563869,3039.853867237378,5112.182789014112,--undefined--
0.3750000000000002,438.3101875676074,2946.9030338262814,2979.200641828083,5103.095757587746,--undefined--
0.3800000000000002,443.48225709636694,2766.3180703274465,2968.6851820536162,5106.823872249938,--undefined--
0.38500000000000023,449.0112787600713,2788.5487354695833,2960.565814368498,5108.611030414273,--undefined--
0.39000000000000024,456.3959892733027,2854.7969969755004,2974.238793289679,5118.262442469029,--undefined--
0.39500000000000024,462.77223478100404,2862.9090841697594,3020.1743272017497,5128.132621038061,--undefined--
0.40000000000000024,458.2689271466655,2803.10187004406,3095.5005410880362,5104.949145441698,--undefined--
0.40500000000000025,460.9245050404922,2981.418647562974,3114.215565293366,5116.041334402014,--undefined--
0.41000000000000025,461.9573933906796,3060.1461174040296,3109.4817218662424,5137.562605593631,--undefined--
0.41500000000000026,464.06140768482743,3091.5507445625694,3120.0049979547903,5144.833647920852,--undefined--
0.42000000000000026,394.5465405495562,2636.939969738381,3134.474814268522,4800.379524481511,--undefined--
0.42500000000000027,69.16705341089613,518.4612783671464,3071.243221031084,3302.092010150566,5119.97886310408
0.43000000000000027,372.3518246126558,2499.355996083098,3134.4216460189177,4714.425848685864,--undefined--
0.4350000000000003,465.1917601434842,3101.6223313433225,3141.2619683902785,5135.134707471391,--undefined--
0.4400000000000003,468.1476532334169,3089.5836971289427,3124.43641446592,5146.006615437772,--undefined--
0.4450000000000003,470.9391327577245,2985.795015901653,3097.5580859078777,5151.518161709883,--undefined--
0.4500000000000003,484.2168102244902,2733.73589330773,3038.8051731708515,5138.870965330535,--undefined--
0.4550000000000003,484.35523667921507,2421.4163192330466,3023.2619491312694,5131.782622593163,--undefined--
0.4600000000000003,493.02774727764205,2570.7647406959177,3005.9298463004566,5131.321193989792,--undefined--
0.4650000000000003,497.64465416670413,2843.486249911313,3050.7269382115655,5143.615938942623,--undefined--
0.4700000000000003,495.89593218744983,3001.344314146491,3120.628257333992,5165.592507182371,--undefined--
0.4750000000000003,500.86095366993004,2968.013774564645,3033.071390129448,5181.4653567651185,--undefined--
0.4800000000000003,500.40347176907034,2943.9840586018718,3026.918764681889,5180.957232264954,--undefined--
0.4850000000000003,492.8087792428582,2896.5337612279723,3010.9662551225497,5179.146671466807,--undefined--
0.4900000000000003,487.6112236170944,2781.807392093631,3003.2380117487683,5180.840107029359,--undefined--
0.49500000000000033,485.0072180818338,2592.0340089108295,3007.4660325002383,5182.184171775257,--undefined--
0.5000000000000003,471.8077528710241,2366.546364901053,3003.6554631702966,5167.494299781746,--undefined--
0.5050000000000003,466.60088470840344,2152.728791427897,3011.0068540994994,5169.95140724579,--undefined--
0.5100000000000003,450.2059899953114,2075.742149089441,3028.282434596338,5180.805178309019,--undefined--
0.5150000000000003,441.6408099739375,2028.6257856233688,3041.195734698331,5167.169698938869,--undefined--
0.5200000000000004,449.3164197415429,1986.034688650891,3047.9373272847565,5079.41891341594,--undefined--
0.5250000000000004,466.29711622005004,2045.5949074402035,3064.3258765450037,4840.425247382547,--undefined--
0.5300000000000004,455.34185446466654,2135.5910588774923,3263.3402692484433,5047.341110804754,--undefined--
0.5350000000000004,414.87607073948476,2086.5342491386014,3425.3605561580875,4988.905229354931,--undefined--
0.5400000000000004,394.59459118947154,1943.7187715802909,3032.9275401463346,4440.211259719222,--undefined--
0.5450000000000004,419.5878021825901,1793.433930353389,2353.7095667510753,3666.7837602539716,4723.717832451921
0.5500000000000004,481.39307770756744,1772.926340264389,2760.1219884298575,3597.879726913729,4665.586175187647
0.5550000000000004,454.30484579748935,1833.3389983091758,2634.649237852443,3505.969732309018,4620.2792167765865
0.5600000000000004,429.7316007369678,1894.2000266222715,2440.290264832054,3642.265735135192,4707.2368738764135
0.5650000000000004,431.3392570407104,1866.8148064494897,2440.9000899020516,3978.3786464756954,4779.601633007544
0.5700000000000004,447.8121467504632,1746.5844124869363,2651.0386077328594,4312.667520391343,--undefined--
0.5750000000000004,422.01155141050214,1642.2921257807664,2755.1076199310114,4206.171209400288,5047.610694138283
0.5800000000000004,1571.622791249618,2112.811922838907,3325.32002597406,4603.846596255018,--undefined--
0.5850000000000004,1724.7459215640665,2174.392764833414,3530.020730127873,4738.917190280502,--undefined--
0.5900000000000004,1598.2017698480533,2121.2894267033735,3561.636522360477,4754.3797720801485,--undefined--
