0.025,588.7393061991247,1497.5489982085076,2707.697869231944,3890.2126992500293,4797.748350882859
0.030000000000000002,900.1727501514795,1988.7361130273052,2931.475916337639,4062.0389147421724,--undefined--
0.035,1063.7228660296034,2205.4591714099543,3056.1982624854422,4120.9871789191575,--undefined--
0.04,1094.9307529871462,2195.7233646763566,3091.442879745786,4098.776238813483,--undefined--
0.045,1161.6803792747628,2276.656311852215,3137.2845723130754,4130.986780689178,--undefined--
0.049999999999999996,1411.4236378392993,2786.7945209784148,3156.7586973616612,4355.067542081588,--undefined--
0.05499999999999999,1537.1853424931055,2932.937364404488,3794.66367487792,--undefined--,--undefined--
0.05999999999999999,1457.8163630998845,2568.5753094163983,3804.5238292213435,--undefined--,--undefined--
0.06499999999999999,1344.753356516016,2207.782090618561,3492.226923228579,4586.827548176493,--undefined--
0.06999999999999999,1400.9177158242494,2425.6128001743805,3534.7996768047146,4962.932371031918,--undefined--
0.075,1406.8796204179632,2554.7297513195085,3544.2184666421927,4718.423882764927,--undefined--
0.08,1369.9985565596628,2651.931096073692,3658.4832609394753,4706.999538361185,--undefined--
0.085,1399.3919232190492,2714.0605983803525,3777.7159458320007,4858.48021954378,--undefined--
0.09000000000000001,1463.983599395486,2629.6235732214654,3826.15834285801,5035.556698689387,--undefined--
0.09500000000000001,1490.5737686518594,2324.2905882305395,3747.4039148713805,5052.323625540204,--undefined--
0.10000000000000002,1439.7531090223654,2226.108487022762,3563.609287906487,4559.3945578213015,--undefined--
0.10500000000000002,1422.1141950067251,2328.079329149432,3500.7647639964052,4546.614294748157,--undefined--
0.11000000000000003,1402.1947929807895,2530.040236358964,3413.2209367779005,4589.578540654261,--undefined--
0.11500000000000003,1361.1813078786088,2618.415410033971,3313.782137255414,4587.597005209105,--undefined--
0.12000000000000004,1294.3437526256794,2425.9462288224404,3263.3562063127324,4539.348118168784,--undefined--
0.12500000000000003,1261.0773278372355,2416.662451707732,3308.986012721242,4450.002528556336,--undefined--
0.13000000000000003,1310.9221909094774,2333.9435424437274,3260.7760735766615,4390.229616952636,--undefined--
0.13500000000000004,1389.4632291518496,2323.543840886023,3435.4928422624557,4484.656214942005,--undefined--
0.14000000000000004,1471.739319513347,2315.891178488478,3604.499960106765,4537.3646319802465,--undefined--
0.14500000000000005,1530.8251269662114,2220.607340277943,3495.9485934806726,4368.708789263818,--undefined--
0.15000000000000005,1463.9061727346002,2318.692131486921,3860.73954515601,4720.463582227636,--undefined--
0.15500000000000005,1586.6762667638427,2726.819837302286,4331.635828029987,4862.25832675441,--undefined--
0.16000000000000006,1637.7293594840912,2921.1263548682523,4539.943344361873,4878.677091233297,--undefined--
0.16500000000000006,1565.3930410722141,2847.215649228656,4294.537636952874,4809.681326230663,--undefined--
0.17000000000000007,1406.89968385546,2619.6331434391814,3601.694513358373,4686.065093384201,--undefined--
0.17500000000000007,1341.6736119958648,2425.282163799612,3398.0905876554975,4519.005199617813,--undefined--
0.18000000000000008,1377.9134313338948,2399.4242937032072,3445.5641132202118,4720.302712307502,--undefined--
0.18500000000000008,1403.3854349119765,2424.1494829389826,3504.5880847971102,4810.673355742649,--undefined--
0.19000000000000009,1399.0102330268367,2416.7304461481353,3475.9323936266346,4707.351511051077,--undefined--
0.1950000000000001,1379.2114453475724,2323.145690866558,3338.108255179531,4487.175656400833,--undefined--
0.2000000000000001,1386.7984303877404,2235.442640524055,3322.0012193964753,4445.9509805028365,--undefined--
0.2050000000000001,1459.3408175714596,2222.188867663354,3223.5625065555255,4329.028818981831,--undefined--
0.2100000000000001,1415.9024516596019,2599.582608846549,3432.131883256694,4381.731974457808,--undefined--
0.2150000000000001,1265.5992163388466,2909.608054733879,3713.3815624570316,4569.55252657582,--undefined--
0.2200000000000001,1098.6443258605932,2595.51181307462,3671.806791931831,4720.334342627225,--undefined--
0.22500000000000012,1124.516410333034,2272.3523575823288,3250.2679297569653,4340.3422945544535,--undefined--
0.23000000000000012,1232.1793222762528,2140.6654864246307,3095.74088013912,4159.49231753904,--undefined--
0.23500000000000013,1279.0722712989063,2299.207716480266,3118.112096871041,4187.555443976379,--undefined--
0.24000000000000013,1269.3063713935824,2486.622555688462,3241.301616935807,4300.72157495948,--undefined--
0.24500000000000013,1256.0325829312833,2420.197719505159,3402.474182230338,4375.6071193144435,--undefined--
0.2500000000000001,1293.66999520981,2596.3710961517486,3680.654229212158,4687.588151478911,--undefined--
0.2550000000000001,1277.881385159485,2651.298807234012,3658.0478292483244,4593.863388312825,--undefined--
0.2600000000000001,1214.6497140970382,2608.439666506761,3586.848482692945,4424.953652770841,--undefined--
0.2650000000000001,1171.759167521704,2534.5016719862606,3608.754552338591,4370.958935622721,--undefined--
0.27000000000000013,1210.626252070049,2495.8292914831613,3765.8288738439287,4527.209744217442,--undefined--
0.27500000000000013,1187.5652620661638,2418.4298313879767,3598.430833806781,4592.829305084313,--undefined--
0.28000000000000014,1185.8694457024692,2364.2041553640743,3508.6976781566655,4471.095147390345,--undefined--
0.28500000000000014,1176.8746998469055,2359.659996690492,3485.243158131349,4456.555401408553,--undefined--
0.29000000000000015,1238.8729159220788,2382.1928291484337,3425.50345235674,4486.83047773138,--undefined--
0.29500000000000015,1429.0622003511771,2410.893243501206,3249.1488508564275,4427.688350471289,--undefined--
0.30000000000000016,1401.2165727644306,2574.577882562968,3275.190350937996,4476.860709119382,--undefined--
0.30500000000000016,1469.3569934347613,2504.0991304561608,3219.8994839310526,4428.108048234762,--undefined--
0.31000000000000016,1422.5852091416507,2492.755518929036,3130.6225981396888,4378.297049826143,--undefined--
0.31500000000000017,1310.299008715319,2514.50167372368,3154.085755036685,4337.016879298913,--undefined--
0.3200000000000002,1228.6037185246005,2456.137541049573,3389.927906041068,4281.794523959803,--undefined--
0.3250000000000002,969.8784563482251,2312.6962834933515,3352.770846294393,4150.976819744808,--undefined--
0.3300000000000002,859.2774822681449,2193.2678998155156,3290.307779407311,4047.4652599818555,--undefined--
0.3350000000000002,826.6447995632122,2139.926169270173,3268.4436030942375,3986.3006954261627,--undefined--
0.3400000000000002,826.5157481051236,2137.6737007709917,3292.562669673689,3983.7727006900714,--undefined--
0.3450000000000002,822.6300185435732,2150.8768606105714,3331.33551715282,4043.8547287096535,--undefined--
0.3500000000000002,820.8244673653675,2149.916909791485,3234.973617061156,4097.257547281498,--undefined--
0.3550000000000002,766.0139508615268,2181.0864194728533,3470.6800862480186,3928.36460901788,--undefined--
0.3600000000000002,716.7924590144588,2129.5385723412314,3473.6775974864713,3771.673660221845,--undefined--
0.3650000000000002,684.3661582768209,2096.5328473638874,3422.7653108397167,3777.5498211953627,5105.846404987141
0.3700000000000002,670.2675469957871,2198.3628472679643,3607.7412181727304,4002.432455559081,--undefined--
0.3750000000000002,718.8832697496217,2135.059379942369,3333.742648081477,4015.1352844833073,--undefined--
0.3800000000000002,745.5692252627305,2132.717629831734,3224.6026461599718,3969.4135853248663,--undefined--
0.38500000000000023,695.0754764084988,2093.2671904450367,3108.208135778327,3934.760846254955,--undefined--
0.39000000000000024,648.2038654768089,2075.2018403912343,3033.972941751114,3889.0265514851826,--undefined--
0.39500000000000024,699.5794652774038,2158.1058351100933,3091.219709102689,3786.086424809971,--undefined--
0.40000000000000024,706.4286609760311,2207.0722357396394,3159.1958285121527,3612.7758272999527,--undefined--
0.40500000000000025,635.4418589164469,2083.8103071719106,3041.123837736225,3713.197775207519,--undefined--
0.41000000000000025,634.2266620281322,2053.780095933988,2977.813673658359,3812.471871486434,--undefined--
0.41500000000000026,680.3586827383687,2094.2120287153416,2990.7745725379596,3877.8609778975615,--undefined--
0.42000000000000026,704.3766894325871,2112.462618656101,3028.2998608591047,3936.1363600934656,--undefined--
0.42500000000000027,707.0224535623586,2201.69647474589,3025.348151778857,3891.9845030785814,--undefined--
0.43000000000000027,699.9253062237315,2420.3327318866764,3198.747907081048,3950.9815580202726,--undefined--
0.4350000000000003,682.8225454789559,2469.0005310890638,3320.03076961567,3982.777146446647,--undefined--
0.4400000000000003,670.5996924020525,2402.881118027316,3375.6150376255578,--undefined--,--undefined--
0.4450000000000003,678.2970990224558,2372.7214485830546,3433.314090706122,--undefined--,--undefined--
0.4500000000000003,684.380284545295,2352.918657022401,3650.9416132668975,--undefined--,--undefined--
0.4550000000000003,692.3388003906019,2382.698691646025,3534.9064677620427,--undefined--,--undefined--
0.4600000000000003,702.4967296931045,2388.942043468932,3499.943094693938,--undefined--,--undefined--
0.4650000000000003,710.6058714494291,2363.1489565386587,3559.1812540117708,--undefined--,--undefined--
0.4700000000000003,711.8541196859653,2323.6649076656013,3599.2247141570565,--undefined--,--undefined--
0.4750000000000003,708.11361059747,2329.2855194396125,3525.3010096246267,--undefined--,--undefined--
0.4800000000000003,702.7020923864126,2277.5753597238204,3436.909372163268,4463.404992821557,--undefined--
0.4850000000000003,699.0879442767433,2261.2515519136573,3409.8270457645604,4380.166546508562,--undefined--
0.4900000000000003,697.3548291573278,2293.738951068623,3461.294086009981,4413.265828920106,--undefined--
0.49500000000000033,695.9706026851069,2357.854297565925,3507.5634918812343,4668.5054297911365,--undefined--
0.5000000000000003,689.8719667267376,2408.713451925003,2858.289600764439,3857.676079284139,--undefined--
0.5050000000000003,686.8006426430076,2410.668819280674,3204.890224095101,--undefined--,--undefined--
0.5100000000000003,681.7304403293301,2352.8626203563276,3331.4118572939433,--undefined--,--undefined--
0.5150000000000003,672.753410793381,2284.129092595111,3217.5611405851123,--undefined--,--undefined--
0.5200000000000004,660.1582827406285,2274.337585086263,3187.565654433424,4645.672434948374,--undefined--
0.5250000000000004,652.3910949184283,2394.637353379457,3276.4681175990345,5282.948312176159,--undefined--
0.5300000000000004,641.7316746806678,2338.718158740334,3184.8153976242643,--undefined--,--undefined--
0.5350000000000004,629.4242402543717,2265.7421172318755,3098.463392571097,--undefined--,--undefined--
0.5400000000000004,611.6689488922277,2214.779515679173,3053.162147990053,4698.493291012205,--undefined--
0.5450000000000004,586.4523494635596,2188.427678366702,3039.7718318493385,--undefined--,--undefined--
0.5500000000000004,575.8737210304932,2192.0877307823903,3068.6637495331765,--undefined--,--undefined--
0.5550000000000004,576.9124065265174,2180.48629310412,3034.215998364756,4765.259783718126,--undefined--
0.5600000000000004,567.3345514952473,2187.2019188414283,3016.2955226392337,4801.196717580312,--undefined--
0.5650000000000004,556.0852453034677,2201.4179442500836,3012.904617694801,4830.423691974566,--undefined--
0.5700000000000004,559.1761594150986,2202.3496443587733,3003.70275822822,4802.538627842196,--undefined--
0.5750000000000004,569.8393511982239,2204.396580220363,3028.6756117914238,--undefined--,--undefined--
0.5800000000000004,556.3844814672415,2283.568448375693,3068.8899470259234,5283.549520257654,--undefined--
0.5850000000000004,486.4248656081304,1475.5720793895161,2718.2951387183753,4263.769914394684,--undefined--
0.5900000000000004,450.5007022114852,544.2520839342113,2313.752057673723,3136.6147238575845,5271.353146412456
0.5950000000000004,534.1697534067205,570.8540728457128,2328.5381969396394,3133.488034237308,5255.1923748572835
0.6000000000000004,483.9657621407234,707.2459863486414,2403.3360930518907,3049.9701530955035,5239.792678608558
0.6050000000000004,470.27130596720326,736.1090193137061,2418.620016354096,3027.4270975347054,5249.065000707068
0.6100000000000004,482.5909542006376,711.1579377526062,2403.331561975733,3017.8396444816744,5261.60721371228
0.6150000000000004,499.158396719005,673.3770785664228,2395.6720935694234,3027.9347555401323,5260.998424365955
0.6200000000000004,499.33646453623646,655.3715584769176,2424.6808516407477,3070.8604494017245,5234.813157702578
0.6250000000000004,506.3789118688835,636.8734143141959,2419.4532885742365,3087.523709552371,5187.807025216432
0.6300000000000004,529.9804192518212,601.0264321393804,2399.6460286996403,3126.6849660025796,5181.980019301345
0.6350000000000005,526.2275909802117,576.7879208331649,2382.6506960723505,3128.8257870553107,5224.339210392398
0.6400000000000005,473.3776886947311,576.0521337284357,2363.71196633899,3098.9253851215135,5267.233238290887
0.6450000000000005,374.1973312565604,598.858933778586,2337.0583896209155,3063.234574907772,5253.239281394854
0.6500000000000005,349.74927182211286,602.5412646778606,2341.97864915579,3041.7880563697936,5193.135534920068
0.6550000000000005,388.7214963875513,605.9768228908387,2375.4732851651456,3082.5170356091376,5208.567476594248
0.6600000000000005,423.6757389756175,618.8411191843041,2397.8800359493102,3129.9809712465026,5253.639187659613
0.6650000000000005,413.091426686457,634.4682561469247,2412.272530779018,3142.3349051477694,5266.631423983759
0.6700000000000005,342.8501440135434,643.6532576746232,2432.0610816988824,3095.917262856031,5202.6604632858025
0.6750000000000005,338.111890207732,659.6489205255833,2444.237809545059,3069.7074338362904,5186.109986307855
0.6800000000000005,537.9876863166986,1843.9336685380686,2799.657200528359,4507.046253559158,--undefined--
0.6850000000000005,633.6286501523101,2404.8069737278693,2964.382558541116,5192.042133938182,--undefined--
0.6900000000000005,553.6413770113752,1912.8256532986927,2791.6434086031504,4567.103618204947,--undefined--
0.6950000000000005,368.0240165393375,766.7287395320056,2404.253567841591,3112.6655671891626,5159.559257156819
0.7000000000000005,608.0134974772508,2125.8297006332064,2961.70506631329,4896.167310975492,--undefined--
0.7050000000000005,660.0288372050362,2335.535850838775,3041.716259856041,5159.839762104245,--undefined--
0.7100000000000005,661.5123719498565,2369.1532159459066,3025.446941384457,5139.531136302027,--undefined--
0.7150000000000005,655.5178542179005,2394.7828703155888,3005.5290483902263,5136.239458036203,--undefined--
0.7200000000000005,656.1872765355946,2358.0416565609794,2991.0995479239045,5165.966976801148,--undefined--
0.7250000000000005,661.9117457864845,2342.5687659083533,3001.831824242043,5181.403878719913,--undefined--
0.7300000000000005,662.244070057928,2376.6159688826247,2975.96007631804,5177.05220465657,--undefined--
0.7350000000000005,650.7955840662457,2389.38119875748,2965.757619022997,5166.664784417835,--undefined--
0.7400000000000005,636.9377461656137,2384.7798839734323,2956.3758824223273,5144.294808733401,--undefined--
0.7450000000000006,632.171922281585,2385.1281169527742,2917.5921438687765,5117.438399953781,--undefined--
0.7500000000000006,623.1537667127736,2367.8230636423446,2864.3013528125052,5239.810125156647,--undefined--
0.7550000000000006,618.5185775579575,2363.921738928756,2957.6710836325587,5169.380165102928,--undefined--
0.7600000000000006,367.07823348740624,1523.9018082083994,2697.0233025654547,4185.536676545624,--undefined--
0.7650000000000006,230.30712903779965,1101.7733278300816,2570.2302627475046,3704.044679847503,5118.20783524977
0.7700000000000006,599.5971056863818,2450.6978301052336,3121.7169306570877,5187.191583842138,--undefined--
0.7750000000000006,597.8377535551698,2549.410787378306,2914.950293820181,5234.167481434938,--undefined--
0.7800000000000006,588.2191217841151,2652.926321101345,2777.4230825044233,5201.749865701857,--undefined--
0.7850000000000006,579.2980269687959,2634.9235633196017,2857.648496547117,5122.113580099962,--undefined--
0.7900000000000006,578.9733676359623,2526.375668836757,2991.753203459918,5018.842035936179,--undefined--
0.7950000000000006,592.5512887548269,2416.08583896359,2963.058997314107,4929.558809209809,--undefined--
0.8000000000000006,608.9148156276335,2411.975378555427,2962.3365007792995,5001.953777029681,--undefined--
0.8050000000000006,603.0509367904122,2497.0314426205564,2985.7293307933637,5048.277130143543,--undefined--
0.8100000000000006,599.2479151452951,2560.1514757517343,2861.2596174825476,4659.6248488399315,--undefined--
0.8150000000000006,602.667145735089,2551.6721233672993,2798.965960598906,4434.344884774271,--undefined--
0.8200000000000006,611.3533291546212,2477.896181206981,3001.787335781028,5018.543722180626,--undefined--
0.8250000000000006,615.8776178329333,2610.026992311465,2682.548824020284,4947.96515393929,--undefined--
0.8300000000000006,587.5097314669747,2506.2237340895863,2679.419406330048,4579.560399788919,--undefined--
0.8350000000000006,580.7390749129961,2463.207754286417,2695.7984989035394,4234.216462458516,--undefined--
0.8400000000000006,587.1917593041538,2427.0518786533767,2730.960325964947,4059.202948127705,--undefined--
0.8450000000000006,584.1217307216373,2285.9658080403515,2848.491055707229,4111.35401277131,--undefined--
0.8500000000000006,595.9146129886346,2331.709714314523,2916.8547225761918,4203.80662395525,--undefined--
0.8550000000000006,589.9525484076997,2382.4692420818624,2934.052962812832,4264.967580766066,--undefined--
0.8600000000000007,594.4342845735133,2393.624845542522,2884.56085851793,4199.0258761494915,--undefined--
0.8650000000000007,625.7657049079892,2485.820498369975,2813.6042345194064,4080.006493011745,--undefined--
0.8700000000000007,685.5640186610241,2758.0488627574455,2861.4546265533236,4024.2682232571447,--undefined--
0.8750000000000007,697.960324658271,2756.1175048892437,3734.50414985934,--undefined--,--undefined--
0.8800000000000007,693.9763946621629,2641.938332205215,3301.932995636543,3959.9483781074723,--undefined--
0.8850000000000007,692.5343239651633,2514.0833082176364,3088.0162087754306,3961.7638285625767,--undefined--
0.8900000000000007,700.4441148364425,2429.0092358755433,3122.1465063853657,4019.5806543587955,--undefined--
0.8950000000000007,714.7032688767966,2421.1683750697516,3022.5214052791316,4174.1168354523115,--undefined--
0.9000000000000007,687.9784574930777,2460.1082807986127,2892.239343387623,4250.415650178313,--undefined--
0.9050000000000007,677.5504197514225,2576.31476083891,2893.042387652478,4359.510144554466,--undefined--
0.9100000000000007,675.8858772762629,2723.797552627571,2875.438981257517,4490.494679690838,--undefined--
0.9150000000000007,691.7280384155254,2834.70004017622,2988.708209697981,4672.182499088475,--undefined--
0.9200000000000007,731.784315876285,2853.846948777407,3377.175326249053,4910.157033486267,--undefined--
0.9250000000000007,754.7343876534092,2877.0846711918266,3461.2115673122303,4953.611757920618,--undefined--
0.9300000000000007,741.7691152060298,2825.4601531603676,3378.054693748969,4938.600309772832,--undefined--
0.9350000000000007,709.0540331598158,2470.636779355686,3194.0988355216664,4662.765936330847,--undefined--
0.9400000000000007,640.4982260062241,1742.9644088016519,2973.909218922928,4228.085576411786,--undefined--
0.9450000000000007,546.8121788018857,778.0021180538081,2803.4657058147845,3856.6375785714804,4965.061605148443
0.9500000000000007,708.789122691885,752.3302765053759,2901.5140647016538,3866.9574625078435,4892.706735513975
0.9550000000000007,730.9643905159759,783.5615209600771,2871.588108472814,3764.599855988523,4847.592192234935
0.9600000000000007,775.1140551287735,1641.481847733638,3152.4097863039715,4273.76780857609,4831.301587669766
0.9650000000000007,823.4356340524579,2586.7271664809114,3473.879025181436,4891.560055269802,--undefined--
0.9700000000000008,801.9772118520821,2486.289777620875,3386.6642386038734,4784.992824869063,--undefined--
0.9750000000000008,636.1532029687772,1003.2499507002714,2836.4809909018177,3681.571834211719,4891.269878541576
0.9800000000000008,650.2943955372842,968.7875226901189,2812.7064169940463,3542.3553153274715,4842.723822876759
0.9850000000000008,673.7190793155938,1165.8554155687125,2916.8826523128105,3510.8444455227323,4819.6210924905545
0.9900000000000008,677.9756831326561,1393.145378674522,3031.666365336719,3549.3549444545133,4819.968257629684
0.9950000000000008,676.0229038132309,1692.1135041822777,3111.819689921169,3796.2203349234487,--undefined--
1.0000000000000007,662.0161419085824,1644.485654852108,3041.8459275925165,3854.064993646775,--undefined--
1.0050000000000006,655.4335412651656,1587.4705588906588,3002.34279752073,4007.325657730219,--undefined--
1.0100000000000005,673.2726166666345,1340.672466548196,2952.041371380847,4104.9637000798575,--undefined--
1.0150000000000003,697.574150425282,1189.900715577558,2875.2885387163974,4085.684438814689,4939.933567235793
1.0200000000000002,701.0748264052888,1455.1278393681982,2787.958756704913,3942.1801323593745,4856.370842582815
1.0250000000000001,675.9924348104494,1580.3921125701902,2879.902912169739,3830.1880516854744,4932.441801714398
1.03,652.4792719875214,1557.8494998434198,3014.617323481953,3831.580398307825,5073.419103200304
1.035,602.4309072760578,1583.9811930853784,3047.0222152415486,3823.0995480912766,5026.131408637756
1.0399999999999998,562.7704742281003,1689.7236398141085,3043.1777241116743,3684.1642707293627,4883.0705812566475
1.0449999999999997,581.2623348138327,1831.91645163242,3081.365385762578,3388.483161522523,4824.357964165376
1.0499999999999996,629.7591324465831,1818.7591651699806,2796.2516215987603,3600.8777295246564,4812.312687012364
1.0549999999999995,616.5860532203951,1811.6167803922872,2802.073268559001,3840.9549149674276,4844.432340232303
1.0599999999999994,624.9038342958821,1710.6000077395524,2899.83206577869,3908.0009609863687,4938.992496365942
1.0649999999999993,606.2253819301856,1532.9413643626149,2939.6613367281084,3884.0372576185932,5025.513506030826
1.0699999999999992,577.4166129569116,1458.064861699603,2922.121865109259,3916.3523797363787,--undefined--
1.074999999999999,1372.6707673439757,2596.770466658441,3907.3424363003683,--undefined--,--undefined--
1.079999999999999,717.8497411227903,2020.4517876919322,3352.929554511065,4241.232228185137,--undefined--
1.0849999999999989,652.214758476474,1844.7489949892704,3149.420173514626,4354.202003025115,--undefined--
1.0899999999999987,971.5685189824403,2054.8344198576424,3290.206224727112,4435.388596173251,--undefined--
1.0949999999999986,900.0857580746866,2045.4598338032506,3243.538785029791,4303.216313179792,--undefined--
1.0999999999999985,819.2669753716903,1901.1923747786673,3095.1850839581753,4128.693017924947,--undefined--
1.1049999999999984,752.8123421447076,1865.9414382856112,3182.6362721734085,4224.320333817064,--undefined--
1.1099999999999983,797.3716530139188,1970.338569584726,3309.3315485812905,4382.664539036894,--undefined--
1.1149999999999982,836.050507686472,1965.2469821914997,3270.6043540414025,4239.609977068115,--undefined--
1.119999999999998,732.8925450825348,1633.956929708,2928.32817866583,3573.163980442248,4803.837398479245
1.124999999999998,741.9305855471058,1690.5560446321497,2653.4802571101372,3584.1622040885363,4834.538951352631
1.129999999999998,765.7676743950561,1846.937445373332,2736.4931850201274,3626.8018253842342,4874.0338369125175
1.1349999999999978,772.6625472833724,1954.9564858213264,2674.253448182536,3684.04823540682,4934.099592938117
1.1399999999999977,758.5476677905529,2025.019862328805,2662.9813055611075,3666.0501735652197,4928.130807634939
1.1449999999999976,777.5220923208335,2130.100781750234,3019.6957374924323,3598.5614334804222,4785.633082719776
1.1499999999999975,1257.9102651071194,2428.345222332867,3305.1288412701147,4560.974016805752,--undefined--
1.1549999999999974,1245.75443898195,2415.7761586314205,3384.462906740997,4637.190929000606,--undefined--
1.1599999999999973,1154.898164917221,2289.244629746448,3317.5971657927125,4452.406374667944,--undefined--
1.1649999999999971,1074.1944993855054,2179.8878238166726,3192.768800994604,4296.846173353,--undefined--
1.169999999999997,1004.605569077602,2190.0549260687344,3116.9359653277197,4330.21712312792,--undefined--
1.174999999999997,1018.1769877918396,2326.208851034435,3219.687980160816,4428.9865712244555,--undefined--
1.1799999999999968,1034.514348481154,2377.6143096688593,3318.1775463084755,4503.037133465689,--undefined--
1.1849999999999967,1110.9772107278814,2425.319506225072,3400.436189783446,4383.165995602888,--undefined--
1.1899999999999966,1198.8883158257615,2492.2695602521508,3542.78339201195,4386.089384156147,--undefined--
1.1949999999999965,1243.0101856560789,2577.626071907462,3781.588101457983,4823.919271143952,--undefined--
1.1999999999999964,1408.7186950194243,2637.6663640575507,3643.4957352081874,4791.2054298113535,--undefined--
1.2049999999999963,1253.4051486730523,2352.504624679202,3477.2696357019327,4744.2033574844445,--undefined--
1.2099999999999962,1082.2809725723491,2272.376404883116,3506.89014027604,4682.908324402897,--undefined--
1.214999999999996,985.8006978706843,2358.818254149635,3626.9016859850717,4661.450822377917,--undefined--
1.219999999999996,976.1048871321467,2395.566736966987,3647.949370336893,4728.968130887096,--undefined--
1.2249999999999959,981.0530573309877,2283.9719794961566,3589.8610622591427,4772.065307313491,--undefined--
1.2299999999999958,1143.1225743289028,2220.430779079823,3404.896173087109,4660.959145255812,--undefined--
1.2349999999999957,1285.9600720760886,2395.528890756611,3401.304077823036,4602.100454693625,--undefined--
1.2399999999999956,1347.9517993338432,2660.056412173527,3553.056384239541,4627.23169171851,--undefined--
1.2449999999999954,1267.786045692045,2677.1017619895842,3659.7426456626513,4622.637173943858,--undefined--
1.2499999999999953,691.5677300984114,1553.9858460159332,3052.486971103525,3798.507986541488,4837.588946804022
1.2549999999999952,725.9216253391675,1776.8145976287108,2401.1754192460653,3598.5119150163564,4787.3659785852515
1.2599999999999951,896.9081043441266,2033.2245004138294,2778.0341039863542,4104.322782252685,4763.140782150232
1.264999999999995,1098.3656243235403,2214.1075936100933,3493.3800701140262,4710.784808789358,--undefined--
1.269999999999995,1301.8832212560196,2493.032622707041,3493.0660071264683,4708.156192984831,--undefined--
1.2749999999999948,1253.6831457100945,2367.5123103016413,3455.8102977843682,4433.439410876082,--undefined--
1.2799999999999947,1403.352729258806,2123.3458336829426,3244.8051831313915,4316.632206097593,--undefined--
1.2849999999999946,1047.084311293233,1820.7033009154118,3051.153575282499,4138.753925914103,--undefined--
1.2899999999999945,649.8682399349991,1687.2478911860492,2958.928599424084,4101.039971452712,4934.151770034383
1.2949999999999944,871.4049691777827,1921.8329049421948,2995.9000252467767,4417.016156913583,--undefined--
1.2999999999999943,948.6916231745145,2122.9476683592256,3035.4808427067974,4411.1235374534845,--undefined--
1.3049999999999942,974.3452636112156,2132.908984913281,3197.6010076723173,4398.87552452963,--undefined--
1.309999999999994,863.7395079249735,1854.761910048202,3073.8019152502306,4178.308853868378,--undefined--
1.314999999999994,855.7457733748774,1943.6189650913539,2944.0118656144887,4129.793720525025,4870.584072072085
1.3199999999999938,1159.442275695343,2895.2220384314815,3187.9388492955395,4616.4203831080595,--undefined--
1.3249999999999937,969.2822634369871,2186.3751318526374,3239.6674118847145,4463.594055233596,--undefined--
1.3299999999999936,845.0870069703221,1990.3465763453526,3276.5515281479775,4325.974326615807,--undefined--
1.3349999999999935,805.1119306456374,1760.8273906008849,3159.2916412788095,4144.437749977292,--undefined--
1.3399999999999934,1000.4394835267043,1871.589157273223,3274.822946672881,4204.420052730518,5027.755486077577
1.3449999999999933,1500.180190726096,2715.5858497981444,3963.5097131829457,4733.412778177883,--undefined--
