0.025,770.129430033596,2250.393773290767,3465.4906779107564,4245.812783599447,--undefined--
0.030000000000000002,802.8259324417644,2271.7086868873644,3494.468082476582,4253.468113001242,--undefined--
0.035,753.0357027372996,2270.9740800901386,3392.2217347640703,4268.2093398122615,--undefined--
0.04,414.46200669440697,2157.38014546735,2889.037307289066,4286.824986008529,--undefined--
0.045,387.8284049967183,1907.010116761653,3010.5945995768734,4445.444821864367,--undefined--
0.049999999999999996,392.3312786680022,1780.70189121535,3094.829541260268,4495.549509587919,--undefined--
0.05499999999999999,408.473339905393,1781.5887185978982,3064.188028036839,4480.114876939315,--undefined--
0.05999999999999999,431.1270269699633,1733.2498881874508,2954.1343806491946,4437.67338457455,--undefined--
0.06499999999999999,465.0006654648606,1349.9523187600134,2886.7656198336044,4404.158013054841,--undefined--
0.06999999999999999,505.1668777484789,1512.0363800751088,2948.486631022941,4329.756755119496,--undefined--
0.075,519.5302294070598,2322.209195648315,3718.0583072012596,--undefined--,--undefined--
0.08,512.6187052906921,2649.866358788453,4019.7016444407,--undefined--,--undefined--
0.085,500.2799831537524,2408.2807109089176,3588.3452583144426,4864.076865472504,--undefined--
0.09000000000000001,506.56491550969594,2266.936951428822,2854.69866697972,4186.542012176663,--undefined--
0.09500000000000001,511.93706797820454,1937.1602103203315,2883.8732791836424,4268.664775157923,--undefined--
0.10000000000000002,504.3763446327115,1575.9424075462164,2956.638773791042,4316.8421141113195,--undefined--
0.10500000000000002,494.3074137156188,1515.4723510754807,3049.33932142045,4367.06646402515,--undefined--
0.11000000000000003,490.04564718969306,1711.1914527356143,3103.370109574406,4416.58388879127,--undefined--
0.11500000000000003,497.9559049167773,1836.6633863343004,3039.472899884317,4434.966698475812,--undefined--
0.12000000000000004,499.3225745051729,1786.8517856213853,3043.31531362698,4428.12605827483,--undefined--
0.12500000000000003,499.54647513148,1881.1911511675562,2999.8577863262944,4411.3245031858005,--undefined--
0.13000000000000003,487.3298013547414,1936.2352826982358,2960.576292683583,4396.12901456612,--undefined--
0.13500000000000004,460.67580042532705,1924.3474920811757,2971.761449966148,4393.3343834390835,--undefined--
0.14000000000000004,425.86555435686404,1930.9575701153237,3071.5859434064673,4412.64550288389,--undefined--
0.14500000000000005,430.35749360895807,1957.6148040630558,3101.3362851789357,4436.934041083448,--undefined--
0.15000000000000005,438.02304115223063,1959.4364584274467,3107.756847950863,4451.474191585029,--undefined--
0.15500000000000005,439.95822883622543,2043.076164377618,3075.354961505018,4457.77903791195,--undefined--
0.16000000000000006,435.4350271222552,2132.845480854554,3033.6714767740486,4460.949479615352,--undefined--
0.16500000000000006,430.3237432560373,2022.1845015032488,3047.6444958077946,4468.481533350951,--undefined--
0.17000000000000007,446.35330757712114,1790.5660340578304,3197.0092173765165,4464.394826386066,--undefined--
0.17500000000000007,462.60501032247237,1841.8820272208636,3230.50104849916,4466.86236744459,--undefined--
0.18000000000000008,471.47213984856427,1971.3966886749972,3170.4365160574384,4463.573534949513,--undefined--
0.18500000000000008,472.1881967592041,2061.890272952123,3121.323714867452,4452.84564194641,--undefined--
0.19000000000000009,469.387931817412,2056.309116111946,3239.2172727560396,4440.789251175802,--undefined--
0.1950000000000001,473.44131646655205,1928.921354413494,3141.338318750459,4426.978546204553,--undefined--
0.2000000000000001,494.1070323324475,1881.8047077183955,3123.7501470681295,4421.473284020867,--undefined--
0.2050000000000001,528.0264091402757,2387.8861267356674,3500.988466616109,4428.2192008898855,--undefined--
0.2100000000000001,564.2370914412122,3080.5576884493344,4003.929537691234,4441.067724293071,--undefined--
0.2150000000000001,585.5243175564502,2990.6447922125067,3947.4201107002064,4445.7697289281305,--undefined--
0.2200000000000001,574.7402984594908,2694.0374756731917,3854.3566552796383,4422.34175076187,--undefined--
0.22500000000000012,578.827599923524,2724.5792546449215,4011.175053661953,4408.51898711919,--undefined--
0.23000000000000012,379.86440017896666,1862.0975071996224,3559.0123117955236,4399.663650270792,--undefined--
0.23500000000000013,204.67218469354077,1088.972780424628,3143.258146599063,4394.665450386752,4439.651996755018
0.24000000000000013,580.4278734218138,2848.0387825447865,4398.704753645087,--undefined--,--undefined--
0.24500000000000013,580.8316117881164,1608.9451116909315,3231.836963481879,4444.109970173426,--undefined--
0.2500000000000001,571.890064444287,2292.66840368851,3365.4151628992954,4466.84850116033,--undefined--
0.2550000000000001,557.8434161761937,2837.19945229617,3874.1036024950745,4464.689228897043,--undefined--
0.2600000000000001,455.4326849600301,2281.9609522567976,3916.712077563521,4441.645796478391,--undefined--
0.2650000000000001,137.87406789741152,540.1083263533278,2763.6190840994877,4429.840006682759,4660.118061600178
0.27000000000000013,333.72765696815827,563.9441827663059,2723.8064325704163,4051.9357347510204,4525.725357774687
0.27500000000000013,349.92194137332854,703.5363954843455,2818.8477718501554,4201.058491473695,4457.702585000062
0.28000000000000014,329.70210553451057,806.2572313294462,2930.236037371085,4369.334799346246,4434.546793404137
0.28500000000000014,323.07001802481375,818.6769740124826,2952.785607646428,4408.7872692624305,--undefined--
0.29000000000000015,314.30624796369665,762.7312437098054,2802.846305592496,4427.987927942236,4541.944718503976
0.29500000000000015,311.544002208521,750.7962716196716,2949.827062900368,4368.857706564763,--undefined--
0.30000000000000016,307.4688214748487,752.2778671323169,2943.5281071008517,4302.484950518764,--undefined--
0.30500000000000016,301.5583955413982,749.951859874846,2940.8776841871277,4262.528546959793,--undefined--
0.31000000000000016,294.2700235861023,737.0616573773549,2905.3466992179565,4198.082614663279,--undefined--
0.31500000000000017,287.0141827994788,714.8494313721428,2672.080857252505,4009.9514835926852,--undefined--
0.3200000000000002,287.44312288786017,696.8786378535318,2642.999373866533,4202.382809791464,4651.31522389738
0.3250000000000002,276.69619288000604,681.3058259215378,2686.6515978534985,4312.401895628677,4802.058616742509
0.3300000000000002,281.74243426188326,645.4404861581763,2727.542809294622,4283.888184005442,4894.645517618822
0.3350000000000002,292.4482009381688,628.2547188981772,2718.461099160767,4195.827096687345,--undefined--
0.3400000000000002,272.7080970233204,708.6387661943617,2635.698494850627,4221.052565158825,--undefined--
0.3450000000000002,264.2345811656443,701.6380537785171,2593.842859894157,4088.5859765815867,--undefined--
0.3500000000000002,266.1275599765182,682.034841081563,2690.039382133606,4099.870323750871,--undefined--
0.3550000000000002,262.75503070874817,1008.9513456033526,2832.151769043734,4175.657248057826,--undefined--
0.3600000000000002,252.8838832262698,1557.837667101187,3009.21483153419,4244.968488196486,--undefined--
0.3650000000000002,245.88504363957057,1849.1959613011054,3259.7191191278957,4240.855392514044,--undefined--
0.3700000000000002,246.2074117556476,1959.0956339942825,3296.707097583902,4155.051340215281,--undefined--
0.3750000000000002,244.78739161263772,1906.2340947516661,3180.7639677241937,4226.017510578806,--undefined--
0.3800000000000002,243.01583749551935,1891.6636848689045,3092.814620674428,4287.930132868749,--undefined--
0.38500000000000023,241.45332574910435,1957.2296184501577,3062.4709654941835,4302.452358598901,--undefined--
0.39000000000000024,240.12915605876947,2025.3107766136884,3011.500671767856,4321.407522841725,--undefined--
0.39500000000000024,241.20726771053734,1940.887014441635,3003.0302081914583,4279.465957077784,--undefined--
0.40000000000000024,241.15720910482182,1899.4475876329057,3014.2694493902736,4331.621271432724,--undefined--
0.40500000000000025,245.04221351989486,1928.0549655869984,3077.6408269895373,4387.424381443455,--undefined--
0.41000000000000025,253.97583587222314,2000.1254355085373,3173.35782504855,4411.097984900225,--undefined--
0.41500000000000026,265.5274240003141,2044.371777179933,3234.341166657683,4406.902959472952,--undefined--
0.42000000000000026,256.8256506258518,1897.1056282764725,2935.1529829713804,4406.209003200137,--undefined--
0.42500000000000027,262.4326742585891,1892.019273231697,3034.811692349049,4394.276832629196,--undefined--
0.43000000000000027,274.8147330591526,1973.1740678985232,3161.885568962765,4398.996719194266,--undefined--
0.4350000000000003,288.40342924670256,2052.155388323828,3218.817973920918,4423.468183277567,--undefined--
0.4400000000000003,299.25787455913996,2005.6168766449962,3292.971409484805,4446.578490308455,--undefined--
0.4450000000000003,323.1512466827411,1467.9582167218912,2955.916372356681,4237.626008924201,--undefined--
0.4500000000000003,394.0383907982145,2164.883082547832,2875.965081826121,4170.833779357652,--undefined--
0.4550000000000003,453.25377343452993,2529.251384990327,3153.592154892511,4297.253041612866,--undefined--
0.4600000000000003,484.99585095355917,2328.0679423098377,3605.774096950793,4591.890121454289,--undefined--
0.4650000000000003,504.30171910812584,2285.763436532052,3824.140372029589,4941.874256816792,--undefined--
0.4700000000000003,498.7421800416482,2002.4573561845018,3346.1706817316076,4274.591159837933,--undefined--
0.4750000000000003,480.67046442593085,2418.7192853558618,3769.150421491811,--undefined--,--undefined--
0.4800000000000003,452.46973347379685,2627.099549283179,4008.3673255225576,--undefined--,--undefined--
0.4850000000000003,411.348480886793,2499.0964360227526,3847.893720473959,5054.762563739825,--undefined--
0.4900000000000003,353.1751708640895,2469.3848601966356,3701.253372108766,4900.451894611596,--undefined--
0.49500000000000033,357.6684310465649,2452.2396053129905,3570.156422230868,4974.628636827652,--undefined--
0.5000000000000003,373.7328213896066,2387.90311476311,3600.251284986314,4379.430235257497,--undefined--
0.5050000000000003,371.3855598741546,2185.2637616213965,3361.7945144162986,4065.5666409733176,--undefined--
0.5100000000000003,370.8594197740697,1999.1360100892878,3070.592324390888,4245.4283244085755,--undefined--
0.5150000000000003,426.11641304219023,2152.562359264916,3390.2304463658274,4580.632540233124,--undefined--
0.5200000000000004,429.93979166231685,2190.533566807983,3449.189281622322,4607.779627152856,--undefined--
0.5250000000000004,434.16763870247365,2311.003916476324,3583.3729267068147,4654.209619791643,--undefined--
0.5300000000000004,427.7863174788589,2403.9926153358088,3678.7854292264415,4801.643397995292,--undefined--
0.5350000000000004,407.584655350574,2348.795465366411,3610.9997609894476,4785.432183744582,--undefined--
0.5400000000000004,376.54594587722437,2040.3116415159066,3272.2197869604584,4145.3046718785035,--undefined--
0.5450000000000004,344.7546661218651,2333.347761851401,3534.8706583764274,5012.841345439096,--undefined--
0.5500000000000004,329.6614447775507,2221.753539509318,3400.59721555988,4844.568633846276,--undefined--
0.5550000000000004,320.4525732351358,2051.2366626739686,3218.0344443275476,4523.457739382061,--undefined--
0.5600000000000004,310.8025089357932,1979.2125901982254,3118.1388822397435,4350.35925232031,--undefined--
0.5650000000000004,297.8730549020702,2002.9535795227046,3065.133355087262,4206.64211101754,--undefined--
0.5700000000000004,298.23728106998556,1095.9583239433048,2605.6441550694813,3872.970783087373,5275.955092256454
0.5750000000000004,311.2905781325994,1709.0626170533344,3158.4350358231427,4232.052323798701,--undefined--
0.5800000000000004,341.48766813987174,2218.1298591453638,3454.0740900710957,4366.74626394994,--undefined--
0.5850000000000004,350.2348622827874,1817.8624640279222,3167.8273851112713,4039.595394378417,--undefined--
0.5900000000000004,274.1653614387312,403.6339689863478,2696.230561812057,3551.998913455851,4911.922950090325
0.5950000000000004,364.8137484676155,2148.4076467161863,3393.0127039988697,4607.106182780803,--undefined--
0.6000000000000004,396.99233394238314,2666.8736985237542,3587.1582168419195,4877.118872574076,--undefined--
0.6050000000000004,418.6643899882257,2669.9479489017035,3789.1621256430285,4906.592938455863,--undefined--
0.6100000000000004,430.737440216228,2554.6271787064898,3980.22280534184,4903.160360135872,--undefined--
0.6150000000000004,400.028231948088,2504.2353724092754,3772.412454800112,4841.9400561705625,--undefined--
0.6200000000000004,299.9091598347183,2406.4075655031993,3573.18932790596,4818.807036599363,--undefined--
0.6250000000000004,267.92062153251544,2111.8236561270787,3429.487479074626,4575.072157569535,--undefined--
0.6300000000000004,268.0033624208969,1949.6802872901317,3426.7742848364046,4426.106572291682,--undefined--
0.6350000000000005,288.8193305610152,2003.0874431451139,3463.741123648585,4407.1127100301965,--undefined--
0.6400000000000005,333.30521116903094,2172.0909008590165,3300.9820949128616,4347.763675431639,--undefined--
0.6450000000000005,303.84906183341195,2371.1314015757994,2927.2046204534086,4185.359969916405,--undefined--
0.6500000000000005,279.7185656146909,1991.3135989373777,2763.9456249263512,3992.037225216655,--undefined--
0.6550000000000005,268.63709335653715,1723.9313622206896,2659.3151435236414,3809.0025937898827,--undefined--
0.6600000000000005,258.88190297739425,1678.261803082236,2617.561132168697,3702.7979482959054,4918.527115919745
0.6650000000000005,252.94319184167807,1568.6338285384409,2763.815332242876,3773.658684926382,4834.667214641172
0.6700000000000005,1363.1800295806827,2418.1557846408064,3519.4768964879795,4651.6552115184695,--undefined--
0.6750000000000005,1604.0647979962791,2171.3435313655036,3739.4365904000547,4276.034155275062,--undefined--
0.6800000000000005,1497.1320568127267,2152.520709666286,3862.758120397484,4127.002295132967,--undefined--
0.6850000000000005,1357.9008179122636,2472.667578063998,3827.848182260989,4390.045664449656,--undefined--
0.6900000000000005,1359.9350042569679,2378.4949000227584,3246.4091940407952,4324.816206006414,--undefined--
