0.025,996.0651905555463,2349.760312329391,3776.78630304068,5338.910239614705,--undefined--
0.030000000000000002,912.8722581471873,1937.5257099349972,3031.7334018252823,4342.460416581158,5071.226518409671
0.035,871.6080648478475,1750.4573852467202,2786.647484751718,4053.258181873679,5023.54629324421
0.04,860.8478461115608,1770.112524239602,2917.8640474040362,4291.486607998355,4973.698785116684
0.045,810.076071889904,1789.2350155955244,2997.1298695497144,4414.812584243498,--undefined--
0.049999999999999996,505.97291849777844,1505.1053424265237,2920.2302455847152,3971.5039341036572,--undefined--
0.05499999999999999,818.853037877112,1519.1665048764735,3025.1561097751346,4155.850050993028,--undefined--
0.05999999999999999,1004.3636241622353,1830.9419171453922,3141.984207692266,4306.825140652112,--undefined--
0.06499999999999999,981.8770059797915,1829.0676997333198,3053.114374757234,4070.326422606101,--undefined--
0.06999999999999999,867.0426224566562,1083.9265096639567,2666.2773625273708,3386.9273776835994,--undefined--
0.075,913.8532768396216,1080.3143139029246,2650.1778128273118,3400.1780786173517,--undefined--
0.08,867.9826665373795,1086.4104635586698,2627.22038691642,3419.0315203753125,--undefined--
0.085,832.1103679530734,1110.420505711971,2605.5256095324276,3434.0816303559645,--undefined--
0.09000000000000001,816.7805817859941,1137.3719146475528,2587.890921490565,3440.099632880161,--undefined--
0.09500000000000001,806.6257715551646,1151.311775075057,2576.1722275298334,3436.4437085722125,5380.188575947871
0.10000000000000002,771.8117874788684,1166.7741894119708,2575.650989375671,3440.8395160396676,5314.203876627582
0.10500000000000002,765.9453733495402,1172.7589259144074,2570.252567239971,3460.1782873398142,5295.232556889899
0.11000000000000003,783.8936384142244,1162.7068352292038,2564.9074385997487,3482.4549994615363,5279.224781480877
0.11500000000000003,798.8795839904519,1148.9799145505053,2565.53177434287,3496.3272293969685,5257.362024822152
0.12000000000000004,774.9979971962229,1142.6328784277705,2575.92828938009,3502.2012900703203,5237.637943265017
0.12500000000000003,654.5496985585248,1116.6629161400413,2587.57665660453,3567.799503603443,5276.288134384868
0.13000000000000003,759.4542221501425,1141.6750403743163,2610.0043461738383,3622.0152013714574,5292.700987444792
0.13500000000000004,813.1159831880066,1145.878277304811,2610.55139074721,3644.3755180540447,5329.512489700778
0.14000000000000004,805.2708162509707,1141.2337713781376,2593.774522580324,3641.6570997442172,5368.447087751503
0.14500000000000005,789.4425515194766,1153.4315607466976,2573.9631625785005,3630.084736612831,5380.835101617468
0.15000000000000005,791.3866554484706,1164.1080437118114,2562.337485690109,3632.256022198042,5366.83604986928
0.15500000000000005,783.0897740257575,1165.4159014488775,2578.7518559135533,3646.1961477785976,5325.028190666852
0.16000000000000006,764.9810914558337,1173.8307172996183,2580.4691920954556,3615.0626859021886,5279.704959036138
0.16500000000000006,740.8863313338156,1183.9448269436598,2569.7114892055974,3580.6658914160625,5244.757719018738
0.17000000000000007,717.265799244245,1187.4051942289307,2560.808409236525,3595.387598781742,5225.473088226415
0.17500000000000007,708.6677851629091,1191.2065859340141,2570.2010928971586,3626.171467524629,5193.365196766591
0.18000000000000008,717.0081948549602,1181.9577106440472,2590.8503246113814,3603.0873693095436,5140.79271357729
0.18500000000000008,740.9671886410216,1168.2272799061045,2595.2206942523458,3598.763935192494,5180.284045516172
0.19000000000000009,752.9413073244489,1158.281692989173,2583.162526031924,3613.1837985494594,5263.211445906307
0.1950000000000001,729.6764232115237,1158.5024149598096,2563.6241316849782,3623.985677526394,5307.54547557844
0.2000000000000001,710.2009333856801,1165.0768277052211,2553.794482182983,3587.787296758804,5287.292995691987
0.2050000000000001,716.86099050586,1171.9010581439666,2566.1669978315917,3570.8655287822744,5288.312257324305
0.2100000000000001,714.9249259935543,1183.3040829310373,2569.093439815013,3530.7351625464325,5298.361295874036
0.2150000000000001,704.4663052699582,1189.2383383760452,2565.005765475136,3492.4405456216937,5299.791621204088
0.2200000000000001,696.1056600207565,1181.0441847887062,2562.7161923594363,3489.7585098147183,5283.635817193952
0.22500000000000012,709.7623850108871,1178.1051271792612,2556.7534416055373,3508.9506053663345,5299.207730014922
0.23000000000000012,723.3261935773744,1196.4473354131862,2555.4834946690485,3495.703036018136,5359.523555785885
0.23500000000000013,735.9747262525333,1197.8732791925293,2558.669789796357,3503.8898301473932,5366.330994222065
0.24000000000000013,751.3187612581976,1189.403417663072,2561.5791755245027,3521.2666378041067,5324.495246038771
0.24500000000000013,772.3982585244105,1187.338929225331,2559.6394854142964,3520.6352125380636,5272.696643093059
0.2500000000000001,793.100828509366,1193.3002924560515,2556.1464351301383,3486.049473205468,5282.732403119825
0.2550000000000001,813.3569086437845,1166.9528195603568,2562.6226525163966,3489.7937301854085,5253.629057733683
0.2600000000000001,828.4815167101209,1143.4728992579758,2564.862163471216,3499.0243346643415,5226.172135364379
0.2650000000000001,835.7074773070935,1144.9660310937404,2564.4658975746947,3503.5965378497544,5223.161586087948
0.27000000000000013,835.7448268195342,1178.1023015199,2565.7127433139112,3501.661388055579,5255.777294849047
0.27500000000000013,844.499029753799,1183.683333555358,2564.7681150216426,3507.33365341582,5299.081160339022
0.28000000000000014,833.6580559385984,1198.720259609708,2568.073942881395,3507.626725463259,5369.309308660512
0.28500000000000014,825.9481951788459,1186.1133551426778,2583.106282916013,3507.924505042323,5385.399380629267
0.29000000000000015,810.6897583803326,1159.8920576164576,2591.637804429949,3506.7431847714884,5372.554840405965
0.29500000000000015,776.5079847981823,1147.3191941005796,2579.649645387595,3500.8843529278242,5378.423047150478
0.30000000000000016,754.4495271703121,1173.9050761992983,2594.9614291632206,3486.397354564939,5416.793999619946
0.30500000000000016,762.5366623347074,1162.7459864836424,2587.5795461159423,3490.693186896901,5391.711056961863
0.31000000000000016,810.8522681288608,1144.7016753542532,2581.7789717457745,3495.918448252976,5328.86036722734
0.31500000000000017,871.8330210724824,1116.1573648820731,2574.066855820959,3500.8996317718957,5281.232289683566
0.3200000000000002,912.3550014768475,1074.6293173624222,2562.3274898891455,3506.2499496222385,5290.390696529441
0.3250000000000002,928.4900781239419,1070.6652684868739,2592.636641046333,3499.0927583690755,--undefined--
0.3300000000000002,863.0693053068687,1100.4261632098548,2588.91212005096,3494.5095826023903,5403.799124689156
0.3350000000000002,849.1836393221201,1122.4075400607167,2592.747416797987,3488.2346463459457,5346.714819492818
0.3400000000000002,862.5206650388699,1117.0460985796813,2593.3432440989554,3485.3945569475422,5296.128071727586
0.3450000000000002,865.4916534155303,1081.2392964971225,2579.614310643576,3489.519488984057,5318.5091143771415
0.3500000000000002,982.8844103013888,1069.8119888137335,2614.6715732046605,3481.7712462718987,--undefined--
0.3550000000000002,1008.0512799202298,1050.331371997439,2592.9563908542596,3489.4374420459058,--undefined--
0.3600000000000002,942.8587860465306,1130.4132898311013,2584.5341564088712,3483.9241978603036,--undefined--
0.3650000000000002,899.232617035214,1182.039865674729,2582.8533299646315,3478.63916443204,--undefined--
0.3700000000000002,965.5968511532669,1084.4967793667145,2574.8364056523,3487.4353533614803,--undefined--
0.3750000000000002,926.752020955033,1104.8073527910415,2622.918982978288,3464.550953835564,--undefined--
0.3800000000000002,916.0656136640196,1104.278428815492,2631.8985484226005,3466.002500550755,--undefined--
0.38500000000000023,905.3259832220517,1097.587833681379,2614.94791262292,3471.351735583028,--undefined--
0.39000000000000024,909.6744779889343,1091.6655220811815,2603.3802405706924,3466.60663282382,5219.251324731928
0.39500000000000024,940.3021566537849,1089.5271641971178,2617.5064575672386,3447.421490502932,5224.238269165713
0.40000000000000024,926.2220329636085,1081.5625283462305,2584.2475460061105,3455.3423650340305,5306.924973551605
0.40500000000000025,991.0707439251569,1052.5787677584087,2573.310673766278,3440.079173694428,5314.166470500286
0.41000000000000025,999.9041763318482,1040.424060088773,2568.0757116282457,3433.9347333746873,5312.250381929611
0.41500000000000026,985.5257259760615,1034.6002174082048,2562.116801582408,3438.2490002347304,--undefined--
0.42000000000000026,1002.915149478077,1027.693550961967,2560.827966068901,3444.7139865932236,--undefined--
0.42500000000000027,983.7926201824622,1104.6327075075553,2626.075301107467,3436.1667617928956,5405.312685793133
0.43000000000000027,958.2633720046481,1100.5936257786425,2614.2763412413133,3439.1249342990986,--undefined--
0.4350000000000003,915.9966145328241,1100.51494539578,2586.3207786926164,3443.719021095044,--undefined--
0.4400000000000003,875.1345592755181,1128.7622731257086,2583.1549039752845,3436.629404494541,5274.77210994749
0.4450000000000003,861.2724258046383,1174.7328927590645,2620.5312238880406,3413.0917934191793,5334.202950892063
0.4500000000000003,902.0804003861746,1114.8795851348743,2597.781562377041,3421.359875318521,--undefined--
0.4550000000000003,850.9630008534622,1110.3974222703994,2568.9989535859795,3433.575151980977,5339.666133123817
0.4600000000000003,838.0352110525719,1193.7612581592632,2599.4061593245087,3433.510321677012,5358.611700025542
0.4650000000000003,863.7661896490024,1263.755638371681,2634.6161641019794,3430.2176017303414,5378.418429059158
0.4700000000000003,895.6889766511587,1217.7267901998216,2608.9513112083423,3436.655514958572,--undefined--
0.4750000000000003,907.4932605281965,1143.529708667164,2570.1960724974656,3450.28445851102,5241.733287717467
0.4800000000000003,842.0848290347508,1261.230118207654,2593.2079529023226,3464.474263525725,5258.115046909826
0.4850000000000003,811.6623650655839,1289.2216441490496,2609.9668255896977,3461.2936066281577,5316.259379105434
0.4900000000000003,819.2943954675397,1236.9774625560708,2604.9414295590595,3455.4970535058364,5338.755397129382
0.49500000000000033,838.6945991447324,1183.4473947349138,2581.345231817677,3465.1309740346187,5247.718308250986
0.5000000000000003,840.911157549161,1168.489494179087,2571.461397109087,3477.9632611862353,5105.333871498804
0.5050000000000003,851.6669064289255,1223.0446603529535,2677.887373700522,3525.5426650851928,5091.957039612821
0.5100000000000003,868.5857079789271,1226.1205772892383,2662.856392020249,3542.9590381161684,5153.410694470189
0.5150000000000003,871.5909820181188,1198.3215407470598,2585.6773723898873,3522.4256919202176,5218.530012416374
0.5200000000000004,854.7542563649312,1177.5228575267308,2558.731883519688,3484.3137277529167,5209.09159675836
0.5250000000000004,919.2168028532045,1085.0686358365308,2550.358425639073,3520.550544792186,5037.891139585794
0.5300000000000004,903.3419354977644,1183.0467802079424,2556.8271500971414,3597.9282871173573,4911.868678379977
0.5350000000000004,876.0998125981358,1479.317212633452,2575.7133072818156,3684.6637580934903,4965.387187593351
0.5400000000000004,860.3475124337915,1737.4053634055072,2663.292332181337,3839.7197727018984,5069.612209128788
0.5450000000000004,856.85380062023,1730.79990193886,2841.2572307102587,4068.149806914968,--undefined--
0.5500000000000004,803.128260553719,1656.4400654697718,2860.322722548827,3941.0914297438803,--undefined--
0.5550000000000004,824.6078173111295,1698.8276344796582,2861.9372224327467,3703.6873184061765,4920.313141229049
0.5600000000000004,921.1317246006726,1900.2187135052104,3112.537457533648,4067.9987921562697,4920.313141229049
0.5650000000000004,994.3413486620368,2037.1369063234858,3341.3493708046367,4478.626640984936,--undefined--
0.5700000000000004,949.8314735653233,1911.833234493752,3250.423787743594,4299.8300086307045,--undefined--
0.5750000000000004,860.2228105655042,1863.833740630904,3177.9513332409856,4330.034497593506,--undefined--
0.5800000000000004,842.3184108248955,1913.5547962286485,3155.3459300232407,4402.371627164404,--undefined--
0.5850000000000004,798.3717723624329,1950.762052254413,2911.790546456327,4237.782062320315,--undefined--
0.5900000000000004,745.1818336523046,1932.653481028307,2643.9632420103094,3971.9178088969034,5105.726728625907
0.5950000000000004,730.5016337798796,1873.5284041386365,2594.8058739554353,3802.2545567120815,5017.807290132698
0.6000000000000004,815.9976229002992,2014.5286555597465,2576.010202757041,3640.42078975944,5041.3208864200915
0.6050000000000004,1018.3719504939893,1982.794003714461,2980.8073420282026,4035.1229577784907,--undefined--
0.6100000000000004,1190.1860906393315,2088.007609103491,3200.7890147393623,4229.408650161274,--undefined--
0.6150000000000004,1279.8672036349533,2222.2329802383383,3238.41609628428,4235.558261419527,--undefined--
