0.025,1477.980681834143,2381.287504939018,3484.5101682876157,4435.410343834172,--undefined--
0.030000000000000002,1483.4136051686637,2390.3067581610667,3482.5028867199926,4434.074279129333,--undefined--
0.035,1455.0433028419807,2338.6218304577333,3468.776963777808,4427.270822616302,--undefined--
0.04,1270.8736935994546,2010.558193628212,3419.021291472326,4405.504114895604,--undefined--
0.045,873.207268161494,1882.9123163858105,3425.730121113902,4413.109413011964,--undefined--
0.049999999999999996,729.2970093027573,1747.2237754816035,3341.320859056956,4332.91314564809,--undefined--
0.05499999999999999,708.1950950866118,1732.6255522452434,3236.382467615608,4149.374001956921,--undefined--
0.05999999999999999,723.4442261495562,1862.1668796771726,3098.7506969090596,3937.648968453684,5047.150184966626
0.06499999999999999,820.3982280537318,1955.8208602522282,2748.7353914134155,3922.535729490479,5127.0337036861665
0.06999999999999999,879.8990307314774,1616.2465442767782,2806.1117743953155,4101.405646463445,5236.954805354091
0.075,955.067477153463,2196.128470505841,3596.601220787451,4332.607277162086,--undefined--
0.08,1003.8462114946668,2703.610661668766,3832.0989834845996,4463.193866643853,--undefined--
0.085,996.8637358486593,2422.8663736254434,3113.7123096764317,4404.816125903392,--undefined--
0.09000000000000001,929.8527258958399,1242.0635018393182,2650.1347890404586,4164.401058045087,--undefined--
0.09500000000000001,700.2826777597302,1763.4789604598939,2624.016819299232,3924.915349696407,5174.433356580336
0.10000000000000002,710.8558322884458,2201.4006593461654,3234.9245243162404,4207.361065013359,--undefined--
0.10500000000000002,843.9346714182054,2462.933797206396,3684.201571334853,4599.233624153001,--undefined--
0.11000000000000003,933.1067767351901,2391.7206730078524,3497.6941960721533,4630.07048980686,--undefined--
0.11500000000000003,764.2497625624093,1535.219241888771,2789.7837327898187,3766.1863758515883,4936.674512178468
0.12000000000000004,704.9325389397832,1869.173434712137,2890.435050376565,3838.4460789080213,4975.490892325941
0.12500000000000003,727.380984665422,1859.210475332592,3057.1157793339357,3958.8654753961378,5064.306116322787
0.13000000000000003,733.327850578703,1769.1118606920509,3008.613072230897,4000.8809831485805,5068.824441758435
0.13500000000000004,687.343911434949,1753.6780993194138,2740.7462191395302,3967.7290301167945,4979.232652302124
0.14000000000000004,664.7527540130601,1626.8075306298779,2674.00954422691,4015.1164057276733,5008.354276902301
0.14500000000000005,712.3155435514333,1740.780566581045,2775.080095289018,3981.7746537410335,5029.276004593213
0.15000000000000005,727.5683704374524,1780.4690720643353,2906.489703759305,3988.5544870964654,5062.733929038703
0.15500000000000005,745.2497639177111,1816.308083687958,2945.715115963775,3931.957287751022,5027.578740916722
0.16000000000000006,778.5585099097598,1911.7424961226507,2812.001571351576,3768.5660526663946,4934.62233446255
0.16500000000000006,792.4245715005322,2090.4227450314834,2479.16649118732,3569.8511443302027,4960.222069011047
0.17000000000000007,782.9822709348956,2146.437690069798,3081.00632910677,3563.017797211877,4997.633567636986
0.17500000000000007,771.8022033301191,2010.3984638595896,2923.704087645565,3713.700835476572,5038.855599436091
0.18000000000000008,782.1782034379279,1866.0254529745337,2708.053233602067,3895.6419170863837,5171.763172952366
0.18500000000000008,785.9368804707284,1804.228823698369,2793.597032974426,3998.119413038889,5359.484346971635
0.19000000000000009,663.2288533334988,1740.707678022685,2764.7352206849378,3935.557302237342,5341.678357558749
0.1950000000000001,688.1653331578232,1825.6037933028342,2751.426448928096,3923.91731724164,5309.632583668334
0.2000000000000001,756.1880747626274,1740.1001557676166,2677.277106388676,3712.8704172985604,5093.780599803171
0.2050000000000001,1066.550286185767,1978.9005073505455,2791.3105984627646,4075.0237757987866,4934.621501792199
0.2100000000000001,1524.7239630123572,2545.8431717419644,3080.928706321174,4954.954310291365,--undefined--
0.2150000000000001,1504.2181177454224,2540.555657983943,3060.9052191707115,4798.310331998979,--undefined--
0.2200000000000001,922.6885521464703,1816.242213381559,2652.8050633690696,4019.3647151375208,4832.305332144945
0.22500000000000012,720.8497728557143,1602.7199974962123,2542.432045296773,3761.178946595005,4903.615701796727
0.23000000000000012,686.6098134181557,1692.0858501258335,2603.457300678283,3752.9806852470037,4962.808705663925
0.23500000000000013,664.8228639050386,1885.8812358375076,2666.697847461927,3795.5426891548045,5014.234636850226
0.24000000000000013,699.5250267919658,2133.6287390180782,2555.6190875198085,3939.5889536512386,5229.208746149997
0.24500000000000013,732.33005617496,1843.0323854753872,2555.43595597672,4039.74628181939,5162.488627559643
0.2500000000000001,749.1621593023749,1753.1575253788333,2586.6917481032556,3903.6535523764696,5073.661587863182
0.2550000000000001,785.0261448155575,1681.1532288243507,2634.3340904676356,3782.0769320911804,5054.806313415929
0.2600000000000001,845.0420053892486,1557.296697983443,2668.0896197345864,3832.391625066999,5123.296920972644
0.2650000000000001,879.8301927490263,1585.9894172523539,2623.1122012881424,4028.344826610995,5188.761283856679
0.27000000000000013,823.6906991782604,1663.659189658227,2602.03262163084,3950.9255273696886,5055.757824831165
0.27500000000000013,753.3159508650305,1886.3401558455216,2552.8525709555547,3768.98194505321,4968.187704818065
0.28000000000000014,716.8665955913624,1972.9174790383609,2647.0786277361185,3661.789675689661,4920.257922918606
0.28500000000000014,715.6567034430237,1842.8816479347156,2883.479134940573,3694.7610217579213,4901.269057946395
0.29000000000000015,674.6055017701536,1779.7585931390838,2950.4234247571285,3747.070083935121,4916.452954419352
0.29500000000000015,661.8056301661265,1817.3592515051232,3150.493780380346,3487.6540917430034,4901.696763969839
0.30000000000000016,680.7410792632471,1824.1697695960852,3037.9816791996113,3538.562435213329,4999.001064260059
0.30500000000000016,785.7584262465958,1972.6408927378886,3116.5993165646246,3993.5691733486346,5077.771073984122
0.31000000000000016,938.9450533967217,2233.928332926224,3485.5351616713237,4615.632036657219,--undefined--
0.31500000000000017,939.2108608052835,2208.2300367162366,3478.557888157963,4642.669740847855,--undefined--
0.3200000000000002,736.2932743408613,1936.7853027008168,3134.464195840164,4099.165569379516,5145.479880506622
0.3250000000000002,645.2925617942902,1764.3734197662563,2929.0653587724987,3883.7093899705937,5030.739531688491
0.3300000000000002,636.447983486375,1697.70472086464,2883.752681667498,3821.775204881752,4950.164686792956
0.3350000000000002,668.4652974780515,1708.119562086566,2936.8897233730527,3762.1413382065866,4947.410672233128
0.3400000000000002,712.9381013138615,1740.9872581176292,2928.6592255476303,3686.0259263340313,4866.265093451308
0.3450000000000002,722.2561778283149,1641.7638764292456,2693.4967063371355,3718.8258070087195,4865.986074511152
0.3500000000000002,736.3767042218359,1694.6297050529574,2536.311594654173,3817.5527391006804,4893.791618725642
0.3550000000000002,738.0445957011073,1693.3748334033498,2512.53187389796,3910.245282693224,4908.454373261135
0.3600000000000002,727.9090689081689,1573.0039678957125,2583.271359624973,3938.352717781601,4916.305180779403
0.3650000000000002,742.114566844992,1547.5185900481777,2573.7170853507346,3862.0526861403846,5005.476854839033
0.3700000000000002,719.3499707282963,1608.92285814527,2707.3769304396424,3841.146455836611,5039.210087422409
0.3750000000000002,694.567997802949,1659.7363755383112,2837.264347026669,3867.5557613862816,5005.137650049224
0.3800000000000002,694.057395216824,1722.3798231529047,3005.572570784906,3908.405030645353,5051.978981641524
0.38500000000000023,730.5210492059728,1821.0462254616948,3209.1441167501207,3987.4084849124897,5191.900166769984
0.39000000000000024,797.1909996591372,1976.0717253091643,3351.337609842526,4233.493507481018,--undefined--
0.39500000000000024,799.7284521460608,2231.583066693012,2691.9661787224827,3844.2225855997362,4893.952193575872
0.40000000000000024,865.918954201594,2324.5442921609783,2980.4310531568326,4177.005161870437,--undefined--
0.40500000000000025,952.2742417139916,2344.2719066928016,3384.0082518530567,4523.431323429285,--undefined--
0.41000000000000025,1015.1635701996181,2317.7531796121675,3402.0524513303562,4472.5712463313575,--undefined--
0.41500000000000026,1022.6988896029318,2128.2685268490613,3298.1681007076304,4272.7702286299045,--undefined--
0.42000000000000026,887.5097174434995,2162.6498144528723,3238.5917985765323,4393.445773938749,--undefined--
0.42500000000000027,748.701792407727,1994.0228487786308,3052.33670816761,4067.129296244772,4808.695488931195
0.43000000000000027,666.9775867481403,1846.976411798516,2863.460270044048,3797.1578282894434,4824.073723915752
0.4350000000000003,664.0928063912802,1818.8859469719,2760.642569652116,3823.735114335624,4860.468005604478
0.4400000000000003,708.0395058491112,1739.1990007795014,2754.2851900467076,3845.272301273403,4907.04192981243
0.4450000000000003,888.6574138979928,1438.7199727347256,2807.014974342032,3765.4342752560137,4720.236851998972
0.4500000000000003,1011.7960592789179,2046.8476128534226,3319.2640352026347,4308.231167450611,--undefined--
0.4550000000000003,974.6940548558058,2450.980510830197,3454.7741467796363,4526.044979470138,--undefined--
0.4600000000000003,799.5061456121888,2139.368971738502,3007.313834312712,4083.4940617919715,--undefined--
0.4650000000000003,707.8532169125116,1776.0955064761224,2928.3387631528676,3800.1165388773516,4979.876250830463
0.4700000000000003,688.2003813712699,1812.0326338000073,2779.503900449403,3798.8375446908476,4967.168397686392
0.4750000000000003,740.9113614864901,1847.6458551326689,2739.263849638417,3688.650445600436,4934.754997601435
0.4800000000000003,750.6956590124424,1814.596491719151,2760.6436020894057,3610.8618563655173,4923.75182237004
0.4850000000000003,691.7059056816479,1753.6671862435956,2806.7613854889582,3647.4061817524175,4952.083244541108
0.4900000000000003,698.3514510520688,1865.7875496369932,2879.519633165179,3740.793318376614,4996.66491322926
0.49500000000000033,784.7263932690681,1931.559074427925,2767.57850660537,3785.58240833464,5036.18388899482
0.5000000000000003,785.3762198893668,1879.666708231828,2672.285373694068,3800.1826749802217,4955.705347304431
0.5050000000000003,762.4052541285324,1810.1662938376683,2631.9911645321863,3878.1974786537226,4897.259423502957
0.5100000000000003,783.9038077226587,1872.2759533221592,2621.804290733224,4063.088809269277,4919.229829085025
0.5150000000000003,913.9490953704178,2301.757681454874,2522.5467758237355,4314.232449709632,--undefined--
0.5200000000000004,898.9006747083836,2289.761561021467,3119.1095414735887,4426.742017194641,--undefined--
0.5250000000000004,767.7779091112764,2169.453618059823,2926.1341226970244,4201.283660749618,4845.91595295005
0.5300000000000004,666.8180538409691,1977.4253202563746,2671.425211932323,3952.601061547199,4917.38512015983
0.5350000000000004,663.119750986071,1823.0758905722228,2714.8640789352576,3861.6897601970018,5040.901893871444
0.5400000000000004,685.1536711061528,1976.5745111774654,2610.581266224725,3848.5230053062733,5035.340366467787
0.5450000000000004,717.1766472879455,1804.8604015859657,2597.961354913734,3852.4398682392984,4995.374956768763
0.5500000000000004,716.9107506244108,1669.1471983273154,2732.9705272783017,3955.2952055834826,4977.76233882777
0.5550000000000004,710.1284703586248,1687.6169366694592,2888.6046560859877,4055.383567502813,4973.617119208602
0.5600000000000004,718.3929994946756,1854.8620611004058,2950.489652153109,4055.6781487988346,--undefined--
0.5650000000000004,751.7573563520051,1983.4003784958866,2831.176347564828,3872.2787964233326,4866.754766036441
0.5700000000000004,708.6996254443192,1749.7455708012653,2819.444332593575,3727.400688171568,4845.876249628172
0.5750000000000004,681.8539057644279,1656.5257243753713,2763.178610350584,3758.8377168972524,4846.558715277349
0.5800000000000004,686.6194323531892,1652.6224350718692,2738.886051285598,3857.0375198123297,4902.37011665435
0.5850000000000004,701.8306306457717,1699.238198160347,2774.769748743645,3952.6345073862717,4977.028368782872
0.5900000000000004,649.474614007778,1831.8588106797774,2799.9558914499785,4066.3083962221576,4913.238457660114
0.5950000000000004,619.0749619376447,1672.097553911842,2839.89896044303,4009.0823546286247,4837.594174422163
0.6000000000000004,393.966579235905,1295.4605094173598,2776.410430123319,3815.772317117733,4841.908144437578
0.6050000000000004,534.296177139716,1665.662765816777,3140.0297730794346,4140.401090334581,4862.5566885747485
0.6100000000000004,977.475124700682,2553.967368941006,3687.595185842938,4763.958894067684,--undefined--
0.6150000000000004,524.9941782410086,1601.6014855688559,2771.522447075653,3902.3253216750472,5069.487567776719
0.6200000000000004,648.9329977529096,1754.8445308723553,2574.0593930637183,3833.6087117745815,5170.9025008431945
0.6250000000000004,689.8011057655207,1806.1948632205874,2677.6558027521237,3893.224844176052,5266.373670702074
0.6300000000000004,685.0682820626369,1721.452299300488,2822.6425202529667,3978.3053186042885,5312.375114407654
0.6350000000000005,680.9834819151349,1590.0138121919092,2873.6364912393024,4052.6179597833325,5306.168823095084
0.6400000000000005,678.099178443192,1611.0950742747013,2886.1924361033866,4143.952758439684,--undefined--
0.6450000000000005,1142.9958452113428,2296.6551978678317,3471.3832309671698,4729.65839390935,--undefined--
0.6500000000000005,895.6589896590838,2261.3549204171422,3196.628745623123,4158.892874901024,5080.266143244061
0.6550000000000005,625.28814071039,2088.1054324510933,2640.8170356886994,3655.249942558806,5022.251468678569
0.6600000000000005,734.9216762339864,2169.8472772609985,2520.33726206013,3942.0000003988052,4921.059724554717
0.6650000000000005,1004.0821532288749,2424.570003531391,3671.390549039371,4698.820470402144,--undefined--
0.6700000000000005,753.9268313283399,1845.470510811456,3068.574236023727,4294.414823426983,4809.50709468787
0.6750000000000005,656.8181545787766,1545.7347050274143,2832.5701191742896,4079.54980202182,4846.311873539724
0.6800000000000005,592.402732221497,1458.4568510895715,2798.76927987646,4017.3118350659647,4875.037299249794
0.6850000000000005,499.6132337366563,1478.1690078179165,2798.059742319342,4020.240389504625,4902.848464289866
0.6900000000000005,487.9530470915596,1543.5029256386747,2856.0354411503013,4039.7368976649436,5035.470220677346
0.6950000000000005,498.9852804028693,1633.2956449211376,2901.439675348561,4066.69521672735,--undefined--
0.7000000000000005,530.6063848020317,1658.8880009389304,3008.841869536351,4012.330414078282,--undefined--
0.7050000000000005,737.765341436414,1973.4498735967147,3367.282382750858,3958.666940576827,--undefined--
0.7100000000000005,1074.5161678117597,2529.150704956088,3871.554004600879,3949.0762741361027,--undefined--
0.7150000000000005,1138.704346398306,2555.5742714275975,3900.16766725381,--undefined--,--undefined--
0.7200000000000005,1053.1054959460532,2563.0648128335783,3863.7973675284775,5039.014721741071,--undefined--
0.7250000000000005,933.6531818586537,2594.674609635125,3922.5529030443304,5000.278791742648,--undefined--
0.7300000000000005,755.9863899303932,2247.496894820662,3547.3205210147285,4621.567034362979,--undefined--
0.7350000000000005,592.1790543384315,1601.5678508721933,2815.828685324635,4010.6419917687463,4931.030911836478
0.7400000000000005,699.1489659793816,1599.4588593976682,2902.0620855140287,3998.4488401078374,5108.1182612267485
0.7450000000000006,263.9562721864719,1402.5351012175804,2823.890602880248,3832.0043801441434,5051.498990332996
0.7500000000000006,142.78273495539017,1410.739219775798,2835.6754267869514,3776.0614634797153,5004.304745783914
0.7550000000000006,296.0079090065583,1503.7854946871455,2829.993117210752,3736.4248061127228,4964.711849735873
0.7600000000000006,563.0110062503796,1651.9390113782206,2910.5416988159704,3860.061252296269,4932.422676390365
0.7650000000000006,656.2637855329253,2034.284504933807,3593.5234499354938,4766.627831842352,--undefined--
0.7700000000000006,639.9460928199379,1938.8792585018236,3515.177190199373,4141.362495893749,4806.921165160977
0.7750000000000006,600.5672771912502,1911.7875417929138,3259.0036791124267,3993.925447224875,4863.92866163392
0.7800000000000006,628.1182679288056,1903.2496693811088,3054.2588480353584,4038.3889858498046,4947.724992665336
0.7850000000000006,717.250161271581,1872.2582921350981,2978.381400709973,4036.971021430419,5029.784891859764
0.7900000000000006,700.4953571083173,1843.428125087716,2888.381511483679,4030.755083007832,5091.304292883534
0.7950000000000006,715.3610135627298,1817.4042320611977,2781.9868673225296,3997.998977901473,4973.0931007200425
0.8000000000000006,811.4959809500467,2283.054281488868,3041.31556694531,4085.826426533577,--undefined--
0.8050000000000006,812.9552175380397,2228.4832112459153,3071.791341159156,4085.1885569825304,--undefined--
0.8100000000000006,684.4626590256466,1519.5477349038495,2735.8237672580503,3960.250785622431,5110.043767287621
0.8150000000000006,645.0543803784622,1633.2884049554657,2747.8301490379945,3998.6189936863807,4980.07706974899
0.8200000000000006,584.8098092968311,1916.6368936468766,2722.9733489126597,3993.735774882755,4977.595091597408
0.8250000000000006,630.8093799247818,1914.2939228194339,2843.4991752753212,4043.146870803623,4959.648252152805
0.8300000000000006,672.3867878838944,1843.7662126569846,2924.8033666877736,4089.8802467489504,4941.982005461566
0.8350000000000006,660.5731645176264,1899.9517433301428,2980.8263353814264,4205.290707615281,4940.142340577748
0.8400000000000006,669.6195245241845,2194.754295807413,3404.166177750764,4707.229687762487,4956.904452463847
0.8450000000000006,701.4316221952693,2207.089106997711,2632.8561848690065,3979.934690044762,5023.36590945841
0.8500000000000006,760.3128078091615,2206.082613179925,3171.249087042993,4107.29897365621,--undefined--
0.8550000000000006,763.699504061138,2085.5300161255677,3423.9968328351397,4143.958283782448,--undefined--
0.8600000000000007,703.90153083524,1942.1091413525432,2933.95422862672,3917.120319272799,5074.242778371515
0.8650000000000007,706.4717149964067,2262.416095770945,3526.3595896397173,4850.0493500332595,--undefined--
0.8700000000000007,501.57851432411337,1929.7023678616908,2782.329047086404,4048.0748824222646,4951.600421946963
0.8750000000000007,532.3016529430702,1735.466162119872,2742.5533881455913,3830.0626163997877,4892.734150690314
0.8800000000000007,632.695173971863,1626.6906122804203,2870.602099400787,3876.4762971613086,4836.921417785133
0.8850000000000007,679.6042585722691,1561.3327130169716,2840.5678041169003,3910.089095053686,4834.898986763684
0.8900000000000007,670.9421752301333,1594.6998633135115,2902.488522505131,3954.618633970128,4913.1612022783975
0.8950000000000007,652.1353773326293,1673.5285148618775,3109.957899917234,4040.213157810905,--undefined--
0.9000000000000007,735.327734682595,1783.5642571039737,3285.4517406384334,4139.018197574558,--undefined--
0.9050000000000007,748.3011477311763,1772.8501940740732,3268.361383422748,4059.031083200953,--undefined--
0.9100000000000007,651.7467372969888,1641.9641545702414,3056.4240650418483,3839.5862999387437,4915.105405447475
0.9150000000000007,653.9549448431275,1660.6524116792589,2906.457396973106,3929.0797117627976,4883.924027766537
0.9200000000000007,411.651875042921,1536.2112234901592,2851.2344498749776,3962.1613895890623,4951.017735035178
0.9250000000000007,529.8110548187668,2244.8059836823004,3486.9356197557704,--undefined--,--undefined--
0.9300000000000007,744.0885517103758,2705.158752227898,3912.2437593256755,--undefined--,--undefined--
0.9350000000000007,798.6904700647555,2254.1513973599067,3549.883773287901,4653.137850838132,--undefined--
0.9400000000000007,509.1184238316457,1046.913947067037,2439.0462434282804,3785.5345912370854,4813.251958275528
0.9450000000000007,510.6319495083,1577.08169330119,2684.468638191555,3729.35802021079,4859.860727810875
0.9500000000000007,572.2196422795002,1832.095520756416,2772.3397435852294,3675.40198778939,4867.9294389710285
0.9550000000000007,628.4868159634043,1939.5727282324838,2778.9414118064906,3645.2869021879233,4864.334325818152
0.9600000000000007,631.4480259054205,2010.4143648753939,2801.05085250012,3663.9786808700355,4870.339236408436
0.9650000000000007,542.650003254773,1934.528577043623,2832.89733072951,3692.559089760775,4888.824796290454
0.9700000000000008,579.9375139637425,1844.1256363165696,2866.9033644394544,3826.1226597520003,4978.758655633657
0.9750000000000008,631.165370542168,1832.4040259631633,2884.1051787693586,3829.613790121113,4970.7358578898675
0.9800000000000008,638.8879417230683,1806.451394257384,2888.392557375025,3841.1358661517634,4958.367083301673
0.9850000000000008,604.6113675637602,1708.792329521674,2863.7980464758757,3910.635380080058,4980.465626029335
0.9900000000000008,624.588676749258,1552.771993027699,2754.612626608005,3906.7970141459573,4960.5054081298895
0.9950000000000008,793.3611273763187,2200.439896191407,3681.115667005409,--undefined--,--undefined--
1.0000000000000007,738.8755866498142,2278.789885610813,3384.3578479859384,4273.40154445473,--undefined--
1.0050000000000006,654.240754253541,2151.695043228237,3007.373331750321,4311.970432638639,--undefined--
1.0100000000000005,688.6072358599713,2112.9472297040907,3157.2208144329643,4373.260598846257,--undefined--
1.0150000000000003,878.307975753329,2194.6939691875205,3261.661289463015,4344.144219218408,--undefined--
1.0200000000000002,819.7892696321929,1951.1389579216716,2895.0062695247107,4008.905372427532,4846.61012008104
1.0250000000000001,712.475276188071,1882.6731504959926,2822.5314737643143,3909.9844378299244,4842.415296403375
1.03,648.5836881168069,1832.2146959456816,2861.377028012613,3836.7404371022412,4850.709017464889
1.035,682.8368681505474,1750.4625803126619,2858.821465609211,3736.211579703491,4868.425852514746
1.0399999999999998,824.0200889820088,1831.5179953064064,2791.591922181743,3894.944879150167,4856.76393626825
1.0449999999999997,714.7511711591158,1947.005678859035,3073.590678221737,3888.0217982650533,4785.763604814679
1.0499999999999996,647.9474244028027,1942.5419504184406,3010.5791742369993,3817.877560619107,4854.5196605993615
1.0549999999999995,674.6582575149145,1762.2785902857927,2871.500864051559,3828.4523433788154,4958.186331982054
1.0599999999999994,758.0325116493159,1501.9338101330957,2822.908905700432,3930.6776237560625,4998.945828952942
1.0649999999999993,732.7174237364405,1509.9517819780892,2778.7217030894312,3907.1035489812975,4910.104599991762
1.0699999999999992,686.8800979731308,1712.7954494475437,2752.285598964738,3828.668186624613,4854.466404536203
1.074999999999999,692.0925579477059,1972.4251409538765,2671.728085168418,3816.830698380317,4860.078280311592
1.079999999999999,785.1279931084291,2263.89579870566,2964.5258219367865,3947.9526765591036,4876.704287717644
1.0849999999999989,938.26597162975,2525.063441448141,3664.7140759697936,4160.487746376231,--undefined--
1.0899999999999987,1018.2176821793742,2613.964337979803,4108.434550656083,--undefined--,--undefined--
1.0949999999999986,851.3917436438713,1966.7281904731483,3068.9969922508517,4079.7149368088553,5105.792441678499
1.0999999999999985,742.7999782901874,1913.0889895578691,2799.573664142719,3940.0783193846337,--undefined--
1.1049999999999984,758.4850979912798,1857.3640236122692,2812.183660275732,3781.567767837133,--undefined--
1.1099999999999983,867.8028286096395,1503.518580472454,2769.8256979031758,3677.97387056121,5060.121226941502
1.1149999999999982,899.2813986686969,1218.0543390870475,2830.302756807997,3604.534592257651,5033.12389455939
1.119999999999998,730.9726916197325,1573.0963725376128,2664.9991477087724,3637.3793390729684,5018.062230906994
1.124999999999998,656.0671163416649,2041.1660053182543,2641.465285053841,3697.6957650742747,4908.034552494552
1.129999999999998,652.08135133614,2063.4308741294412,2686.7611699661006,3654.0675636439255,4848.790066853435
1.1349999999999978,678.4199773405904,1641.0599942666975,2773.0739172889766,3520.835638682706,4887.8216043758075
1.1399999999999977,692.3815530148795,1720.4936898945443,2993.6550255535976,3565.0220835872356,--undefined--
1.1449999999999976,717.5128137773183,1662.6023563096114,3000.1968364259506,3560.728237559722,5416.350901117073
1.1499999999999975,830.6955779991672,1542.8618291673738,2817.3869918661,3561.276287348753,5157.40846359037
1.1549999999999974,872.3588085710994,1416.4867613583185,2561.379049614276,3574.0210033728995,4899.48119441299
1.1599999999999973,794.497690838181,1407.14684741769,2371.9718175157245,3585.0133445805686,4816.392292809501
1.1649999999999971,753.9378489787565,1773.9682779453171,2432.278599669119,3546.5592361015792,4905.009719275804
1.169999999999997,859.8972689663568,2188.3749267776884,2534.1353713499548,3436.573942678342,4983.457577303775
1.174999999999997,869.2640157413199,2095.664807494443,2491.4866862450785,3586.57637911214,4956.538500175763
1.1799999999999968,819.0664343069624,1971.37180174858,2371.8590150008,3717.434833718796,4906.053437852597
1.1849999999999967,746.411086379883,2055.3235113929677,2394.63764530542,3686.271257714377,4886.501707679862
1.1899999999999966,662.6986175198297,2107.7294887081257,3041.238359355742,3625.180753377674,4893.093451995645
1.1949999999999965,773.7588288131345,2277.8894927485644,3555.894817409326,4658.2758072771385,--undefined--
1.1999999999999964,990.9530509903368,2343.4083889989006,3437.6859523940448,4923.876529539018,--undefined--
1.2049999999999963,1017.7201559024456,2114.9292348038025,2977.346320198797,4400.127432221524,--undefined--
1.2099999999999962,803.6813461153952,1737.8214182968707,2577.7065074796656,3584.5538135748598,4928.776138367518
1.214999999999996,725.9812820504337,1932.3803432592415,2784.855326727718,3709.8219051845376,4946.041464600148
1.219999999999996,701.3427585316977,1884.2216112622725,2843.317838692979,3693.1206918336693,4994.108304187049
1.2249999999999959,682.077634408679,1860.0646028146396,2787.3017086810432,3657.9803233278635,5069.525123900698
1.2299999999999958,723.0634024929093,2075.0923716486964,2983.518431327248,4164.859769739318,5116.480111477827
1.2349999999999957,809.1247750630357,2451.511811608277,3348.3350299705894,4993.5738221504125,--undefined--
1.2399999999999956,796.5984388783297,2414.5915983471073,2991.765444148323,4538.726504659152,--undefined--
1.2449999999999954,804.2865530594355,2045.0708599715263,2914.690760822139,3912.172681545616,4780.505419128569
1.2499999999999953,778.9403717826827,1734.4809520297244,2897.2336516823643,3703.7398503782374,4832.582412461239
1.2549999999999952,761.0211956317166,1657.4058731256696,2894.0451483308984,3743.6275435177904,4869.689740031884
1.2599999999999951,751.6148205150752,1816.0101395057472,2900.9709238769437,3865.4270406953315,4868.717897270652
1.264999999999995,675.248177409375,1950.153702163125,2970.9598325507222,3978.350955489456,4890.177827434544
1.269999999999995,654.6434933387202,1888.0511234609564,2968.693897830351,3942.005365846326,5241.727695024207
1.2749999999999948,655.3563395216311,1848.5638577418179,2961.3906282001753,4010.584243687916,--undefined--
1.2799999999999947,659.7839942523583,1859.5903099862749,2941.1907525260767,4089.1271305170276,--undefined--
1.2849999999999946,655.0092039968001,1895.1802761998058,2902.1478124304626,4105.115511809905,--undefined--
1.2899999999999945,633.6037274796129,1853.5449874655756,2846.631219153927,4049.042228684433,4973.116633194092
1.2949999999999944,755.3981319648942,1841.793907448828,2734.0033256395823,3941.9621856450385,4930.75421037907
1.2999999999999943,916.8474652567004,1673.2107861958398,2681.303209302879,3866.884880077683,4955.908741014117
1.3049999999999942,955.042634541941,1516.6530359967521,2690.2447260051226,3861.21445449817,5053.23311171115
1.309999999999994,821.167139247522,1467.774158367543,2749.0729670422043,3890.3026641208035,5152.518382771355
1.314999999999994,655.3050786903693,1474.3746019812022,2836.634755956573,3799.325154799599,5059.90457355134
1.3199999999999938,663.8575424850385,1512.4019088374905,2847.490484973676,3854.039383548372,4900.830938539268
1.3249999999999937,801.8992473326839,1864.7179435241005,3012.889321324461,4247.955355968316,--undefined--
1.3299999999999936,874.9610026036897,1989.7253494539318,3079.8939226788693,4464.385434016763,--undefined--
1.3349999999999935,817.2961964589794,1749.5606208080192,2945.2964848185493,4265.065306293214,--undefined--
1.3399999999999934,788.674588528516,1751.6206190941675,2791.050683638985,3919.9579863774734,5018.128170805284
1.3449999999999933,762.6902480061503,1953.1780269496342,2720.9162998302154,3816.782503160792,5079.608460352498
1.3499999999999932,771.5390947938415,2198.108264880483,2705.003929883454,3778.4528089922846,5194.299067211321
1.354999999999993,776.9292195535066,2328.7764928802058,2707.7208840902417,3764.6060210726696,5268.191831397411
1.359999999999993,750.788236270163,2316.120180839895,2704.8178756652533,3797.70508232481,--undefined--
1.3649999999999929,685.6912156365232,2343.171514855077,2691.138733434201,4002.5205008616135,--undefined--
1.3699999999999928,681.9960363859935,2031.0612229675403,2703.8350766795043,4045.527808606634,--undefined--
1.3749999999999927,692.5592420389042,1921.3811019454286,2702.096242322345,4041.885601592822,--undefined--
1.3799999999999926,696.9184958510685,1843.005742198363,2705.9765966472232,3989.123663892881,--undefined--
1.3849999999999925,698.0335683089406,1717.4104551704947,2719.4361347046474,3917.3584524730104,4966.268833609468
1.3899999999999924,737.2692521723038,1685.585302000123,2713.742007330296,3923.6770926099994,4830.4899180540815
1.3949999999999922,808.0509087667848,1650.4026572241282,2723.0839266185444,3913.8059364017727,4808.43653218604
1.3999999999999921,731.2568364539788,1629.448260499118,2727.9803099260607,3905.4601281546434,4827.813145352528
1.404999999999992,664.3584558344861,1605.435772939211,2719.304365672488,3899.086299679329,4890.845141359999
1.409999999999992,695.8969464313797,1638.4205619796794,2693.6182159341843,3880.4385619401282,4991.18095918972
1.4149999999999918,774.734265810557,1933.6534693232425,2654.9660265955076,3809.621016935415,5103.691505228807
1.4199999999999917,576.2037614359131,1983.589398428725,2677.9819282065596,3809.667263180224,--undefined--
1.4249999999999916,657.0992966401099,1994.9112733127306,2693.224078155339,3807.3167164214397,4847.235189402263
1.4299999999999915,758.5489726699473,1957.3121663082932,2692.9858017362703,3821.931049077506,4845.556293327245
1.4349999999999914,738.2582808987099,1872.4710361344692,2686.785808270818,3845.828857236446,4867.249302846745
1.4399999999999913,716.3033734833697,1778.622378176126,2708.5431453082847,3816.221594733063,4987.062196543355
1.4449999999999912,682.404462946501,1773.2774721609799,2734.2214937430927,3876.641796443131,5037.551637467771
1.449999999999991,648.8824287144197,1760.4350314997732,2700.668988251432,3873.739191546182,5028.496508531219
1.454999999999991,628.2302259627808,1761.5910819421604,2688.8938617252375,3819.48283770264,4982.457768915973
1.4599999999999909,623.3910573901477,1770.0583922680214,2733.0740423038974,3757.18092620887,4943.470089945761
1.4649999999999908,622.0088388193353,1719.6796679041681,2778.318603885461,3770.857699378338,4994.0212212862625
1.4699999999999906,692.9008498723178,1544.3949202325894,2733.3523356260134,3869.252227810903,4982.905219370123
1.4749999999999905,681.4689822210951,1621.466519006471,2733.7256215177736,3862.550753688114,5022.347089314908
1.4799999999999904,649.0021610276368,1750.9263779828614,2742.194913940713,3790.189927542701,5103.153671161215
1.4849999999999903,626.2664396048486,1778.5502127533202,2735.1038031015796,3703.8131338427424,5202.642284431411
1.4899999999999902,573.052385056625,1668.415083581177,2726.0127940034067,3656.333990578526,5286.265891449427
1.4949999999999901,566.6481490566902,1612.9282566092124,2758.0550896083682,3686.665447111497,--undefined--
1.49999999999999,573.5405112237745,1533.4496524534122,2774.9611471278795,3790.2630893914934,--undefined--
1.50499999999999,584.5244071802383,1484.0813708489277,2756.562792464759,3865.0527797343866,--undefined--
1.5099999999999898,590.2185524202893,1493.7388042435916,2716.9998326536315,3863.496691749785,--undefined--
1.5149999999999897,577.9982374222325,1541.2463802051852,2725.877174742465,3834.269083434597,--undefined--
1.5199999999999896,568.7169622998177,1554.4868316871687,2727.1533316980826,3871.9325540675027,--undefined--
1.5249999999999895,570.2788331721073,1567.3062789013263,2721.2256531095354,3887.1049989987464,--undefined--
1.5299999999999894,577.9981436922995,1575.2134300959026,2711.917245533952,3871.7295505104257,--undefined--
1.5349999999999893,585.2548583586769,1575.847165614595,2700.040631939003,3837.2984569661335,--undefined--
1.5399999999999892,582.920580814369,1573.3300117019548,2680.6443550818,3820.9748286149347,--undefined--
1.544999999999989,579.6939752481826,1615.7273384239181,2691.9283667723994,3838.9216178933625,--undefined--
1.549999999999989,565.3290671469872,1654.970383663788,2703.790783074677,3828.0359870515053,--undefined--
1.5549999999999888,552.8883032365588,1684.544278341823,2706.2502042867263,3831.7259323323556,--undefined--
1.5599999999999887,555.4959411433151,1706.5598284196478,2702.998624096698,3859.825111825295,--undefined--
1.5649999999999886,585.9827732695504,1733.919596331567,2719.4836318558414,3856.228252048895,--undefined--
1.5699999999999885,585.2460772340444,1683.4908024299211,2695.8103706865727,3863.9625876317796,--undefined--
1.5749999999999884,597.3061389231456,1689.0188212088267,2700.985557355186,3866.849478886051,--undefined--
1.5799999999999883,606.3654386772691,1698.621423637453,2719.9660970411696,3856.2367930282853,--undefined--
1.5849999999999882,603.0353713038021,1659.057856736192,2735.781839405836,3833.8543190555347,--undefined--
1.589999999999988,593.1674746363498,1525.5202549274554,2734.822388444282,3817.987625707042,--undefined--
1.594999999999988,603.8965852626982,1495.3084134975622,2747.637210613143,3790.161201160007,--undefined--
1.5999999999999879,621.6701579185099,1585.1222619920286,2751.6670551037137,3819.8976249010125,--undefined--
1.6049999999999878,632.7212459446964,1681.4580804346508,2749.3516791491024,3857.046340864734,--undefined--
1.6099999999999877,632.6756554675721,1724.5534010454082,2741.8027321612726,3871.295756457301,--undefined--
1.6149999999999876,632.5367516597246,1753.9425583660638,2725.159057469803,3874.8821608492703,--undefined--
1.6199999999999875,620.2573880570067,1783.5376611101622,2726.4781910362,3881.9453596624417,--undefined--
1.6249999999999873,605.6307283643188,1790.905790858603,2748.27284180594,3885.609677456298,--undefined--
1.6299999999999872,592.0326596616451,1765.5713729238153,2768.2182820014227,3881.378066056272,--undefined--
1.6349999999999871,579.6976758196781,1696.0364684576791,2777.536931779706,3873.3995650555376,--undefined--
1.639999999999987,564.0545949175081,1563.8531367407702,2792.2048854798545,3880.5573258848794,--undefined--
1.644999999999987,552.5682885326866,1462.479091913384,2786.3751476645093,3842.4415667628587,--undefined--
1.6499999999999868,532.9919437059298,1441.203334655143,2779.751610616225,3840.4507695479947,--undefined--
1.6549999999999867,520.505730891214,1521.602347745762,2790.96755990386,3857.1875667596023,--undefined--
1.6599999999999866,511.2574007018339,1626.3367793682744,2814.689944788228,3870.0247606206003,--undefined--
1.6649999999999865,465.77816623612057,1507.0131719925228,2804.6273526759146,3854.994786199134,--undefined--
1.6699999999999864,471.2948598670202,1567.737962947552,2799.2892093759083,3865.9404769078305,--undefined--
1.6749999999999863,495.1445087936494,1625.8197633557093,2781.4070280974556,3869.9582194879517,--undefined--
1.6799999999999862,533.553641831976,1618.5364582550496,2765.241862522169,3872.160185293685,--undefined--
1.684999999999986,573.3392047800344,1585.902712315811,2761.8390161300317,3875.9950043422277,--undefined--
1.689999999999986,581.9442239041293,1736.0765301115287,2775.2174836467684,3878.83497534468,--undefined--
1.6949999999999859,539.9384736841374,1628.3175026874464,2783.18577164873,3883.29399204149,--undefined--
1.6999999999999857,550.5451574568184,1560.7378386960181,2772.3780921505618,3878.6472404547812,--undefined--
1.7049999999999856,577.9580301907164,1545.9727310838382,2768.5135385825756,3883.584759570209,--undefined--
1.7099999999999855,604.7990428861449,1620.6285267432747,2798.3003850629943,3907.90771982536,--undefined--
1.7149999999999854,657.8066101480815,1897.6055181585466,2890.3645307672778,3945.1709835761076,--undefined--
1.7199999999999853,660.5222133776585,1621.6677928263534,2831.904465577225,3910.6176548778026,--undefined--
1.7249999999999852,665.546469500483,1774.631995648645,2893.553946610654,3937.7751694543977,--undefined--
1.729999999999985,659.2165618598552,1963.404579760784,2922.0885278387213,3992.4694562609657,--undefined--
1.734999999999985,640.4392330569211,1975.8283086825493,2868.839419260112,4039.9836318770112,--undefined--
1.739999999999985,634.9853054328028,2018.0943980479449,2897.6885279556745,4057.9809915335436,--undefined--
1.7449999999999848,559.9927049529862,1970.3222274790353,2852.450673750772,3958.5040277287703,--undefined--
1.7499999999999847,430.4958817430459,1831.1786826560765,2824.6122486845443,3917.205400062052,--undefined--
1.7549999999999846,350.82601590236544,1688.7142475494786,2712.662991729394,3888.2073868344855,--undefined--
1.7599999999999845,364.5642293888231,1613.3001250829782,2544.164144006956,3841.994368489072,--undefined--
1.7649999999999844,410.2511292571533,1644.2767796710468,2585.9878980999806,3795.1710426425802,--undefined--
1.7699999999999843,463.5612524669697,1636.200203635629,2531.424640116332,3730.087273100856,5189.043220017758
1.7749999999999841,481.9888568539966,1654.3252716937443,2584.4380373945264,3737.6631230959465,5323.304932696613
1.779999999999984,483.9109926102597,1604.517731426846,2666.434271690833,3784.7498706811452,5230.0250022626915
1.784999999999984,497.1051564397535,1494.9490010473987,2726.269857989622,3848.1073543484067,4904.118147249382
1.7899999999999838,562.1798650656885,1522.3499290964699,2782.6816361084193,3933.5844265135493,4989.467806414836
1.7949999999999837,663.5669826429582,1609.3314548939445,2804.6774272733624,3940.38292152071,5033.18371785536
1.7999999999999836,686.9507862652692,1653.6965165701422,2796.028050100517,3926.541472066031,5020.795817660313
1.8049999999999835,674.1190690452648,1664.632113783245,2805.4863174400903,3879.9228222623256,5022.786943487868
1.8099999999999834,654.168362877365,1663.0297191796153,2846.6228822227254,3826.807032097544,5059.499303331954
1.8149999999999833,620.319256053467,1679.8809581375563,2870.517526111169,3867.306473925484,--undefined--
1.8199999999999832,595.8644727780719,1626.6958335109268,2796.1550435178024,3929.1663310648332,--undefined--
1.824999999999983,539.9974912708885,1607.9002005491816,2734.989328126388,3863.6412192213043,4932.426599796205
1.829999999999983,473.8590195108755,1646.7269305931247,2715.662606009953,3798.42261911081,4860.631302733425
1.8349999999999829,425.18790780076614,1677.4760778873574,2746.3283728832776,3815.2190503908446,4746.913336024928
1.8399999999999828,430.07450061221397,1483.3241598855614,2811.1988683784953,3900.009967686725,4802.926027531235
1.8449999999999827,537.2094653780105,1410.5537716777974,2713.8261804526355,3804.0436882658782,4928.270790360621
1.8499999999999825,608.4342714925629,1540.9575030048723,2687.8050551753195,3756.5426723708915,4966.908716827526
1.8549999999999824,638.9466245419269,1655.8003787839089,2722.1056173754664,3765.829500330848,5019.890544285325
1.8599999999999823,639.8879897944506,1653.5265540488622,2771.663805620323,3806.8317461096094,5102.807542652575
1.8649999999999822,636.1936031539941,1651.4382169228459,2753.658194361374,3817.741851007606,5061.6593852469605
1.8699999999999821,630.333763644975,1621.7573104575201,2662.047387294753,3737.9384533510533,4948.064090740603
1.874999999999982,617.1232592661244,1513.2576437748514,2640.3979110526875,3758.561794936346,4917.742989803262
1.879999999999982,567.369821415298,1381.062479945398,2647.494817443501,3803.695677118427,4916.931461647298
1.8849999999999818,495.90000987221526,1299.9801507456696,2647.271643281226,3829.453584845306,4893.781077439393
1.8899999999999817,495.37201084014646,1376.4413945014967,2627.478028795907,3868.919463161567,4815.047076441811
1.8949999999999816,450.39931963598065,1004.6016652251708,2573.5552641409827,3806.5972839521005,4822.416977385574
1.8999999999999815,597.8561571966045,1808.2851721496963,3187.934545107041,4424.237171225547,--undefined--
1.9049999999999814,785.948234777646,2524.8439172692024,3742.642602611263,4882.853881328832,--undefined--
1.9099999999999813,881.4852022177762,2531.258150585198,3726.027559126128,4754.6997898628115,--undefined--
1.9149999999999812,806.6203356616724,2502.918791664474,3068.72291203619,4413.875866766121,--undefined--
1.919999999999981,591.4968289066568,1572.587348880161,2738.868357499924,3975.061276993771,4946.271846381739
1.924999999999981,545.3242097259039,1457.5023376463628,2634.6757920735718,4091.9164926066496,--undefined--
1.9299999999999808,580.8862824768515,1856.648128229003,2668.8665795012826,4258.380640105293,--undefined--
1.9349999999999807,628.229193832593,2171.714847727548,2739.1521053341407,4151.944690081151,--undefined--
1.9399999999999806,681.9206083419031,1438.977701250826,2715.363671761618,3841.973111845393,4863.187961325548
1.9449999999999805,727.7703397379736,1432.2908032424207,2689.5646524142826,3735.143701565361,4818.584205475775
1.9499999999999804,758.2320275112857,2123.309860765554,3210.6668587018753,4207.275813346895,--undefined--
1.9549999999999803,818.236924774535,2629.7607173223087,3487.322557541513,4511.876971569952,--undefined--
1.9599999999999802,835.4945227477004,2418.2018460721124,3145.1192766271542,4301.690193928766,--undefined--
1.96499999999998,521.9612879679211,1564.4856362176654,2595.3108473424236,3974.2008170114746,5097.603574563278
1.96999999999998,541.4834246778556,1587.686645184033,2702.9620876370445,3921.906721212646,5087.977440078359
1.9749999999999799,510.92423222887805,1410.745965542633,2807.0920344962597,3906.6213944229266,5006.753824560049
1.9799999999999798,523.9727624696271,1283.7134759232893,2855.119065504044,3866.449937855754,4937.130383968459
1.9849999999999797,599.2634746150567,1350.6927811016712,2856.4210269195146,3818.1045043090908,4921.32092487333
1.9899999999999796,587.1110906189622,1472.1888394249002,2870.494406724953,3899.8437300797627,4922.691456801663
1.9949999999999795,580.904898115455,1509.412071934269,2761.0344916936638,3910.3912248188076,4868.3073909256145
1.9999999999999793,593.2076713050185,1614.3390461470135,2639.3961500148826,3854.0495058757074,4832.001279081755
2.0049999999999795,602.9356633797858,1662.525292822605,2622.0261386044017,3819.3401625355737,4837.210607718177
2.0099999999999794,597.9505036157552,1566.7773524485206,2712.1196249560508,3869.933719830747,4879.075812226845
2.0149999999999793,583.1550181624046,1314.9747105291958,2723.402587489878,4027.6998696994224,4910.67704728975
2.019999999999979,933.7053760827173,2307.1718797394597,3620.2943976982965,4746.736543921163,--undefined--
2.024999999999979,886.3422318458656,2023.5425838591523,3176.9425032862596,4264.298969301404,5099.2363586836955
2.029999999999979,759.4167172747284,1596.743652196379,2624.9370289583535,3739.9350025085873,5094.719063708982
2.034999999999979,759.6970308624127,1638.3447231923055,2670.22525419336,3787.581831151395,5088.574944860703
2.0399999999999787,818.9909749158828,1579.3994101060023,2861.7014193529358,3872.140947553692,5097.018521879548
2.0449999999999786,826.783401725493,1483.92206897576,2892.7976848020803,4139.110920558376,5030.218417032227
2.0499999999999785,781.425054954915,1439.3812157848424,2919.449653425753,4154.546839521364,--undefined--
2.0549999999999784,741.1685129420762,1503.22965215281,2886.3938637929373,4094.0929419045915,--undefined--
2.0599999999999783,719.3923151578131,1701.0316493028047,2770.223690071534,4056.967701931364,--undefined--
2.064999999999978,647.5729118124385,2017.3404220152192,2614.500504325605,3959.1110275305955,5065.916565438709
2.069999999999978,685.2435775473684,1979.1405082826423,2702.7053642136775,3863.251890150197,5052.857646387818
2.074999999999978,709.9970819581606,2012.9814738649793,3097.3933376226696,4156.8102962805015,--undefined--
2.079999999999978,695.1872795932724,2015.3459697511694,3258.4195640694743,4127.677187855382,--undefined--
2.0849999999999778,617.3710574901619,1921.4159286113447,3016.842341038295,3641.3634844039343,4959.520163353349
2.0899999999999777,444.0482677218566,1771.5021515115686,2867.9818837796183,3629.9627239248284,4998.931022643866
2.0949999999999775,987.3863750526664,2273.9770503040527,3499.9469242117107,4652.920047670555,--undefined--
2.0999999999999774,956.6213970713247,1918.2263876011234,3035.3424284452853,4707.735080184483,4568.343021519805
2.1049999999999773,772.5001725874021,1817.7337423355655,2552.3450668003625,4492.748500411928,4568.343021519805
2.1099999999999772,713.0647797060362,2336.289327351899,2760.784983712968,4516.472828925214,--undefined--
2.114999999999977,672.4701445195125,2354.1562516677004,3541.760428098775,4749.307938155048,--undefined--
2.119999999999977,618.1490609926888,1949.9132534455232,3017.276805668985,4085.4355692156564,4989.146474583841
2.124999999999977,621.3964343786618,1776.4325989805816,2855.1936628176445,3834.927438859419,5039.9149815087985
2.129999999999977,637.0728075678925,1721.609027362689,2785.4481298555015,3806.074805277044,5003.022538554652
2.1349999999999767,637.3758624462929,1709.128371360666,2627.6208642617707,3807.600122291234,4859.550833775743
2.1399999999999766,633.0970321883673,1795.087674020234,2518.957025186925,3780.2115126595145,4807.104292586082
2.1449999999999765,678.4461411836224,1582.8251162770712,2465.064548401061,3785.571176397051,4863.303564095128
2.1499999999999764,631.8302422981897,1568.7277795320176,2511.9650168070375,3777.7369016327125,4892.768068202222
2.1549999999999763,594.0803041569014,1659.0155457878448,2637.2044848170026,3730.4963630701,4834.306387635022
2.159999999999976,606.8782096140297,1724.1420288294726,2788.3018537150297,3690.1788423335047,4724.1091561512985
2.164999999999976,592.2470712258466,1618.6638812973968,2866.8490709958,3830.3520699290957,4758.915238751597
2.169999999999976,601.1651075487194,1644.607013956047,2903.088411171129,3827.596145484979,4822.900127665619
2.174999999999976,612.6749186270849,1749.699576927451,2919.784434862355,3749.9849427556414,4889.579673821273
2.1799999999999757,622.657359775025,1761.9040700923647,2847.6060265128885,3702.776192776689,4910.6218587077365
2.1849999999999756,636.3027321542397,1669.0721255557014,2723.814591981678,3765.8765038422016,4894.139268822959
2.1899999999999755,674.0529404801758,1740.3333743265491,2777.320208864087,3983.373486009219,4946.074692328093
2.1949999999999754,736.1927974418106,1787.3565074382343,2777.435060412516,4005.102271395429,5138.44214451591
2.1999999999999753,759.1278544567633,1785.772419829705,2858.253849886927,3895.1005449394806,5123.060924568769
2.204999999999975,751.3859913911825,1744.5064689884337,2893.576056176717,3811.185162071034,5100.533961634144
2.209999999999975,724.5837391421904,1677.5313042946007,2807.179279417441,3836.5603460585226,5138.624360533907
2.214999999999975,688.0408135727628,1602.9571234603256,2620.9556703526955,3927.3634927846824,5030.68305345505
2.219999999999975,828.6835683590185,1744.2540907123564,2763.389436436399,3892.2769474528577,5119.8360285819235
2.2249999999999748,808.8159530557064,1796.3412687816824,2818.0718119342177,3784.3450445904323,5066.36106309458
2.2299999999999747,755.4615487635093,1884.6669156484506,2840.2567540713426,3681.6161902216636,4977.5581116598505
2.2349999999999746,769.4505393075189,1945.0719120472795,2827.9060162055157,3632.42538617413,4927.838303268471
2.2399999999999745,872.982855400491,1538.5446099097262,2633.400372911941,3636.9520769796723,4899.621944909391
2.2449999999999743,276.5987952213004,1034.0228557829043,2562.8762128206586,3591.019650129305,4848.17443808192
2.2499999999999742,457.8886291063141,1191.724340792889,2604.362792697735,3654.152151851096,4858.236643126727
2.254999999999974,723.6775519076334,1502.6873597178608,2703.8389371966664,3711.1526910549883,4896.568263642606
2.259999999999974,699.909748562514,1632.9808104990573,2779.473125668084,3730.164690238416,4922.84605128308
2.264999999999974,729.3428296866527,1642.8433631699174,2699.8782901529053,3845.5916382312685,4892.624654866783
2.269999999999974,787.5834684474465,1605.924604356687,2649.2863753142524,3858.2396317471057,4854.914457641646
2.2749999999999737,791.2632293870473,1497.5397265414476,2620.7386470006927,3905.4348242278747,4853.254764088021
2.2799999999999736,810.0764024021763,1848.9585544072397,2747.2665961358375,4008.358428796682,4860.624426103826
2.2849999999999735,844.2329770778033,2418.416084796572,2924.4881465297813,4074.8417324773236,--undefined--
2.2899999999999734,759.9193768749424,1572.1346662048566,2620.919573746944,3818.7672488700823,--undefined--
2.2949999999999733,702.5188649727861,1695.1988987915008,2583.6128789250783,3828.835892760145,5149.517936806636
2.299999999999973,706.6282496928849,1867.452939193452,2531.046128870491,3830.3088457451486,5042.9994678159055
2.304999999999973,702.2188144722154,1900.385539121443,2636.9972947959695,3859.756981389427,4888.175394535305
2.309999999999973,668.0496944388427,1780.7737299269954,2880.3431804734614,3924.222441475047,4778.666598333044
2.314999999999973,674.4438587139144,1723.0893424533722,2868.9073937967896,3954.2840597443824,4862.1072401753945
2.3199999999999728,586.1386812054428,1880.798174594148,2934.8478804861784,4135.728795039503,--undefined--
2.3249999999999726,602.8749367754176,1936.7810029822024,3053.0092303368356,4202.706590732727,5228.765900886261
2.3299999999999725,669.3450863058384,1938.5381871246223,3058.019772873507,4161.532729586666,5242.288475127288
2.3349999999999724,727.4574180831029,1836.932063912008,2898.0980840569127,4002.5550358077858,5200.627855423735
2.3399999999999723,734.563817780893,1370.7058407926015,2717.2515077052617,3653.5251306260297,4883.121053640508
2.344999999999972,664.8592782335369,1790.7901836192837,2272.211935481942,3495.7565185182534,4861.1946415127995
2.349999999999972,651.1283751787789,1992.93844540686,2449.194920131798,3521.0177385577026,4832.511753834218
2.354999999999972,659.7954205855941,1984.1338711598185,2664.375155785565,3642.1043338968807,4830.544428537663
2.359999999999972,656.3296950077181,1875.3176874311177,2682.338693551175,3812.8290987015707,4863.116692875096
2.364999999999972,617.3292438276521,1854.6962471404577,2985.0593158977417,4068.518473191051,4866.162908063772
2.3699999999999717,636.9863348500795,1878.6288515083238,2986.153055858582,4105.987622494074,5076.089919933304
2.3749999999999716,642.1793393988178,1951.677782489995,3139.262535753427,3803.862597197314,5047.323819122292
2.3799999999999715,617.8624416737437,1966.1724532147741,3085.204102985165,3618.3139844680945,4958.3922372226225
2.3849999999999714,581.4604755706283,1947.5681213699236,2729.1424089707225,3724.1536032782706,4922.03360228711
2.3899999999999713,601.5441670469447,2162.3673198412516,2483.3074679440233,3782.233031515128,4887.910348321399
2.394999999999971,610.147855011224,2064.9180911253147,2551.664471837779,3904.171305604712,4902.337244088316
2.399999999999971,598.1065721856847,1875.5864630962835,2642.6149882254963,3990.2652156018444,4864.745351713346
2.404999999999971,606.8776524645637,1772.9163543070435,2742.0602900712884,4077.25863700181,4805.015377439611
2.409999999999971,645.6685618125523,1791.518949923091,2818.840151906577,4125.980685264576,4765.067978508013
2.4149999999999707,665.537297874932,1729.260711547,2784.088457062364,3947.6900785301746,4799.199179961944
2.4199999999999706,927.9894323093829,2304.161829138897,3424.076210585935,4633.0828916170485,--undefined--
2.4249999999999705,866.2916796201187,1931.7806661117606,3137.9301358363136,4081.4135777556544,4996.225853512737
2.4299999999999704,710.8473517464737,1511.2757354479295,2771.8187866917865,3612.2606024721185,5021.758499275715
2.4349999999999703,637.035543436246,1530.2422362418508,2771.999858495969,3822.396078411336,5059.5459382994995
2.43999999999997,664.9343806497393,1585.9181323045013,2710.549151766695,3813.241196444546,5026.710119971568
2.44499999999997,648.9565639476294,1781.9401532729141,2658.1213608103963,3801.461038365469,4984.386742843371
2.44999999999997,677.1366395580545,1798.2253014016521,2660.9515626190914,3820.404036726605,5173.82531213246
2.45499999999997,698.7598925652369,1817.1019484050855,2645.823044550315,3777.4014708905584,5211.956858849824
2.4599999999999698,690.1221166707859,1871.3497575989443,2594.372418100404,3677.664047630922,5008.630672137879
2.4649999999999697,683.9260197626922,1691.0060781799755,2591.2872738439482,3704.376693375834,5019.044164857984
2.4699999999999696,667.1558136007988,1652.2338134757933,2649.6667819449885,3890.45023938,5101.574549239982
2.4749999999999694,667.6415756016902,1673.2142863143106,2625.995595184709,3917.5111741618066,5026.046993977108
2.4799999999999693,662.7078025221172,1708.3717256708585,2646.501357932773,3867.629892715369,4954.234151212536
2.4849999999999692,649.498902256452,1734.4117216012505,2733.4149203853376,3811.3282849931734,4961.642795941061
2.489999999999969,663.5848994391665,1762.2380326053744,2709.0860362550748,3764.710888096802,4946.7577847656175
2.494999999999969,696.0730580772705,1974.388722139437,2360.689006307242,3727.057152481429,4888.867936057227
2.499999999999969,717.1955564754677,1998.9931889037869,2353.1654152176075,3762.2223166239564,4857.320676143704
2.504999999999969,718.0695061886629,2027.2605513635508,2446.3700205845166,3799.322493479856,4862.532452790287
2.5099999999999687,699.825133600003,2081.6162384192353,2553.1822828355175,3815.87869528167,4889.04620748544
2.5149999999999686,677.6663665023011,1841.521768903573,2933.820942988369,3883.7447424318766,4882.715964481712
2.5199999999999685,651.2080883289624,1917.3858072555108,3085.9514835046484,4230.049621628186,--undefined--
2.5249999999999684,660.8201310903949,1930.3950699415211,3067.0830489280925,4243.555664512988,--undefined--
2.5299999999999683,700.6874974860478,1919.9014450141767,3175.460561836465,4199.912630698539,--undefined--
2.534999999999968,728.5232016146552,1911.5208945869392,3341.064237300132,4189.643870251716,--undefined--
2.539999999999968,639.9874279477467,1870.280181679648,2830.4636335915125,3905.461125331826,4855.273242029386
2.544999999999968,689.0093692896695,1743.5870154716906,2790.711559126745,3936.139172014335,5037.839148348548
2.549999999999968,714.1642753336502,1748.8028783328493,2698.9989720717354,3950.004968075357,4996.176952279797
2.5549999999999677,695.2648852362197,1842.2852647831032,2691.5150278951955,3891.709714542624,4956.53972792022
2.5599999999999676,657.0582523478896,1896.0606316685564,2787.7019030255124,3810.6004147032327,5040.966646674737
2.5649999999999675,689.4039509427141,1650.5467375540782,2752.875488985068,3914.0642070319063,5146.697791741799
2.5699999999999674,752.2798979039823,2282.3072363123842,3236.1628122193592,4077.3317785380577,--undefined--
2.5749999999999673,726.2740664207765,2442.574960896322,3553.8325566223875,4573.019138232059,--undefined--
2.579999999999967,700.5615043612224,2282.6522214292445,3219.1395199912595,4497.485654257612,--undefined--
2.584999999999967,711.7976995324887,2003.5232085988555,2459.1820387344974,3799.6074603717184,4858.17243290422
2.589999999999967,690.3121750829679,1754.8750390802343,2703.98301731823,3971.5412836974688,4929.488302416748
2.594999999999967,693.0946240168199,1798.312726455562,2694.7485471772566,3993.976463949857,4939.279399990728
