0.025,660.4508785572439,2194.4138147560943,3100.440482873292,4341.6500446916225,--undefined--
0.030000000000000002,621.1283852792131,2111.1643743697155,3099.403465028247,4368.233328959904,--undefined--
0.035,545.5231316938173,1933.03478502475,3114.5056100151933,4421.608822089636,--undefined--
0.04,572.2783367684029,1878.2493461358802,3220.656561914346,4417.4846833519905,--undefined--
0.045,679.5089736677495,1949.7690778118802,3327.6835420521434,4347.558034445256,--undefined--
0.049999999999999996,685.9699356322687,2018.407654804221,3241.3925771011764,4196.658190933498,--undefined--
0.05499999999999999,632.5169726715351,1994.9451128016783,3015.3311000043695,4039.8427961217394,--undefined--
0.05999999999999999,591.3374923378103,1868.5405016597977,2811.360838226498,3917.793539186593,4856.081040432048
0.06499999999999999,647.0362671057583,1832.462676265425,3024.390516952654,3738.2825221508106,4938.463223185544
0.06999999999999999,685.6577146033527,1925.6006631862135,3091.002758919732,3751.5283108786975,4839.546621306819
0.075,686.7431426002613,2013.555916708375,3051.7511727422266,3983.4411957342763,4875.839018025065
0.08,667.7599098614064,1959.4331018091982,2959.97627435792,4124.164890927379,4995.95838002967
0.085,651.3126753083367,1745.105210862311,2870.6223023865828,3986.503569433789,5085.101575998744
0.09000000000000001,660.903999120482,1683.8689594327016,2835.804581073311,3835.0524778498493,4970.5161728806015
0.09500000000000001,522.9074714333021,1868.2026855758718,2453.8123789489027,3428.3329560512925,5062.824146533527
0.10000000000000002,463.15504218296314,1896.5122448504294,2278.704471307423,3282.2688741101188,5058.300057338429
0.10500000000000002,444.1712213389385,1849.0312300465469,2259.657846687465,3279.478386238035,5040.642770946776
0.11000000000000003,420.04765965349804,1826.8330648830897,2297.5109906502917,3271.3077970154986,5081.360085309049
0.11500000000000003,416.62989353629814,1818.117334656408,2383.001305538843,3252.141684880911,--undefined--
0.12000000000000004,409.9406159933559,1784.507082325355,2383.3239377833406,3234.8695149070163,--undefined--
0.12500000000000003,409.1965442627595,1746.134519624883,2336.7517859216496,3220.913316514006,--undefined--
0.13000000000000003,412.78970603272097,1726.390665719606,2286.6859037040913,3208.905262110339,--undefined--
0.13500000000000004,418.14489607765074,1735.8213186675666,2263.3379879011295,3198.7606091071125,5448.542340215714
0.14000000000000004,424.18234678294067,1749.8077629576032,2258.285909575461,3195.6716724064922,--undefined--
0.14500000000000005,427.21310304669623,1757.195600056171,2272.5001142912456,3194.5058887849755,--undefined--
0.15000000000000005,428.26813456030163,1754.5136680526084,2323.9416016947034,3192.7498143841744,--undefined--
0.15500000000000005,427.89835985151956,1750.1947178545493,2344.9917111905465,3191.5474503722357,--undefined--
0.16000000000000006,426.7513850563409,1747.979259204309,2302.650723273562,3192.006968151571,--undefined--
0.16500000000000006,425.7487340749222,1733.2155006609516,2289.7912623234733,3194.0559514164306,--undefined--
0.17000000000000007,424.24992769840503,1727.4109651470594,2319.3383602801546,3189.609421809632,--undefined--
0.17500000000000007,422.55434881027185,1727.0366788685567,2333.5751921838814,3183.2137132322646,--undefined--
0.18000000000000008,420.9223845780745,1730.3015810408476,2332.378469679557,3178.6045201066077,--undefined--
0.18500000000000008,419.60111673570884,1734.6103636285372,2319.6432421787385,3177.823656975224,--undefined--
0.19000000000000009,418.8561755583417,1734.666911171392,2288.0915275704992,3178.6796712060577,--undefined--
0.1950000000000001,418.2912960204048,1736.8758714248959,2225.765416203534,3174.1000261267604,--undefined--
0.2000000000000001,417.8688391457193,1744.171615113898,2179.040995945734,3167.251464487579,5305.993478190768
0.2050000000000001,416.9876191498255,1740.1967622598017,2147.3623590143166,3156.561326915839,5333.395605418682
0.2100000000000001,415.06367867101727,1715.251174322327,2126.053949671762,3141.848633809616,5383.887294257561
0.2150000000000001,411.6033526966223,1683.3667387111982,2117.2642343876255,3128.101216105601,5351.708634195978
0.2200000000000001,410.376020110471,1676.0285763763472,2103.5858969126225,3137.032327257126,5379.2409380523995
0.22500000000000012,408.95451239483504,1677.3380465919577,2110.930801845761,3150.8478077972936,--undefined--
0.23000000000000012,407.0072674650411,1666.9682040315931,2169.73510018658,3162.957852407666,--undefined--
0.23500000000000013,404.74563790497103,1642.2789024402855,2266.461158366898,3167.2735688913267,--undefined--
0.24000000000000013,403.19525206577293,1653.3157625604547,2260.6797568682196,3154.0357522096347,--undefined--
0.24500000000000013,399.5561996505703,1686.462515050243,2179.7815603619642,3170.4202805038512,--undefined--
0.2500000000000001,394.85664953679776,1703.1307670045444,2154.4497660371067,3179.0655838272605,--undefined--
0.2550000000000001,390.3538442572585,1692.9940693249434,2170.0022897104645,3182.2901678281855,--undefined--
0.2600000000000001,387.2622275227021,1660.5110246509469,2198.795966819989,3185.404424261107,--undefined--
0.2650000000000001,386.78091969309645,1640.1423092489367,2230.8705755137403,3188.062560862631,--undefined--
0.27000000000000013,381.5739323261238,1670.7673641456283,2171.4094407558605,3181.068394356597,--undefined--
0.27500000000000013,382.88264869951144,1692.035669011166,2131.4154510116055,3176.805538332082,--undefined--
0.28000000000000014,387.0472557109607,1694.3182927451517,2111.8342985280706,3178.843361764942,--undefined--
0.28500000000000014,389.62477444834514,1675.6622290060952,2105.6504331518904,3187.837342506046,--undefined--
0.29000000000000015,389.16934784325827,1635.0777228149511,2124.6224386057506,3200.1057011915145,--undefined--
0.29500000000000015,384.6554533984573,1635.663047916767,2122.0140112677573,3190.363542464413,--undefined--
0.30000000000000016,383.41365830324975,1650.3676407832295,2115.694215766138,3193.817322860862,--undefined--
0.30500000000000016,392.6491050837245,1671.0091646230017,2177.400134622572,3206.7396933925793,--undefined--
0.31000000000000016,410.6969983238272,1691.5425925944446,2300.68285441477,3217.3002708676718,--undefined--
0.31500000000000017,410.8321634290703,1705.9446431110578,2234.595779896853,3203.4698288904124,--undefined--
0.3200000000000002,406.34530990841563,1696.1215768031777,2163.6299243474496,3191.6663468849183,--undefined--
0.3250000000000002,405.13645046292237,1684.5303592224984,2126.7763780270006,3185.705174526601,--undefined--
0.3300000000000002,407.4103293149964,1685.9700471655708,2139.853237738946,3199.8536690020946,--undefined--
0.3350000000000002,410.9856692590605,1703.0555744006272,2194.7698119849256,3231.638334344978,--undefined--
0.3400000000000002,409.6187586425629,1707.0667609278328,2227.9275113018884,3227.5675525660627,--undefined--
0.3450000000000002,412.7240729738052,1722.8213512134719,2350.625196879419,3222.2002804807044,--undefined--
0.3500000000000002,419.3120483438115,1722.148410545788,2373.9512324879242,3211.4244361759397,--undefined--
0.3550000000000002,423.3945823103334,1709.4001633487355,2342.2622796459545,3204.05631317504,--undefined--
0.3600000000000002,422.0907631801668,1696.4056777989174,2313.3188058210876,3207.392461518488,--undefined--
0.3650000000000002,422.8992613786527,1705.1044384078518,2297.876256423162,3221.052323084088,--undefined--
0.3700000000000002,423.4694078977298,1710.306516430113,2342.4332470826644,3211.830624961774,--undefined--
0.3750000000000002,420.16446755445025,1708.9490585309607,2335.6504014380575,3216.335006517578,--undefined--
0.3800000000000002,418.4062820872142,1717.677432296932,2309.9565066043087,3238.7943048553266,--undefined--
0.38500000000000023,419.81736341462147,1738.0818465495042,2289.4391558887437,3262.9590847513027,--undefined--
0.39000000000000024,411.7152548175105,1721.0725224711855,2220.221487560789,3223.5050567465746,--undefined--
0.39500000000000024,410.5044333595857,1710.1606166589995,2179.95311231915,3211.336140262447,5362.636958737903
0.40000000000000024,410.02906674349595,1724.3497658431527,2185.191500318821,3219.490114484607,--undefined--
0.40500000000000025,410.7743634530079,1741.6438354126785,2203.528947747829,3228.187499629316,--undefined--
0.41000000000000025,411.9439655635064,1748.7729306473054,2225.655637436122,3225.936972254714,--undefined--
0.41500000000000026,406.57755562397296,1772.6905234357646,2331.4873684586096,3229.660594985059,--undefined--
0.42000000000000026,394.9399443306561,1757.4019407058854,2282.649096626388,3248.4397484154315,--undefined--
0.42500000000000027,388.70316646886255,1746.2545690739037,2251.0524149627076,3251.2484887049613,--undefined--
0.43000000000000027,349.14793926428325,1759.284020747838,2252.4717815267854,3239.676986381056,--undefined--
0.4350000000000003,283.78447140476817,1790.8064216512203,2268.7235625954686,3223.0912041604843,--undefined--
0.4400000000000003,353.2409242548722,1769.4625727779876,2239.149366484218,3221.068214006214,--undefined--
0.4450000000000003,322.5675933475225,1784.7818551260632,2361.0452024851375,3231.8071896262677,--undefined--
0.4500000000000003,356.2138734672933,1775.7924703292615,2357.9169449499955,3235.5522454097977,4906.01421605535
0.4550000000000003,372.5993051119035,1750.9664374462986,2295.0764359636696,3235.226652481068,4761.216558866927
0.4600000000000003,328.7471026546984,1727.9556626826068,2243.652909201289,3232.1411426473933,4466.73528551105
0.4650000000000003,379.05215596036766,1726.3438355165447,2166.237692430836,3213.867748029515,4466.082459033256
0.4700000000000003,315.852807065235,1740.2120125906226,2116.120310333589,3212.8076988218213,4413.556265047271
0.4750000000000003,321.6052617712426,1750.0623888260916,2192.8269896803763,3210.7787252456774,--undefined--
0.4800000000000003,342.04593112368707,1758.5672485086345,2293.5935103519187,3209.7890013606934,--undefined--
0.4850000000000003,333.6456264458832,1774.1681772246634,2312.931640336098,3213.520403796905,--undefined--
0.4900000000000003,368.4145506900997,1815.6367910376684,2201.2575392400418,3224.1071461129354,--undefined--
0.49500000000000033,400.6480585877935,1762.3915924668727,2158.4595693592346,3210.449278569917,4702.302188949089
0.5000000000000003,414.93692565824574,1755.3806254176648,2285.2827149596174,3233.867386610465,4798.321399389261
0.5050000000000003,417.4869173980541,1763.4080753584944,2386.241127696107,3254.7378894423955,4883.571331946143
0.5100000000000003,417.0250607647319,1755.1608875471813,2363.5451587029443,3250.8289596268673,--undefined--
0.5150000000000003,420.9516855280816,1760.1821388754408,2505.5497581734253,3285.8884314333773,--undefined--
0.5200000000000004,424.30729415639297,1738.947890531073,2514.497648219462,3271.917486256241,--undefined--
0.5250000000000004,417.7348293253556,1728.4850924692855,2446.8945904047446,3269.9720108793545,4694.036610903193
0.5300000000000004,391.10400061511126,1724.142909648868,2316.6697202962996,3269.1380961730033,4488.547289583754
0.5350000000000004,360.5848025753828,1725.8806391807866,2218.644818028114,3269.5709251527087,4070.784955457148
0.5400000000000004,420.693213023061,1763.950655539284,2508.9076679770415,3331.355873255957,--undefined--
0.5450000000000004,422.74378383752605,1765.3961545796237,2668.451191992886,3311.9679594404543,--undefined--
0.5500000000000004,418.6440362337536,1731.513806741333,2570.734014602698,3273.3182427135425,4967.055689401117
0.5550000000000004,419.4431843040363,1726.1285498890634,2525.145507981082,3252.4903908691576,4967.055689401117
0.5600000000000004,425.36813280365675,1769.3576195267678,2650.0124147979736,3260.251866847974,--undefined--
0.5650000000000004,419.57367657696284,1734.139380472934,2351.1918882990435,3241.346031989027,4694.481514137617
0.5700000000000004,432.87760293458996,1767.8999148810115,2479.556261674793,3297.1651269147474,4431.25673255041
0.5750000000000004,912.0201320513511,1802.3894251919296,2931.911510608864,3344.225985265459,--undefined--
0.5800000000000004,1013.6384308781346,1813.0273354495048,2917.8836659739122,3328.510119660045,--undefined--
0.5850000000000004,366.57218953371546,1800.1371516227236,2264.765862605285,3259.2625983688545,4576.1858546339145
0.5900000000000004,378.6415148069021,1819.225880561981,2810.7428675794736,3316.107222630935,--undefined--
0.5950000000000004,383.0679557266408,1789.2207811429655,2748.3836282006814,3294.915567189846,--undefined--
0.6000000000000004,403.86536380383865,1754.0922435104508,2665.8314282513466,3288.86561823395,--undefined--
0.6050000000000004,731.4881682062694,1759.6822869856549,2756.4211999026347,3302.8399683488806,--undefined--
0.6100000000000004,1378.5889124568773,1821.6035601228334,3032.3509696926435,3318.2257283203335,--undefined--
0.6150000000000004,1479.299008122696,1872.9980109344233,3134.2573565234093,3278.5289217264894,--undefined--
0.6200000000000004,1633.187413511501,1997.8320442771785,3208.620007860473,4310.284011527954,--undefined--
0.6250000000000004,1694.6161268165774,1993.0924715458152,3007.982662572029,3957.0020798755295,--undefined--
0.6300000000000004,1567.884770727825,1937.509946840125,2903.904090893206,3378.891254254353,--undefined--
0.6350000000000005,1288.777859908358,1912.9135850841394,3099.1080098774587,3530.537828410769,--undefined--
0.6400000000000005,1242.1791082154025,1909.2379705064266,3104.755475033585,3512.7607274265683,--undefined--
0.6450000000000005,512.3611917811423,1849.9716215391436,2349.5633284790324,3373.260944680242,4725.33246107649
0.6500000000000005,333.1598751141074,1764.5385518636579,2211.868042511084,3339.6983889449384,4772.037998613632
0.6550000000000005,419.0393769319568,1738.2006997690598,2306.4629678666593,3415.705947555265,4846.2948615928035
0.6600000000000005,431.1437278323611,1815.6425717727855,2323.480048176977,3556.9462830917514,4908.516585967043
0.6650000000000005,426.64872858594066,1915.5018354055933,2825.653575703807,3670.1933280212593,4881.13049523474
0.6700000000000005,413.79541927945576,1829.4348459452492,2937.8829696726943,3996.94841330603,--undefined--
0.6750000000000005,417.9313518195374,1787.095552947945,2842.18954103159,3990.252121173457,5319.279550493945
0.6800000000000005,438.34456852637214,1819.381676022481,2849.1041189499633,3917.531102333711,5319.279550493945
0.6850000000000005,463.65617778672316,1904.3428278162228,3068.5922851098903,4020.1584480756383,--undefined--
0.6900000000000005,461.2276905705698,1943.2731913873833,2989.4601422284372,4184.026017598736,--undefined--
0.6950000000000005,456.0532301567821,1951.7597795184508,3084.2809493484274,4175.219907967372,--undefined--
0.7000000000000005,469.6316739460591,1936.2158467530194,3201.4721728295467,4249.350966904629,--undefined--
0.7050000000000005,501.43184746732567,1915.1728703121091,3231.5371977086206,4360.536275967454,--undefined--
0.7100000000000005,545.2753066672545,1907.0914093358017,3150.5518563808428,4435.132941869008,--undefined--
0.7150000000000005,588.5691946885391,1927.1704021525131,3159.0360186004536,4422.03565744639,--undefined--
