0.025,882.1658850432457,1315.8379244960786,2793.181694271213,3621.1910047225983,--undefined--
0.030000000000000002,873.7133107604395,1368.8881269643534,3011.3725183752185,3612.5528567871183,--undefined--
0.035,822.742992659134,1392.8620597420454,3169.0362055905125,3655.233314775193,--undefined--
0.04,703.9406359248185,1284.8243471967176,2872.109475341326,3798.713686465046,--undefined--
0.045,688.5765070163288,1328.8245796320296,2748.468953305265,3683.2041497688842,--undefined--
0.049999999999999996,690.5679820742207,1310.4977399273805,2685.3731693113496,3630.8377639306455,5373.805366035433
0.05499999999999999,695.6315803850406,1280.227308643667,2656.004692855792,3607.968395368036,5392.673468978632
0.05999999999999999,698.219260562076,1259.705551080813,2639.935464774172,3594.7184940728416,5414.977228469626
0.06499999999999999,696.0008847765516,1257.127823140586,2621.424739824688,3579.7480767677084,--undefined--
0.06999999999999999,685.4824768338211,1252.0514551818449,2628.7127102410996,3602.642066008425,5314.636377710224
0.075,669.4101920008443,1257.2632885878468,2637.286497890745,3600.2628561835977,5262.184084743534
0.08,655.3311175434892,1260.5858096970303,2623.642707967883,3597.0061685633723,5227.740530476288
0.085,650.417094846394,1262.8529912708834,2605.3692384327987,3603.865708854821,5220.446352153584
0.09000000000000001,659.8619616081313,1268.7516210713811,2613.481602900246,3625.6682613574876,5226.919297948992
0.09500000000000001,670.8740045716996,1267.3420665837511,2633.238589646204,3658.4466833860297,5267.123917687351
0.10000000000000002,684.8403874922099,1260.8279264928042,2610.563115507155,3663.629858798147,5308.738506410693
0.10500000000000002,681.9654725281408,1262.1577014721292,2587.5637050237765,3674.7788900966734,5317.206327668251
0.11000000000000003,674.4727989728808,1268.5071427448013,2571.1766918609796,3691.009046460599,5318.770940383932
0.11500000000000003,683.8876922416448,1271.1785769767919,2555.4640612822063,3699.488050277515,5356.91396866931
0.12000000000000004,683.8632797219908,1271.053255201058,2547.216383135889,3710.6910402302874,5379.032307225076
0.12500000000000003,693.316788714562,1271.8819071147882,2545.5474798186356,3705.5489368781805,5357.883794183045
0.13000000000000003,697.2245373500114,1267.1447470023602,2557.433843718495,3707.988810148895,5326.758435692979
0.13500000000000004,691.0700584569616,1265.0797476883413,2580.465490960002,3714.039068422028,5295.52551939335
0.14000000000000004,676.6624514797638,1276.6908624172322,2604.9259871229297,3709.16112645252,5267.344205115709
0.14500000000000005,674.8154585094835,1276.1492949622916,2591.6805574277455,3689.789342946535,5267.7013953488495
0.15000000000000005,670.674098304819,1278.2970841279164,2574.316424233025,3695.3871857804647,5300.234555094275
0.15500000000000005,669.8177481662938,1273.9362898432446,2565.54341615402,3701.5389588272615,5337.803626492502
0.16000000000000006,657.8609721881211,1259.7848364167219,2576.045547830094,3699.356834762103,5351.650018977455
0.16500000000000006,615.680627399623,1237.8619502679044,2609.2768463209923,3687.1872102263023,5321.157438393912
0.17000000000000007,560.3833799956129,1237.3083721972928,2605.902358914208,3674.3936470234435,5321.975934616772
0.17500000000000007,448.0058305432927,1234.0786099557668,2600.3996199832613,3683.4523659465685,5263.757717194485
0.18000000000000008,407.6593851255528,1232.1009312993892,2589.9982705259185,3702.3107093659646,5246.93207921767
0.18500000000000008,398.3120802210167,1229.5511000762062,2575.8336369400263,3724.3211271774258,5262.793861546787
0.19000000000000009,337.5468889149009,1223.5260801197746,2562.966527855231,3741.1615439406783,5261.398310797028
0.1950000000000001,473.3013628946697,1224.9375231682543,2578.685629739527,3709.4742526385203,5244.725701300642
0.2000000000000001,552.9638975871216,1230.6077277177476,2588.059059014289,3708.8054609105834,5280.62212347876
0.2050000000000001,597.4051773516827,1234.039855382621,2599.212703134008,3708.6297778363314,5296.940220030796
0.2100000000000001,608.210897924507,1240.3220181010972,2605.7566373818727,3712.130316980893,5289.861678352085
0.2150000000000001,586.452795506541,1256.193046104525,2598.316926212125,3732.0836889233665,5282.713194467313
0.2200000000000001,587.4296025051891,1255.2210114781308,2598.5903236963823,3740.1840893335434,5284.239327173718
0.22500000000000012,611.1317245659741,1251.1795312836941,2608.7222062278324,3755.344915342055,5288.909347168659
0.23000000000000012,635.071135930492,1247.3754570689773,2612.1159556074463,3744.5762797987572,5271.618624828358
0.23500000000000013,647.8720934927348,1242.8256426388837,2601.0312535964,3724.0084723385094,5265.066290884467
0.24000000000000013,642.9523982226928,1236.5004049863046,2578.065855117941,3725.8811605603705,5312.2703381431165
0.24500000000000013,617.1687470394916,1245.3667296110193,2614.0180257929715,3728.5490668206376,5306.370661694476
0.2500000000000001,618.4889532141335,1250.6124608466441,2629.8109334650903,3715.7063286563775,5322.351643210685
0.2550000000000001,629.2785149976443,1255.423985175444,2633.9652601585926,3701.688372543471,5328.351252006874
0.2600000000000001,639.6395971086602,1262.2745601206072,2635.89836225197,3692.8207386387003,5327.895359837554
0.2650000000000001,643.3570661944519,1271.1635379841273,2645.107426404529,3693.6454714945517,5336.174941333439
0.27000000000000013,646.2953718040964,1258.4361745570868,2660.936239674726,3723.41965986329,5335.505920017103
0.27500000000000013,643.0432071323827,1244.1430833238323,2660.643173368445,3714.0046003030684,5294.63949737026
0.28000000000000014,643.9632183713003,1236.503042322662,2653.9724795603174,3701.995400382992,5277.053541711886
0.28500000000000014,647.7123854022077,1239.9241143344236,2651.7938068812873,3693.2943756586337,5287.899435274983
0.29000000000000015,650.6652081905863,1254.8252449458873,2662.6706060163942,3682.1682443222066,5303.694738034792
0.29500000000000015,677.5386623738378,1259.703791830852,2661.9346839305886,3668.175804664234,5259.175875969214
0.30000000000000016,707.0008255454692,1250.90919580842,2669.938295945064,3622.9509344341045,5284.6030902777065
0.30500000000000016,717.7842464471556,1242.7649778314333,2687.9957076201595,3598.8473297043756,5335.202328443457
0.31000000000000016,698.4690248329318,1235.1937180521295,2716.9883950281846,3582.5221769186737,5392.015446978757
0.31500000000000017,653.0488394394289,1224.9457391741971,2749.9104449283413,3540.467440932846,5430.399224201772
0.3200000000000002,695.9602362711063,1236.879238044461,2703.597469250945,3517.5804816793448,5269.648905277785
0.3250000000000002,709.8602262846878,1236.506958964276,2680.285293317912,3509.013797274237,5192.73481098195
0.3300000000000002,722.1965374623778,1239.628905381614,2677.0647057567116,3484.8375012707684,5213.656109569183
0.3350000000000002,732.6097505284177,1244.7534255761773,2681.5140102346318,3452.9884217018575,5296.257026268252
0.3400000000000002,731.3747648892404,1244.690435062597,2678.5021652581772,3433.7031827564765,5376.188546548972
0.3450000000000002,726.4309570764611,1247.4379463043863,2677.1468015500723,3407.0564099335215,5363.798534896959
0.3500000000000002,718.7120536885042,1246.4831060811016,2672.6045021228165,3389.510225618404,5371.489241805704
0.3550000000000002,725.4505944732819,1244.6936495037514,2666.095767081811,3384.91911154764,5405.145483195747
0.3600000000000002,739.596031709945,1240.480228293559,2661.2403153231194,3382.760761959682,5438.863861467376
0.3650000000000002,744.2779679567561,1232.0593258612796,2661.452483084376,3369.9545325848235,--undefined--
0.3700000000000002,730.4652826823153,1234.049503099771,2656.5420827790385,3375.5650050318177,--undefined--
0.3750000000000002,728.1396822007807,1238.13996187816,2693.6013641358877,3361.938248416124,5441.862641838131
0.3800000000000002,726.347436462973,1237.958985118094,2709.559183015829,3359.414311003312,5441.862641838131
0.38500000000000023,728.8901497499003,1238.3688072790596,2703.1239972314097,3363.992991617973,--undefined--
0.39000000000000024,743.7994081673344,1246.2837655059932,2696.642840423413,3358.7657061884356,--undefined--
0.39500000000000024,761.7681138601359,1239.920678288438,2687.4544548556914,3342.58177763757,5443.009037707677
0.40000000000000024,769.3078636874072,1239.2087745582835,2670.542441801121,3345.994859911106,5395.761477063435
0.40500000000000025,781.7127138534022,1249.6153236389116,2668.287264666855,3322.1303765027174,5321.35366099188
0.41000000000000025,789.2185464154323,1259.2226025115083,2679.4005611495745,3297.2896592024376,5273.156052636627
0.41500000000000026,775.6153159806062,1252.5869427930627,2691.8253424903814,3322.015009817855,5300.310449317053
0.42000000000000026,765.6665581810396,1257.6604094087597,2688.924502357138,3376.682689390578,5248.651965730595
0.42500000000000027,765.0735309658294,1263.5959386934105,2677.9088448616735,3412.0201705119193,5297.1479016274525
0.43000000000000027,759.9624908704633,1255.738247874465,2664.576272712231,3409.908471933312,5327.073740976046
0.4350000000000003,755.2097508018081,1238.7745861378087,2661.8300224068257,3385.858905209038,--undefined--
0.4400000000000003,760.4330626413956,1225.7224092675465,2679.9124166934625,3371.284209816543,5328.0657193397665
0.4450000000000003,753.0309878608241,1227.279472127846,2669.1424150537127,3400.3218037591214,5305.293021527623
0.4500000000000003,756.16276147173,1231.2391838860544,2659.855262109745,3397.6624489003716,5343.409494172027
0.4550000000000003,776.0278987307775,1226.9899044648625,2664.8813736368593,3419.2695246446237,5353.092191115289
0.4600000000000003,791.7910236435623,1222.6247998352455,2673.3263729363034,3462.8034508026067,5338.672462071025
0.4650000000000003,776.7145492024221,1230.8648546697536,2667.9590754459796,3498.8468622088317,--undefined--
0.4700000000000003,766.5806623052243,1228.9244837324686,2674.0913844413158,3473.096809773791,--undefined--
0.4750000000000003,779.123320240224,1227.8397210941273,2712.1273296561817,3493.2357457276426,5245.807748685693
0.4800000000000003,785.2509730447802,1236.2867231518455,2720.8961113364426,3526.792224964373,5240.647256437347
0.4850000000000003,777.2930132747376,1244.1899474333668,2704.0897487459306,3557.9748104423,5243.592502213007
0.4900000000000003,757.6714832331794,1236.618325475486,2690.414078838848,3577.96423114023,5269.5692452768335
0.49500000000000033,740.742073542041,1232.6787818429102,2680.004091060414,3589.289571170234,--undefined--
0.5000000000000003,738.3357272961088,1225.4526218156964,2711.741477623479,3611.590625578273,5435.154630408661
0.5050000000000003,745.205316494376,1220.1918760883752,2708.252424246715,3630.5835860846096,5435.154630408661
0.5100000000000003,760.6097260455359,1232.5733290568912,2681.982745989024,3703.4704427704123,--undefined--
0.5150000000000003,782.7963452495623,1274.7239528288048,2674.287406668331,3890.542764365669,--undefined--
0.5200000000000004,785.8689101947167,1278.0053844300244,2629.2898075839116,3979.304863049272,--undefined--
0.5250000000000004,786.905355910451,1236.0717285772396,2611.3891422685374,3989.9307066076126,--undefined--
0.5300000000000004,784.3151303977393,1228.0814903934724,2626.798539791298,3957.0634521374577,--undefined--
0.5350000000000004,780.9512646511996,1244.7253581760194,2651.106763154901,3921.3402672807697,--undefined--
