0.025,683.3083807875128,2175.7448750114904,3101.6389430763143,4359.350897431507,--undefined--
0.030000000000000002,722.5528813706029,2133.631096114603,3148.576659252853,4351.381584662903,--undefined--
0.035,743.7419521987281,2089.3202823596775,3088.304702268913,4345.831090712273,--undefined--
0.04,746.4452941799992,2056.3789699333947,2959.2712482934667,4227.844251357698,--undefined--
0.045,753.7116926270376,2025.5972567944195,2887.4692679922646,3871.1600685962107,4960.395986867169
0.049999999999999996,744.295375079664,1845.2077908942006,2915.7989022652346,3750.5047491314576,4945.109950130244
0.05499999999999999,686.6418819119355,1756.65416139181,3013.597314284457,3920.1130155706355,4906.814314472929
0.05999999999999999,959.0116294652491,2021.2477943974045,3214.8518111495796,4364.069712460234,4887.745229348016
0.06499999999999999,1181.0343435241862,2040.6184990969723,3209.699480141326,4485.300071808238,--undefined--
0.06999999999999999,734.6486103455059,1012.7862775953137,2655.7862055791893,3616.6178283817185,4872.409806078509
0.075,666.8089885482592,871.9329309436213,2916.936763260816,3856.892503996576,4648.776873882971
0.08,651.577321756557,813.4981023293067,2954.6143463256226,3874.620785816302,4430.825080426852
0.085,641.6000560542733,797.3546380624331,2941.432101605184,3860.0198301441224,4346.256931066438
0.09000000000000001,625.9900528109147,798.6873229004768,2941.7745888386994,3861.762224708026,4429.643232409979
0.09500000000000001,610.7028575061016,797.6789658646198,2968.7218323304405,3863.833446464567,4639.078041940918
0.10000000000000002,609.7505703798479,782.2802510090964,2965.784050432592,3818.524846392802,4586.740768359902
0.10500000000000002,604.0724066421822,769.782482694582,2937.913326923904,3848.230573240801,4574.254085893002
0.11000000000000003,592.5960214883161,775.3172272387112,2925.1874085051877,3964.706697637057,4663.064720284615
0.11500000000000003,582.7333689163711,790.8663053522351,2962.840580296588,4111.546371583563,4784.306666017603
0.12000000000000004,584.2598888943575,798.2766430467229,3059.67470476031,4191.09266909078,4808.662791190276
0.12500000000000003,582.7072853511562,798.4858586148822,2918.980841134579,4041.45901407333,4671.820779840738
0.13000000000000003,577.3484323475047,798.1119602291122,2797.9548854159525,4060.4705310060267,4742.757084922459
0.13500000000000004,573.1459891609401,797.4649599070635,2733.509830782431,4027.0123541416992,4764.794727344968
0.14000000000000004,570.0883453537194,798.4128244638457,2704.5424017738237,3923.6815143141403,4714.261840861966
0.14500000000000005,566.3524415878604,802.7991523391668,2667.7756293763846,3835.809019125662,4682.502982840301
0.15000000000000005,566.8194665754519,802.6230228292267,2678.1225729166536,3941.823871965756,4843.596299764502
0.15500000000000005,566.8745613277345,809.2343256231193,2676.1597147833563,4011.6539858724327,4808.8810117863695
0.16000000000000006,574.7681534339015,818.3486693363315,2689.3872124044433,4029.65143982577,4763.344200440942
0.16500000000000006,589.399759643823,825.1620746083936,2710.538250513888,4034.906010394968,4754.921523048816
0.17000000000000007,604.0314769923183,825.2429256349232,2714.6356337701254,4088.5491798782573,4765.221151475784
0.17500000000000007,599.8767557189188,824.2688127187942,2663.914914473968,4173.316217785246,4712.419661418906
0.18000000000000008,592.0449409698052,829.0902595424203,2715.8079716117013,4073.102863128123,4763.769742797381
0.18500000000000008,587.0415042915466,839.7240687393445,2766.4677608437005,3949.0744937545664,4803.9749661584965
0.19000000000000009,584.8162484054473,851.6184671698683,2768.496420876211,3885.7412192184916,4838.367235516857
0.1950000000000001,582.622885125971,858.2034839848384,2708.479152976589,3925.242682323385,4919.08926602135
0.2000000000000001,583.5189061344015,858.3378603378469,2683.368620669751,3988.3756800947613,4985.232832343396
0.2050000000000001,583.5642190830768,853.5344162164004,2657.9474382185294,4028.0167924161256,4938.491284869956
0.2100000000000001,579.8988801648178,847.7616694748076,2636.28029836536,4019.4446849366054,4859.198405874826
0.2150000000000001,572.8875065176912,843.387428841301,2651.4298899623714,4005.356861731664,4819.142268693529
0.2200000000000001,564.7091542319564,841.9268687852116,2737.784324776418,4050.7946533070262,4877.3178879003135
0.22500000000000012,559.2712706678088,842.3823702548189,2776.247027777009,4073.967606873784,4947.709487982159
0.23000000000000012,556.0992782039409,839.5567774396093,2783.5664882217793,3860.336634884421,4852.891110769762
0.23500000000000013,554.6141020114944,834.2390563897038,2771.433299031978,3716.96620006953,4742.0336002499935
0.24000000000000013,555.7301085762957,829.0440374632773,2766.2271223735465,3753.4999482794083,4667.990529675789
0.24500000000000013,560.2394981119273,826.7216849119326,2795.260866508571,3944.6392454554584,4645.213777948176
0.2500000000000001,559.7288294471218,818.9624583370688,2794.92029481371,3723.6354450602644,4742.337600672906
0.2550000000000001,567.0986799125957,816.0629060707689,2797.6911746673672,3668.030135806286,4756.7160550404615
0.2600000000000001,571.3042032671252,813.2789031996236,2842.3707155752336,3713.499414114247,4727.577843338712
0.2650000000000001,572.7593599983803,811.432739846959,2910.3684480154916,3934.101512472084,4648.367168961629
0.27000000000000013,576.3603915914516,813.4291895855956,2954.6443143024926,4401.782174237676,4512.596458185327
0.27500000000000013,575.1700172175858,816.3744043420206,2930.2034805608264,4414.665403976086,4552.799324545515
0.28000000000000014,571.7316559592867,820.7937017986673,2921.034793149103,4276.9042284341995,4586.004735741781
0.28500000000000014,570.5986832635558,822.0964040426534,2898.6168226501472,4049.5944866076084,4657.125355912058
0.29000000000000015,572.8132170773584,820.0660594108698,2870.23924091586,3844.6095181074775,4707.772013338926
0.29500000000000015,578.2903510027179,816.8446562566954,2859.2426650923244,3793.8832977428847,4647.068450671428
0.30000000000000016,594.6700038127759,817.0610273444182,2875.525264354121,3915.1629245319687,4604.575050676879
0.30500000000000016,606.6854019391328,822.8584839006832,3013.9885951656097,3894.191894373008,4614.570357836363
0.31000000000000016,594.349607276511,834.8814256940534,3055.31714020352,3819.9779163896033,4675.6393541053785
0.31500000000000017,567.366777891124,844.3739136883055,3005.9815045034184,3736.8832632216963,4732.673762163927
0.3200000000000002,548.7581042633255,839.718976367927,2971.4871125969357,3673.565787275497,4716.7583039051615
0.3250000000000002,540.3222586930143,832.9122684306064,2937.3877669164094,3675.474104454309,4738.607911636916
0.3300000000000002,537.0408125398915,824.6752072050912,2996.1532613665468,3777.7488900763556,4768.004850625755
0.3350000000000002,541.849963881571,821.3820066986484,3041.7812296524485,3807.8483889536196,4756.699690735497
0.3400000000000002,546.8617865649667,822.8129944160756,3056.8011546644566,3771.342091827752,4708.976124869522
0.3450000000000002,540.6002174363912,825.6444478285803,3066.3295942575683,3756.4257772284313,4653.909085591368
0.3500000000000002,535.4896631923438,828.8760094672419,3117.149679461074,3818.3116733615934,4601.694019818133
0.3550000000000002,534.144739677938,827.9614204702742,3051.102741641356,3781.160071868336,4620.986887847033
0.3600000000000002,544.7758370279327,824.8513236176417,3057.163818709066,3711.7273312244083,4659.892886107149
0.3650000000000002,559.9137180600502,822.0207701977537,3123.764073671907,3657.975140303051,4722.047821146703
0.3700000000000002,565.4861143183487,821.9387244946603,3142.0691328525672,3658.314243875963,4815.703576677288
0.3750000000000002,563.7173378397407,822.0879276091824,2979.1109545745535,3710.5914382309356,4695.830692490268
0.3800000000000002,566.661239619786,822.7705579819227,2926.5858290909955,3638.619708399027,4714.435295619054
0.38500000000000023,568.9805484719675,824.3381297003425,2913.721539804455,3598.4168029392863,4766.525890649983
0.39000000000000024,570.1633278977644,826.0799230733099,2902.631066156536,3603.6228915797883,4814.3421570453165
0.39500000000000024,571.5443085449839,826.8490279929139,2871.6581807962857,3603.7543655288764,4844.249163881414
0.40000000000000024,569.5226967198744,826.8169756610719,2847.9506016328396,3579.05455046764,4786.663237087561
0.40500000000000025,570.9225782928928,822.9062083089087,2855.023180745693,3595.2563406634654,4780.798115229305
0.41000000000000025,571.3939818551146,823.487617506989,2876.9632028856454,3629.779957611714,4785.52594882023
0.41500000000000026,571.3859922956635,827.7427346827302,2884.2940626033924,3665.1525382091136,4801.06240480854
0.42000000000000026,573.3016174726905,830.1490121900365,2849.328651626841,3685.273411875481,4833.821533653311
0.42500000000000027,575.856029928488,821.7773938826559,2860.7990904144413,3676.631343344945,4734.657224679919
0.43000000000000027,579.6964824072567,818.2580970592057,2869.464390467164,3700.5081183326542,4675.971614935976
0.4350000000000003,578.5659972970142,818.1453587281852,2892.6671315331237,3728.7969036635386,4657.1488803118955
0.4400000000000003,573.954828207467,821.075946487514,2909.518030102185,3747.004223552315,4667.1124054031025
0.4450000000000003,570.7485603421146,826.658083562645,2886.6252090117064,3743.9821108535725,4683.727705102495
0.4500000000000003,568.3699492695604,830.3031604939624,2866.28904667627,3676.05144788968,4633.604993979576
0.4550000000000003,563.1365910964274,831.7417858132627,2844.882235066473,3633.2188926226336,4641.499943870407
0.4600000000000003,561.9734365011242,829.2391814154292,2832.7165684404977,3599.0671227398198,4655.5535765440945
0.4650000000000003,563.3323576800511,824.5552983564983,2826.2520709213322,3576.13403436636,4688.595957403164
0.4700000000000003,562.2092343909186,820.9770665454719,2816.4463872379333,3572.5229851228064,4775.138961331206
0.4750000000000003,561.891741419595,817.9244441848683,2811.720433827528,3562.9798375516416,4852.975010881734
0.4800000000000003,561.0132251596315,816.6239193104574,2807.8943508938187,3545.1834722313915,5033.195369623797
0.4850000000000003,560.9936114884671,813.0708989218525,2803.70987764758,3532.2050208910573,5156.689664873191
0.4900000000000003,559.1476748010282,811.2707162652475,2802.0385783709594,3540.2830443419525,5107.717756468083
0.49500000000000033,553.3688380775776,816.8608836670281,2808.6280292078613,3584.5895794915727,4823.215132054729
0.5000000000000003,574.0950438994107,807.4390913659624,2841.6788651181505,3650.1526430124522,4633.864395098334
0.5050000000000003,594.6379213438481,790.1355694652776,2845.480105792402,3649.8050370149444,4590.64540834538
0.5100000000000003,590.1156330680528,797.6812394728005,2829.136818594148,3632.5176532051714,4596.676915918616
0.5150000000000003,583.8202873707728,811.5827240224189,2819.129421218241,3630.8593958111933,4617.162630434616
0.5200000000000004,614.5990063871724,794.0718639682082,2844.964059862684,3665.1597101177276,4642.725113142102
0.5250000000000004,618.5644882316586,779.3569891184648,2855.9868383611956,3678.7660433922815,4666.627215907604
0.5300000000000004,584.9170963544152,799.6469469048305,2837.057180132054,3694.475621351126,4825.016035859945
0.5350000000000004,563.3348859519122,810.8640439692786,2835.2617947126855,3867.762439283721,4817.754851104961
0.5400000000000004,560.7105841970325,809.1815200965476,2854.345478622907,4081.3019463496225,4693.276769742943
0.5450000000000004,563.5033175042772,809.0383759489577,2877.26588957232,4116.443520412693,4649.092354195343
0.5500000000000004,553.9754346834733,817.900689049166,2885.4811805102536,4175.154134056237,4633.565274253884
0.5550000000000004,561.6630688816542,800.7773948098466,2898.880034117652,4089.0475943874344,4689.394515364529
0.5600000000000004,580.0411151603337,765.8821316117472,2900.895870255313,3905.5461239718757,4763.267165789279
0.5650000000000004,590.2646454436924,737.6831134583028,2888.665337882767,3724.476435413076,4817.106309544284
0.5700000000000004,570.7159340315136,744.2869258868053,2864.5580790040617,3664.0604412349685,4820.731464735453
0.5750000000000004,545.818380622125,750.1024590268228,2809.754774515712,3692.230219740683,4772.74931069688
0.5800000000000004,459.9873522442846,739.1451026637903,2792.2362443163697,3681.5090869350743,4726.395743363047
0.5850000000000004,441.2843814974336,721.1754266798198,2777.17399926862,3661.109459228832,4668.520206221073
0.5900000000000004,492.3034002272289,712.7969836676449,2767.4397481104315,3653.23178866762,4623.969444252933
0.5950000000000004,557.3356691842424,733.1827394929766,2779.493454962146,3680.3925426731303,4631.711990068496
0.6000000000000004,614.2366328775654,788.0176639954834,2785.2778870022944,3801.697261798815,4679.339233055016
0.6050000000000004,600.4876051942591,779.7341814681561,2787.4644000647013,3845.751973822965,4656.058725970212
0.6100000000000004,658.4971985223385,802.3414661026591,2770.416846241105,3888.810181948162,4649.286609272006
0.6150000000000004,736.9336732302354,852.9870623491408,2739.396437062146,3900.07326929083,4667.573465005833
0.6200000000000004,713.6114392870363,883.2095034660102,2711.548100266741,3821.447648791878,4683.7908564229
0.6250000000000004,747.218618314465,847.5201877743815,2720.192572539076,3873.744219232178,4684.877551345497
0.6300000000000004,763.7843369209113,822.0791510253451,2719.835374475207,3922.8331752982276,4713.830213906624
0.6350000000000005,726.7780932090066,871.1018115766312,2722.5257519377715,3963.725443931876,4734.0721534584
0.6400000000000005,678.2038285254013,965.1050853474322,2737.2454011366494,3984.757878587913,4743.370664522106
0.6450000000000005,692.6052953283779,1034.302123388359,2768.1331502537987,3972.84064854865,4755.464998990873
0.6500000000000005,760.4100781348598,1096.3464597577276,2776.2200776007007,3930.5303248404743,4782.361584276151
0.6550000000000005,767.7848455089742,1099.538362274438,2785.3371795458297,3899.4652751062154,4938.314875000364
0.6600000000000005,810.2563506556421,1135.7952740873811,2777.3970780682153,3911.7297241278816,5020.638501945134
0.6650000000000005,854.0834284320346,1228.4193038037063,2746.5952009223292,3923.2614350903013,4998.262706997994
0.6700000000000005,817.4295854828868,1361.270692883831,2691.122431455433,3863.543055502761,4927.253431902938
0.6750000000000005,785.7067827744341,1434.2428715164415,2576.321359725879,3803.5265787476833,4929.115006467219
0.6800000000000005,759.4955030961187,1589.4695579145884,2550.4611727380134,3702.4396249473325,5002.285631076335
0.6850000000000005,745.2215425435467,1828.1792152336309,2559.2040639989686,3684.6145682360325,5065.677469912759
0.6900000000000005,741.6736971377109,1953.3811125157945,2611.0911573365497,3726.2800711198543,5082.148265577688
0.6950000000000005,739.1947606107117,1740.9744765256505,2732.3688183215168,3742.295439264529,5048.901666173799
0.7000000000000005,672.6144548993427,1860.8605542552411,2833.119952035615,3788.7450674887214,5144.8211103214
0.7050000000000005,632.7178986633081,1875.0970105699505,2895.051218266605,3926.50627540584,5230.826193507599
0.7100000000000005,643.5735530400408,1780.4093350450364,2820.1681556387284,3965.092484499638,5288.722656520906
0.7150000000000005,716.0079100039904,1706.6478096469457,2616.3810913289067,3902.349966448072,5314.721029241852
0.7200000000000005,831.5471749196831,1822.0921763283757,2401.9211338858095,3844.019930564571,--undefined--
0.7250000000000005,706.807756814871,1917.7146661783822,2998.6363148115834,4110.7101331497215,--undefined--
0.7300000000000005,660.393437580433,1847.6629436248957,3042.825296820847,4057.831096773193,--undefined--
0.7350000000000005,726.7099839127175,1923.3496207173769,3097.7159467881866,4081.0758175790957,--undefined--
0.7400000000000005,846.4954038541784,2071.527270219976,3237.3752589366654,4201.597782211813,--undefined--
0.7450000000000006,905.3345224888394,2056.0321285311134,3326.358979107666,4244.567642770795,--undefined--
0.7500000000000006,714.2055868274188,1910.3135206509896,3399.6365531654747,3757.673633959441,4910.787351278284
0.7550000000000006,681.7387693816116,1764.1930297835802,3093.7063520000574,3836.023750185591,4896.7286415116005
0.7600000000000006,659.7415133713871,1715.625280257908,2899.299412993473,4018.730245675189,4809.49304107224
0.7650000000000006,654.659138237306,1768.5410524048707,2951.5930315585715,4161.19269848341,4727.81884046454
0.7700000000000006,726.5817012963421,1870.8597873004292,3190.309545184108,4253.3866485316385,4774.754826482311
