0.025,1041.0339898029356,2242.3852710849656,3205.9972312744676,4509.005413578203,--undefined--
0.030000000000000002,1006.2567506616019,2293.212034928458,3562.0595486023394,4883.575294500268,--undefined--
0.035,1084.354631537114,2378.6856104214053,3868.2670200369926,5179.297608921314,--undefined--
0.04,1330.3195970351474,2453.6951130380835,3764.828011647661,4997.545429107,--undefined--
0.045,1306.418989150484,2406.077872078979,3610.1217500564057,4732.480403364416,--undefined--
0.049999999999999996,1348.2482898915573,2566.3349977772546,3618.290784906971,4944.785419435813,--undefined--
0.05499999999999999,878.5428004399648,2251.0226162264335,3249.376794445444,4404.081100696116,4935.222693453821
0.05999999999999999,446.8518642960284,1903.3305609305955,2851.3258852566714,3745.720863918235,4902.2827905959675
0.06499999999999999,532.4832095335227,1953.65654935068,2776.9043677255954,3648.96006989595,4776.328173074771
0.06999999999999999,530.7192636297622,1970.2107019068653,2762.6432820879186,3622.2210503916335,4392.820853870752
0.075,542.9742348781788,1968.3743325096668,2753.3876480509216,3622.2091292378386,4155.873461777272
0.08,549.2327529416983,1956.2856189368588,2751.50205487645,3629.0058272436027,4067.643340906346
0.085,550.4012000922597,1942.111663911694,2755.0157892341645,3637.0251911597966,4083.7330801118987
0.09000000000000001,550.9156460825201,1933.0450267738197,2760.4324116586517,3643.149332806524,4171.699011588076
0.09500000000000001,553.7546505014866,1931.947466236823,2762.2547224579057,3644.4430682287148,4411.797007600154
0.10000000000000002,539.6917880441327,1935.946234372992,2744.737376399094,3633.4158245374933,4502.368666930661
0.10500000000000002,533.0498713848103,1941.2194471545884,2758.3552759589106,3632.662131729468,--undefined--
0.11000000000000003,533.1348525100163,1937.7972557349235,2768.9055062680477,3640.7450535836024,--undefined--
0.11500000000000003,535.6388418167587,1923.730025185824,2747.274435348176,3648.009083239276,--undefined--
0.12000000000000004,540.823253003851,1933.134958529603,2745.3617149997763,3629.3120765484177,4903.025883533036
0.12500000000000003,548.3747783794781,1934.30284398965,2753.722108891386,3631.98459059735,4632.713124125406
0.13000000000000003,552.976975896801,1931.5460228862296,2755.278749169604,3651.6387023867296,4799.702610714217
0.13500000000000004,554.8403834201226,1928.3408835397888,2752.4168890139345,3659.1521460882427,4993.962146612086
0.14000000000000004,556.087169779249,1925.8798483704018,2750.5624077066086,3637.7471406065474,4830.1050510254345
0.14500000000000005,562.2856921271582,1916.1838632059914,2752.919682652752,3636.8566056933505,--undefined--
0.15000000000000005,565.0958611967113,1926.6453984456716,2752.395585320769,3650.6112211739874,5294.821504376988
0.15500000000000005,568.0377852978692,1936.271553549688,2751.916923907824,3652.800118902149,--undefined--
0.16000000000000006,569.1151762675042,1942.3724032853195,2750.392256651972,3648.36417609695,--undefined--
0.16500000000000006,566.0721591938016,1943.8656951763282,2746.1036740126206,3645.6746937730413,--undefined--
0.17000000000000007,558.9175645226338,1932.0539664113178,2737.204359576926,3643.5372871111076,--undefined--
0.17500000000000007,550.7641701204948,1929.676575130684,2729.4062295463764,3631.0896076934637,4872.075002725422
0.18000000000000008,541.5538899132488,1934.3633191923973,2729.1797035581044,3624.8914294696906,4792.07907754017
0.18500000000000008,531.3858148676198,1938.1429401253615,2732.796488971626,3630.024965054908,4733.9668162830585
0.19000000000000009,522.0306102368592,1933.6655153971105,2736.879528732476,3644.22446680204,4776.313953436888
0.1950000000000001,522.0977968207424,1919.6245339542206,2747.900663055429,3645.414521822211,--undefined--
0.2000000000000001,520.8566289921749,1918.935024437295,2739.324053678677,3636.219008544643,--undefined--
0.2050000000000001,520.0775376851609,1923.8263241706218,2735.3736914858946,3641.3739317157683,4604.845404294248
0.2100000000000001,517.8844756295492,1927.3021168373996,2732.0908063717384,3642.9966831611787,4602.315119388647
0.2150000000000001,512.8962095474129,1924.7912363503267,2722.0422196084783,3624.744520550935,4584.374437206017
0.2200000000000001,508.02186108315027,1920.8061766204364,2703.362271654985,3606.030253357432,4494.416239818322
0.22500000000000012,517.0276110961167,1932.5476024952384,2706.191882794587,3614.0600545416924,4477.244155547837
0.23000000000000012,528.6514345285252,1934.9285965592642,2713.9682222082747,3636.5858411740414,4327.363911840886
0.23500000000000013,545.4682966273849,1932.6021271601046,2728.969406990699,3660.828286839592,4194.376295709656
0.24000000000000013,566.8278526097419,1932.8812262070458,2749.3444960468487,3672.9231912669175,4218.206656116517
0.24500000000000013,569.6547844001882,1931.7469476902288,2743.8119789774332,3654.425765958041,4250.964047384416
0.2500000000000001,559.1376220292102,1939.4053029757972,2742.1944619077144,3647.4772681783747,--undefined--
0.2550000000000001,551.5139842915694,1938.8251987185201,2742.434631259362,3647.0335507414484,--undefined--
0.2600000000000001,550.0097476432833,1927.1759784458268,2742.5661431593207,3658.6535386085097,--undefined--
0.2650000000000001,553.9510851975014,1908.6510647084226,2737.688527513042,3680.364824587122,4236.899625098325
0.27000000000000013,557.2771076379033,1904.0725659024797,2710.0111420960125,3673.671491864789,3971.2238535570996
0.27500000000000013,554.83881367997,1907.1735812591016,2705.31498058801,3658.1574514230892,3940.7456813006734
0.28000000000000014,543.0699558819741,1902.3478379213013,2719.214811696477,3657.0607286019135,3876.227100176829
0.28500000000000014,533.0187941716338,1902.207342508026,2729.8487374902775,3653.2105460064613,3821.45460219409
0.29000000000000015,534.3108442100785,1918.181726437358,2724.3002254491926,3633.3158633884113,3864.767462886144
0.29500000000000015,540.8867833562804,1938.0373284481293,2738.8327674196826,3628.595620477499,4063.2932194537552
0.30000000000000016,543.461671819366,1952.7590695116637,2746.121716189171,3619.09874227255,4249.9589442516035
0.30500000000000016,546.2670255589311,1959.623821459452,2743.325047122105,3614.7067312891318,4383.737827497623
0.31000000000000016,555.4142467476441,1959.7417281571245,2733.145822693522,3613.758048909434,4300.010390430946
0.31500000000000017,573.0112671142238,1955.4019030813251,2719.0535983153723,3611.551430894538,3945.6944764994087
0.3200000000000002,584.6704284012103,1949.328494131851,2701.8338813393993,3599.5820377406435,3768.124301832452
0.3250000000000002,582.3598450824404,1944.8361368597273,2700.8140377827717,3596.2351698578473,3715.307740099094
0.3300000000000002,580.1353299780101,1942.1140180812524,2701.7883923194454,3587.202124535461,3690.329609727785
0.3350000000000002,580.5671138091388,1936.8609917860492,2707.5435370546124,3589.467186557496,3672.9940229330105
0.3400000000000002,583.087074239808,1929.2289737657727,2719.279886567587,3613.5738690264225,3665.100305954515
0.3450000000000002,582.8870572517707,1940.91126541624,2720.4395623865075,3623.583852395898,3708.2670981424985
0.3500000000000002,579.8225037311647,1945.0865850825992,2720.859098435024,3620.468231084192,3710.5111697155626
0.3550000000000002,577.0891579993979,1946.47230995424,2732.784519115807,3608.977408953717,3700.4594360358933
0.3600000000000002,573.7439463508098,1943.9324062896326,2740.9036734688543,3601.5153247647027,3688.705303387512
0.3650000000000002,568.3413201405741,1937.5064646492224,2731.790918422373,3606.731215992958,3692.664084699613
0.3700000000000002,560.0631058147222,1935.4104103347731,2718.3293580542786,3613.349982004933,3772.5707185216575
0.3750000000000002,563.6778007703653,1936.5380010430265,2716.594846189841,3611.873923632447,3851.8318384610993
0.3800000000000002,574.3430990174929,1932.939669220034,2722.549231532527,3610.523115205008,3779.9496607170754
0.38500000000000023,582.3197374003892,1928.6472015804698,2724.9943550368407,3604.2032966986662,3711.6666155543794
0.39000000000000024,581.536840963889,1928.4686162235548,2716.6908674108863,3590.7567478419573,3774.5503896042096
0.39500000000000024,583.9998701128995,1931.8427768271702,2711.064820325101,3588.7325144014744,3765.7769958819777
0.40000000000000024,589.4623359710778,1929.2442629983461,2723.933909237617,3595.415668743017,3802.8143313244705
0.40500000000000025,589.0454661675271,1925.4963082742404,2727.7207931376056,3598.6240243640277,3838.014699648352
0.41000000000000025,585.9363860512057,1930.4963820288747,2723.6653112662657,3596.9462445981403,3854.8909926416463
0.41500000000000026,584.5945582718432,1946.4630021562148,2717.325873981488,3592.652261910852,3849.1151284062485
0.42000000000000026,585.5719423838625,1941.8182964241407,2709.6701907349143,3594.5558449073224,3839.868110259654
0.42500000000000027,581.9606909062855,1931.3670176207527,2702.5151747999707,3595.2237912630408,3782.0278448458507
0.43000000000000027,581.3354869542641,1925.8738783305573,2698.9805821168097,3597.931398110032,3791.5154446644
0.4350000000000003,578.4316689174018,1925.9499709386396,2700.6269782904956,3603.6017083209185,3828.7791195303025
0.4400000000000003,571.3292766788426,1929.8795910112026,2707.021038410024,3611.9940197850406,3856.3135083829443
0.4450000000000003,580.9856430505823,1934.9481594134627,2711.8259588034102,3620.4607893251564,3964.742786595368
0.4500000000000003,593.3634068681627,1930.1190769446512,2727.2903765232372,3612.60044390442,3924.10076911078
0.4550000000000003,594.9793710493385,1921.3532284357752,2722.8386554454582,3606.1625159248524,3855.412568615915
0.4600000000000003,588.1710389999237,1914.5532461498194,2721.4990834338014,3594.903367726968,3775.3047409532455
0.4650000000000003,580.0761915668804,1913.9243099828782,2740.2718150216733,3575.6338549376533,3703.4099702357935
0.4700000000000003,584.7342987034081,1917.297719716685,2733.166431818781,3574.1686047564035,3746.5008771945913
0.4750000000000003,591.6617694889533,1925.2035969720098,2741.8800530210965,3576.241698036062,3896.8132845238224
0.4800000000000003,593.1315824412221,1926.0306431321185,2728.1088256662993,3570.0547473346915,3836.0678788253313
0.4850000000000003,595.213475714417,1924.9676928578376,2710.450273482696,3567.779159413454,3755.4612245338512
0.4900000000000003,600.6946565964932,1927.8631988528894,2713.8777202326073,3575.560279654434,3832.7730081007203
0.49500000000000033,588.627456822567,1930.8959892839996,2749.280903692676,3557.8201677756724,3820.8840949134797
0.5000000000000003,584.442930683659,1911.6180420475314,2715.362100062475,3520.9087690143265,3698.9516423673313
0.5050000000000003,589.6965591442355,1910.2839325185655,2710.131622987914,3534.867713233246,3740.595340153697
0.5100000000000003,595.406880964822,1921.568900344306,2718.4600814553633,3562.8731075858445,3758.76181001834
0.5150000000000003,594.2717849956124,1931.558337296833,2712.215954543191,3561.403310960183,3606.037184508325
0.5200000000000004,593.541770396154,1925.8574633016656,2692.8453016670665,3537.983362917039,3625.3821085880386
0.5250000000000004,595.8817089631314,1929.7767814602391,2728.1967797097773,3557.075455625359,3980.5537740784116
0.5300000000000004,593.7360037299352,1927.361818134341,2743.7749802594003,3559.362986074144,3927.9695417591092
0.5350000000000004,592.0203778524284,1918.7628820611367,2732.7277250242873,3549.8231553713717,3728.143039868236
0.5400000000000004,595.7208534990853,1909.9239766495605,2713.3801386402683,3543.1908383888485,3734.2940845173944
0.5450000000000004,601.4196473655513,1918.2792345306946,2755.320780288844,3546.2343485055203,3939.1232425744283
0.5500000000000004,614.2104745582933,1927.2492892514326,2735.4861388659715,3565.6587277585436,3768.681721599174
0.5550000000000004,615.172176888838,1924.4928424176098,2715.2626045345223,3570.1229836057378,3733.892100257695
0.5600000000000004,610.1403399822964,1917.932415379542,2710.87050595657,3563.658914203998,3856.852913215175
0.5650000000000004,606.3764124481107,1917.0824993352858,2720.613202199104,3556.9953366025206,3993.165764158453
0.5700000000000004,597.8309800514901,1922.9010697088086,2703.937627917188,3561.0373108089534,3683.18482477261
0.5750000000000004,599.0178513531946,1913.0518911981742,2686.1013674029314,3548.309705211757,3664.9166215361947
0.5800000000000004,602.3598423659478,1907.0284129522258,2710.9066988966792,3561.1364868285496,3931.92724396913
0.5850000000000004,600.2534209800426,1902.6367382990588,2734.366334908101,3566.167096308159,4395.686332923627
0.5900000000000004,590.507749876266,1900.0354868845557,2725.771864941199,3543.7583530331344,4856.956334609895
0.5950000000000004,592.3223716789228,1925.7477047832044,2772.9794347040406,3584.623864819912,4749.00408664154
0.6000000000000004,602.1485418093156,1945.798373172274,2753.4022031170075,3586.5876457169566,4406.548897880391
0.6050000000000004,605.8071171243614,1945.3625376650432,2735.9117018963925,3586.889235150711,4251.006732844749
0.6100000000000004,604.047952541101,1932.5273660158946,2726.661237368184,3588.4340259549517,4354.793296552302
0.6150000000000004,600.2642863185065,1918.6481671935085,2726.5501820424406,3586.2921936528273,4672.634719337975
0.6200000000000004,596.8463350305467,1909.3906531484247,2762.396886083278,3567.3447737890974,4984.443951279249
0.6250000000000004,592.2724271275849,1900.5622971431114,2888.9006518943015,3563.7559605724964,4987.31530630389
0.6300000000000004,589.8576869510792,1888.3758746067037,2860.164385803837,3576.2072976753775,4983.379548160832
0.6350000000000005,589.3612633247378,1870.0565205078235,2775.4773181351607,3601.0672865682554,5038.388771630204
0.6400000000000005,591.8403990446832,1844.3027166432807,2788.26109463343,3637.278946170604,5121.662636552403
0.6450000000000005,607.0929271802287,1813.523984087658,3023.230355684645,3701.372985823582,4979.703164345143
0.6500000000000005,605.9386028659768,1789.046387174976,2934.6762129149474,3767.592009387427,4885.497207621051
0.6550000000000005,616.6636657590032,1910.0266543899222,2989.459637522007,3754.6349505722083,4907.417682438405
0.6600000000000005,808.9312000601578,2086.4926675301435,3224.8893585669666,4023.35480824215,4959.382498209441
0.6650000000000005,1212.6721060899808,2201.7557810323747,3531.1819850751785,4703.307478392625,--undefined--
