0.025,666.4679361894971,1828.1634577626596,2741.5699730474603,3714.317695226481,--undefined--
0.030000000000000002,383.4927341916067,1614.5275725972456,2805.071235713883,3734.159122873019,--undefined--
0.035,231.59437391264078,1538.579067939133,2850.6479645725044,3709.210893859319,5221.02409443235
0.04,235.86218225922988,1514.1377567085888,2830.9787411820116,3662.273266877553,5211.0174390950515
0.045,378.32880769465316,1499.9617580665665,2766.535625184961,3604.3585099514817,5184.187909666712
0.049999999999999996,602.582390389507,1534.5835293646658,2769.7253933499137,3526.271631640978,5137.574324890167
0.05499999999999999,626.15999709674,1530.6967638509882,2775.5758280116606,3518.129134683656,5084.030907602192
0.05999999999999999,635.6170980516438,1519.3810023579292,2768.220722329081,3524.235735557956,5070.142834499856
0.06499999999999999,635.8220955701829,1513.0734474802214,2741.4403897723255,3530.479791501192,5149.537324448873
0.06999999999999999,635.568800831729,1516.5677951131618,2717.2831950877107,3527.120014444876,5278.634433187195
0.075,656.7502459577793,1525.3383457284413,2757.749752140301,3508.0836408318864,--undefined--
0.08,655.3630295939435,1516.526560387464,2784.901868438597,3488.0084216980085,--undefined--
0.085,642.0279865928704,1502.8509501489045,2744.820885852857,3454.9896379560964,5144.452480632042
0.09000000000000001,632.8836477121934,1488.1088696940135,2691.8974948714117,3453.2344002447708,5199.700842920373
0.09500000000000001,632.3076412959659,1476.0117058854626,2653.4464901169545,3489.751391704397,5290.347856495235
0.10000000000000002,628.5498217045983,1470.7529971295137,2616.0664442566667,3519.292586886535,--undefined--
0.10500000000000002,619.3319754812185,1461.338248818863,2623.2582497822036,3505.988774988226,5125.565752196318
0.11000000000000003,617.4958806341468,1443.938813984684,2613.50094466381,3478.086607718531,5089.514481701881
0.11500000000000003,621.2860034103362,1437.621180756347,2599.409411654984,3448.0131568683028,5096.869613351747
0.12000000000000004,627.0450137411622,1447.6639788407438,2589.373350799937,3417.4250709221137,5155.549493539986
0.12500000000000003,629.0272076630515,1460.0783003626884,2583.324391701519,3373.5838918115564,5171.43287975801
0.13000000000000003,630.1098565041581,1470.0665020007455,2586.7635749666,3363.6043266518477,5209.732036681698
0.13500000000000004,632.2404306249965,1470.0309014204995,2592.3791904820846,3382.0736442290054,5229.635624017476
0.14000000000000004,634.6289189128586,1464.2292042034276,2597.074572457348,3404.177899492314,5214.604940690941
0.14500000000000005,637.3427155310453,1460.7271764494403,2601.098220926205,3409.0626685724746,5170.802060036467
0.15000000000000005,641.7767585580466,1472.7959465775684,2609.181983249337,3380.7299563274314,5133.975804872815
0.15500000000000005,641.7166882484411,1480.6545779711291,2615.668017116509,3377.32511985469,5137.674934476527
0.16000000000000006,641.7906219027466,1484.9555238393757,2620.573434959621,3385.6137923646056,5139.747376989554
0.16500000000000006,643.5209467335127,1490.1395462994597,2635.4875405101884,3391.573094236772,5138.255312955079
0.17000000000000007,645.4511340858626,1499.2337429314657,2657.6014048878,3383.411098067015,5136.3070300247855
0.17500000000000007,642.0486355820592,1513.4147812317044,2663.7565202150995,3351.449812438422,5142.514057720462
0.18000000000000008,631.8903225995659,1510.3269814524156,2614.291191327837,3373.068941388599,5179.8387959070105
0.18500000000000008,621.0421809155158,1508.6203823851822,2599.5504510856217,3366.8011579997387,5170.597112615569
0.19000000000000009,611.464333680358,1506.4236376108206,2604.8927359159693,3370.34380848446,5161.828549583994
0.1950000000000001,604.3799850289163,1502.7892928087401,2612.5054246468007,3389.4999169483904,5161.876940052504
0.2000000000000001,600.3046526851083,1498.7952664106892,2603.948068376299,3381.5644451812827,5120.596447798371
0.2050000000000001,604.6699573115905,1499.5733708664068,2594.8038326421506,3345.27403772994,5134.201827361448
0.2100000000000001,608.3562539810388,1500.6918941581894,2588.72231319664,3326.318571896017,5169.121245330202
0.2150000000000001,608.0312878932558,1499.280805975553,2569.891081033206,3316.7360580150935,5190.954269745535
0.2200000000000001,603.5601339546838,1494.1641347560953,2536.310727206804,3306.736244337292,5182.575840977497
0.22500000000000012,598.8435425079366,1486.2590071400066,2505.3240054756407,3285.8210989124764,5149.085258922127
0.23000000000000012,595.3389521573097,1485.4717076437826,2505.2136694131095,3296.883706903323,5156.274373084884
0.23500000000000013,593.039385688676,1477.024815987317,2509.39365319614,3319.556642008725,5168.772030274565
0.24000000000000013,593.7148394817448,1472.9544984026888,2515.1051992594776,3322.1356694252163,5168.777169118741
0.24500000000000013,598.6718362690892,1480.946786645103,2522.892968787938,3299.311931315595,5159.030298428578
0.2500000000000001,608.7410540526837,1502.3306105273737,2537.0722571623533,3281.77672882142,5169.909305389914
0.2550000000000001,620.0145378218775,1497.8427971435221,2545.6348533292185,3294.3335686217906,5192.374171348612
0.2600000000000001,622.8965645860526,1492.572196831733,2556.893853529286,3322.4242713196645,5185.013643331831
0.2650000000000001,618.2540213546511,1486.2822168862194,2568.7797845638474,3350.1776206187715,5171.132467312882
0.27000000000000013,608.6762155079374,1481.499952140047,2578.6082395398366,3370.0562532283584,5193.122000782031
0.27500000000000013,598.5831053141605,1485.7934561764037,2583.07405785402,3385.622387838125,5320.4687192490965
0.28000000000000014,588.2043330368372,1482.1988180017386,2595.081078989105,3374.9141366459107,5354.956148442714
0.28500000000000014,587.3486131991059,1473.0256965721453,2596.669028352333,3367.2162230010895,5238.548536005135
0.29000000000000015,595.1864423987162,1466.2508559624164,2594.127115247905,3367.3235934045747,5147.5157453054335
0.29500000000000015,606.7764039813258,1466.7797099564946,2596.9016191561586,3381.1735199398845,5147.766369953519
0.30000000000000016,611.8824524464088,1475.4926282205593,2618.418211006866,3418.1309467910337,--undefined--
0.30500000000000016,610.0664226283284,1478.6265296742938,2631.4761200375606,3362.0924953633257,--undefined--
0.31000000000000016,615.0348357355442,1486.5304326645673,2613.797409715599,3343.8857132320563,5222.105800374363
0.31500000000000017,620.2731854217907,1491.4734483202594,2599.0385525311935,3348.373192678598,5202.400628162091
0.3200000000000002,622.5565098708538,1490.8354665181284,2604.505852320947,3357.1220204988817,5167.817582850328
0.3250000000000002,623.838574327369,1489.5292517693103,2623.873877027128,3352.6325032505943,5157.73321803814
0.3300000000000002,624.2833472628803,1472.552004367511,2621.2128040412,3355.9789274159857,5308.372777318731
0.3350000000000002,629.8166800994571,1464.9522672363848,2614.4703988189044,3364.395284661333,--undefined--
0.3400000000000002,636.7828619732211,1462.9527469276054,2607.5100476506896,3369.9235829768672,--undefined--
0.3450000000000002,642.6418519001495,1462.7432986595772,2602.835074077419,3368.911419293101,--undefined--
0.3500000000000002,646.6704133904974,1461.6021702426547,2601.8035930196406,3363.513526418955,5215.399154979409
0.3550000000000002,650.3500145052492,1457.2544352460368,2630.9136104144695,3351.047650741936,5314.535333045214
0.3600000000000002,650.5783859791295,1462.169264141498,2650.679733488179,3346.745991681569,--undefined--
0.3650000000000002,647.1422459276096,1474.3127811695401,2667.8471035986777,3361.3236204059012,--undefined--
0.3700000000000002,642.1148468482729,1484.5649323909872,2683.63784420801,3385.1157009449953,--undefined--
0.3750000000000002,640.6388582899714,1474.1096942134207,2689.6501013672378,3380.276933238287,--undefined--
0.3800000000000002,638.4577013382112,1470.3358020920004,2668.192287369139,3357.5989248038213,--undefined--
0.38500000000000023,635.3128701637547,1471.9206204292075,2649.751513261931,3349.430508122253,5178.200231664312
0.39000000000000024,633.1627928771122,1473.129833815912,2641.233002624269,3345.9821185185974,5187.322676011279
0.39500000000000024,631.8123268195376,1471.4035973527996,2642.7316532294035,3343.8420865898656,5228.785911763762
0.40000000000000024,627.9967096153944,1468.581166588209,2646.252618921034,3350.1813397245096,5347.412099990839
0.40500000000000025,626.0233513484233,1471.4992389879314,2665.1359905263594,3367.5972868131385,5326.430880927215
0.41000000000000025,631.2209103930239,1472.5000472171635,2666.340680578629,3364.8509012245613,5257.32233387003
0.41500000000000026,636.8461581847578,1484.3136241693749,2662.2249043125885,3353.7080630540013,5212.002991950919
0.42000000000000026,640.9223210427955,1505.465447945333,2658.4647558826364,3344.66156100002,--undefined--
0.42500000000000027,648.4924671692415,1514.1884408982742,2649.7456783578295,3345.1075421766286,--undefined--
0.43000000000000027,647.2658893436793,1501.6306964073938,2633.374906559054,3341.7826613115944,--undefined--
0.4350000000000003,655.5014347218053,1502.3973165966215,2639.967407463187,3341.68553106241,--undefined--
0.4400000000000003,655.9935732517083,1499.0593876792932,2655.532890840332,3343.5525329566344,--undefined--
0.4450000000000003,642.8411341171017,1488.9666179821018,2670.999155487027,3344.20360684943,--undefined--
0.4500000000000003,626.556203179187,1491.8406640727437,2685.692219892558,3337.956531031444,5321.966254442562
0.4550000000000003,630.3864661188172,1482.5416074135776,2662.890587865285,3337.080569551353,5129.620477173533
0.4600000000000003,626.8517892734103,1475.285638024391,2648.9138677605433,3333.35891977463,5196.245437907238
0.4650000000000003,627.2071636413035,1471.5402698251937,2654.5718538009805,3343.856011519227,5187.390764695578
0.4700000000000003,634.4623759314488,1470.5824919382376,2671.7999965946997,3366.004141974162,4991.805281710175
0.4750000000000003,638.9490871150422,1469.2523070124469,2667.8758227381936,3369.2303760017717,4829.871711094067
0.4800000000000003,630.4124274036619,1478.4599113631223,2688.8670855860432,3370.906929770536,5117.809778208872
0.4850000000000003,634.0179762218726,1478.002881257988,2684.7449763993322,3351.5413733206105,5129.716625178158
0.4900000000000003,641.7307214513233,1473.1003108564692,2666.910712958019,3332.329224675172,5077.910884316688
0.49500000000000033,646.5437225292349,1467.9891697105618,2647.931738305743,3325.600052524418,--undefined--
0.5000000000000003,643.8769251350194,1464.6249447530727,2639.8542706411467,3330.613083760459,--undefined--
0.5050000000000003,636.4264909830423,1478.5205284828796,2672.6010728430856,3325.7031073969783,5231.7620854772995
0.5100000000000003,638.8735495995091,1470.0936012744137,2670.0446762873703,3318.534206836947,4995.005947947793
0.5150000000000003,640.9815439344118,1462.7510230697314,2660.7330505940236,3325.6073059402543,4893.0081323021195
0.5200000000000004,639.8794266176101,1464.2573703842113,2655.957507104058,3340.8605983555003,4921.708641699937
0.5250000000000004,643.7642867337519,1458.6121541553923,2639.20251901557,3326.5208805173224,4533.255076489478
0.5300000000000004,647.2571301405656,1447.093580625616,2644.205815531918,3357.085547903609,4665.417696794098
0.5350000000000004,681.3984244415652,1462.5125311089039,2693.1400324333354,3378.9314184627283,4854.354240904659
0.5400000000000004,701.3121603646143,1469.4190249230019,2707.200872654734,3376.3602725913242,4843.411538881542
0.5450000000000004,689.2141524683911,1456.314197869642,2671.4225455423925,3357.854119971886,4649.631054445623
0.5500000000000004,666.208045424722,1446.6507780256813,2661.372417669654,3363.6807598684322,4656.261042535982
0.5550000000000004,662.8725632770844,1455.8037469748756,2788.3656411078337,3391.341327965321,4548.871755625071
0.5600000000000004,651.5920448938483,1459.7792302574826,2754.0345447558893,3397.7323349085077,4654.848997845054
0.5650000000000004,641.3178242275118,1472.3320814277668,2803.2825574920575,3395.9169705538193,4793.680687451219
0.5700000000000004,639.3976714410045,1506.2143637001573,3000.7381992096725,3400.012887948206,4855.344286191316
0.5750000000000004,650.0814232760443,1572.65776512889,3145.9673366057036,3424.05726976342,4841.8807981277005
0.5800000000000004,665.4319754121553,1586.884808488332,3267.8869369750864,3442.877913190252,4782.190404766394
0.5850000000000004,612.8431899735201,1563.018299262268,3082.9463658624904,3685.3910243106943,4843.877781510028
0.5900000000000004,571.4380650898643,1543.0645163122733,2923.871584067815,3858.1923418872734,4901.066924167912
