0.025,1505.0711390947595,2874.2646903991954,5432.12390337169,--undefined--,--undefined--
0.030000000000000002,1488.4976752344971,2844.0982363385283,5433.56780229512,--undefined--,--undefined--
0.035,1484.1779155818674,2833.1724640943103,5434.916937993232,--undefined--,--undefined--
0.04,1483.5721617520157,2830.294716535557,5435.693097357624,--undefined--,--undefined--
0.045,1455.1339557169963,2786.742014293486,5436.139578877081,--undefined--,--undefined--
0.049999999999999996,1473.056679006525,2815.9431918379637,5436.40623291725,--undefined--,--undefined--
0.05499999999999999,1478.2894331174784,2819.1569923557463,5436.598221814939,--undefined--,--undefined--
0.05999999999999999,1471.2721196031684,2804.0907861795577,5436.7425076052705,--undefined--,--undefined--
0.06499999999999999,1467.713101535047,2797.681039649233,5436.858487694298,--undefined--,--undefined--
0.06999999999999999,1491.490621683678,2836.4504913150554,5436.962139540319,--undefined--,--undefined--
0.075,1468.5352888806995,2803.640211771514,5437.057620811518,--undefined--,--undefined--
0.08,1364.2747367410207,2645.0818113733635,5444.119565812093,--undefined--,--undefined--
0.085,1244.0257620731845,2537.3208585611746,4856.1304151331615,--undefined--,--undefined--
0.09000000000000001,1123.0224390400494,2183.6131180439666,3914.80039983713,--undefined--,--undefined--
0.09500000000000001,982.0384352283322,1033.848894059631,3445.0340565816205,4181.179221469149,--undefined--
0.10000000000000002,776.2733042108063,1066.0029025324252,3459.798850061262,4184.185993689291,--undefined--
0.10500000000000002,705.5044819986813,1050.2614125239597,3464.5737521346077,4191.974638320957,--undefined--
0.11000000000000003,800.0260959295315,1563.7322048884516,3464.9398912002207,4199.408028643212,--undefined--
0.11500000000000003,960.5956826903259,2326.4106060401145,3481.412467094594,4234.669556527542,--undefined--
0.12000000000000004,1002.6850845670941,2484.1632162501346,3541.235765489791,4345.222077704478,--undefined--
0.12500000000000003,1124.7252884144946,2512.7229892572846,3541.8372040462004,4443.730752297954,--undefined--
0.13000000000000003,1167.929332317396,2545.29277075499,3285.0099973874667,4467.42148281034,--undefined--
0.13500000000000004,967.2493004981334,2281.6531680475505,3038.5599176234155,4425.847834376505,--undefined--
0.14000000000000004,882.4438727843451,2058.6287245004582,3202.4945078959913,4520.779129245834,5003.978615774729
0.14500000000000005,1560.2328947162491,2584.755775717935,4166.710339633426,5029.304440583429,--undefined--
0.15000000000000005,796.3918368077834,1899.9587612177352,2921.734240962855,4242.062806128604,5040.434701853219
0.15500000000000005,685.228671073876,1861.6107738907833,2664.627356663106,4043.035062591368,5049.731846825116
0.16000000000000006,763.787550262402,1875.987230561847,2729.1722045195766,4034.444086842721,5066.105502360105
0.16500000000000006,821.449253015084,1834.8027097625434,2845.0187820462597,4040.4341280814874,5084.635388913181
0.17000000000000007,812.2160165349093,1945.99838292337,2992.542453948643,4029.2558531010927,5096.31586710889
0.17500000000000007,757.0066679043672,1972.1696725288866,3009.67108519182,4027.4266669059157,5034.845505615393
0.18000000000000008,752.1528439402565,2001.662105081836,3015.757906987561,4094.1599408687316,5097.646552770133
0.18500000000000008,757.6551758449602,2013.3323448991487,3007.4624321850392,4127.571405304124,5090.755958350145
0.19000000000000009,752.1071719245139,2000.8700013551488,2983.0964700603085,4105.717186165863,5002.089995539164
0.1950000000000001,729.8021331508918,1969.0376223488408,2943.6162072331545,4063.624240994712,4944.848942145476
0.2000000000000001,800.3385127785518,1932.6724066457734,2921.370568093723,4069.6443199583673,4954.685311875473
0.2050000000000001,881.3515081272036,1955.2676626554812,2919.463018128982,3947.6853294571315,4959.392025409548
0.2100000000000001,875.4884245753431,1966.8280749324076,2921.7422919338464,3890.3582025681458,4930.508885173263
0.2150000000000001,777.9669981385331,1965.288224288578,2925.6454696304304,3924.9130559122336,4910.9887519050735
0.2200000000000001,656.9989587310426,1993.9907618966358,2936.5098636700754,3964.35279009429,4990.6793716076745
0.22500000000000012,767.5273032865948,2039.8016733887478,2920.528426906922,3971.779848492633,5117.833390421914
0.23000000000000012,809.2428610667042,1979.9129572577515,2920.0379517760357,3961.29066038017,5054.909926358321
0.23500000000000013,791.7223522935411,1831.5041092135314,2917.4085787519266,3945.5382489087483,4986.736510001401
0.24000000000000013,780.6291779203609,1720.2474790277245,2903.8979428200487,3935.8796041969185,4963.412980667476
0.24500000000000013,876.3652751828744,1837.8757208620996,2873.567177505632,3942.0770308966394,4944.426414559414
0.2500000000000001,944.0779758639669,1916.3436292423473,2721.158229471236,3938.3989577251114,4921.524152602543
0.2550000000000001,926.5487926831468,2034.707130038404,2729.627827152296,3962.773609037085,4898.335158503759
0.2600000000000001,909.9997745547565,2073.0731707766286,2789.451811859204,3953.9375278768216,4888.827828543802
0.2650000000000001,907.7499119461891,2044.5161935589592,2834.5066918207735,3911.0909591772815,4917.123636404944
0.27000000000000013,883.9074131058845,2051.325399365833,2831.6044988285153,3878.5205210270765,5009.087070569722
0.27500000000000013,828.3952935617301,2017.487032956873,2943.9173795893016,3967.413007387243,5026.5946915722325
0.28000000000000014,761.9478195682302,2032.635863966899,3029.3944087573946,4006.0491422935916,4930.397814732395
0.28500000000000014,712.9427099182534,2037.507320096609,2977.070818228042,3967.907652522085,4885.026935491187
0.29000000000000015,696.6863783586398,1998.1703485472335,2869.980125272188,3914.690323487567,4905.261660708877
0.29500000000000015,718.4260557850512,1903.1582166773362,2919.890784765917,3963.6123662387117,4903.11583858778
0.30000000000000016,760.4222460678088,1906.9622558643377,2966.0179327266815,3936.171730320743,4855.651316005116
0.30500000000000016,790.3429714351668,1918.1585871267528,2972.167088070566,3964.323578926456,4867.3400342681625
0.31000000000000016,816.895640674439,1939.9487507372544,2900.132144942049,4007.1103518478817,4846.209917906258
0.31500000000000017,852.0337739753711,1986.3879979298274,2830.50694495959,4014.4602537630194,4781.692711144452
0.3200000000000002,904.6739311482396,2070.7080942190864,2918.658432081869,3940.4127757694287,4723.2196704633125
0.3250000000000002,808.4467983651352,1951.3205997148812,2952.625822319927,4111.931564920297,4808.655976710304
0.3300000000000002,691.4334421415609,1941.477304414039,2940.8371402762987,4103.801743549887,4832.641700875202
0.3350000000000002,649.6713986521453,1969.2237776643876,2897.1768974643633,4061.972114954779,4839.158445545845
0.3400000000000002,694.1277089529669,1978.5800959981889,2848.193631058687,4024.6656536232763,4861.10732269686
0.3450000000000002,775.7269937019748,1929.7012572631095,2843.1801297843754,3957.4355590387004,4914.36559055732
0.3500000000000002,881.6659385598855,2022.2009749843287,3309.9988597950273,3812.7602030643757,4682.225224135953
0.3550000000000002,852.1612396941653,2040.0193833155372,3196.146631203445,3919.046001719169,4848.575449788172
0.3600000000000002,812.2552804139435,1947.6084577180748,3020.347804151339,3966.2563025690165,4982.256891435377
0.3650000000000002,802.7024374416692,1790.3454496901775,2976.1020345838374,3901.6161627872607,4980.598892976778
0.3700000000000002,808.725659640445,1677.568390633289,3036.272851613531,3850.2004400909223,4963.605759413418
0.3750000000000002,856.9363758322851,1813.2724911089122,3086.641194019711,3916.679286200488,4961.597874783932
0.3800000000000002,806.0777185760201,1852.7710103260108,3051.716219755233,4084.2758305038265,5094.672733145108
0.38500000000000023,714.4332635789963,1833.4439706559858,3009.747968088754,4229.937956970295,5175.268835942077
0.39000000000000024,598.9112190758904,1803.3803709412045,2970.881937128959,4291.703062453198,--undefined--
0.39500000000000024,481.73899489485314,1833.2138279114804,2900.0706841305664,4254.450769547143,4827.173295651999
0.40000000000000024,1374.619878062462,2362.2237406480717,2803.041381291531,4266.09013502407,--undefined--
0.40500000000000025,1185.144275302865,2067.380226459393,2795.173383930011,4195.622014659011,--undefined--
0.41000000000000025,909.3281919989878,1847.6617606686912,2795.5089263829495,4183.218639450813,--undefined--
0.41500000000000026,983.1755605948655,2075.991236359013,2803.5203245479693,4266.689516038159,--undefined--
0.42000000000000026,1443.0928115960767,2728.866832709834,2871.8228850570536,4407.071266813473,--undefined--
0.42500000000000027,1518.7320715496642,2576.1871189955777,2989.7254622738683,4415.234372091992,--undefined--
0.43000000000000027,1099.0249814882336,2059.394563631739,2993.960998009748,4236.256963519019,4810.666269674528
0.4350000000000003,881.5964152462695,1857.8600112743336,3012.9341683565813,4193.227364326143,5023.239478624461
0.4400000000000003,933.0406285681007,1972.001161127395,3027.762690754588,4226.243282865962,5213.232359434879
0.4450000000000003,895.2826774129713,1941.2760423066766,2927.716805370829,4027.3508703161874,4871.00945413917
0.4500000000000003,926.7797436292452,1895.956740760871,2934.627229538274,3986.309421427742,4957.0816779573925
0.4550000000000003,844.8392476732539,1860.0637588922161,2901.1096427284356,3993.003038951339,5025.182164624796
0.4600000000000003,812.0213259214003,1871.3958952057524,2896.2829121911946,4020.649826322205,5054.83260603287
0.4650000000000003,856.1913302902037,1918.3176832698075,2932.1625007911493,4001.474142861809,--undefined--
0.4700000000000003,907.8507147869514,1952.4702495908975,2978.6884460763763,3848.938852064066,5028.277765066066
0.4750000000000003,797.302609730192,1906.3425305667802,2947.404943474318,3841.8497733811228,4993.202472623815
0.4800000000000003,772.7673399755188,1871.2629952575082,2863.687989594097,3876.6677271876442,4981.724177314143
0.4850000000000003,750.1136618568845,1879.1769067915175,2754.8357544546016,3889.1551779340084,5053.392824814681
0.4900000000000003,679.3749542506137,1869.9641944976904,2708.5582858175408,3892.82230475798,5149.201699021914
0.49500000000000033,545.5037040717168,1732.1901462924393,2844.2748740953116,3947.694239737532,5130.191815875731
0.5000000000000003,720.995702506844,1822.601458560799,2883.518527076339,3858.447494670798,5050.036600387008
0.5050000000000003,800.1021364936682,1932.2995769056513,2973.5137271716635,3863.119010220081,5019.862692364767
0.5100000000000003,858.1896326343801,1936.1095554281255,3004.828480278005,3903.470745996401,5018.253012775048
0.5150000000000003,905.1053272804375,1865.5321978522643,2975.4653629457302,3950.7343346284447,5055.564042960042
0.5200000000000004,904.036124991147,1855.4892569442557,2957.646224965374,3993.059198835092,5156.297584874551
0.5250000000000004,742.7834899346708,1753.8788467672855,2961.0330358621936,3973.2536664814147,5129.5259392221815
0.5300000000000004,636.272037639524,1766.0112499584714,2950.6055582710806,3961.4695308886944,5135.912541329154
0.5350000000000004,635.1481333966578,1803.6829355185466,2923.618216023109,3939.42055143876,5132.631800652115
0.5400000000000004,742.2106309533791,1640.6181277271792,2928.902597440762,3973.888451342676,5118.071599166908
0.5450000000000004,911.8025946768137,996.1580354961746,3036.110957555209,4155.2850778382435,--undefined--
0.5500000000000004,738.3278022320811,1040.140878269546,2805.5007178898745,3431.522293523305,4350.473024938107
0.5550000000000004,671.0140490627704,1051.3961518109124,2759.9537087215517,3308.692104559788,4326.373241818663
0.5600000000000004,629.6826859801148,1058.3775964350614,2765.3120286409985,3380.701856744097,4283.689715023066
0.5650000000000004,598.2988909887409,1069.8007860746907,2754.0704994926427,3510.810577021531,4230.355259962187
0.5700000000000004,602.2022944078808,1080.8160786139526,2705.895478620724,3726.736346115745,4178.12755043421
0.5750000000000004,617.9341640733055,1077.4062672972852,2741.305022542247,3709.5707930141803,4178.916782502704
0.5800000000000004,688.1769037389137,1017.9934710935971,2796.4418363482723,3508.120770805528,4200.778982250006
0.5850000000000004,675.7967743017515,937.8118774858273,2832.8668430506245,3371.738782857136,4197.571142117224
0.5900000000000004,618.0711963653706,921.8106400370375,2835.943657065042,3448.401057803353,4164.79468031092
0.5950000000000004,666.4589547457156,1079.1227960256977,2812.650465345788,3792.543339327477,4127.2491828456405
0.6000000000000004,662.0297509695189,1123.4116000025165,2919.379090961127,3700.4164581885834,4101.7883238089025
0.6050000000000004,648.1964752195777,1113.7182035748772,2840.7939681658113,3599.4549938579007,4156.446519647883
0.6100000000000004,634.5046502422192,1054.4940954890158,2791.0261539215767,3517.3625350298908,4191.4030112507735
0.6150000000000004,584.0944012927351,963.0570046264485,2817.8790575561293,3410.283954950588,4181.985311593138
0.6200000000000004,440.3104213195493,870.9192678905224,2856.5822627137786,3197.291237851753,4156.987636989403
0.6250000000000004,550.3345814963784,905.8642006961921,2910.0206437299685,3229.836570375738,4189.750855846783
0.6300000000000004,569.2161339175752,997.1070623356453,2793.1402165338277,3423.486670140539,4189.556248746939
0.6350000000000005,554.3468592472789,1056.3362038971327,2722.433529068153,3514.6957355121613,4177.666007484547
0.6400000000000005,537.6283950415706,1067.4412490475802,2750.220599201796,3519.0551360057193,4179.623501909921
0.6450000000000005,534.4760407458102,1064.302004451297,2813.7198136252778,3635.428908675518,4221.572602651715
0.6500000000000005,534.0809581209473,1060.8427243086373,2810.1774640462554,3646.632586257306,4225.908251982309
0.6550000000000005,528.2616603805449,1059.5553305414128,2791.123335657439,3610.404557960841,4232.5430933653015
0.6600000000000005,527.836796821387,1055.274193343455,2807.6726251797227,3465.935312266451,4230.901224122765
0.6650000000000005,532.4762674699946,1050.942919471332,2841.6053440964824,3287.9900725558005,4233.878375441302
0.6700000000000005,534.015016117126,1054.4140115700732,2834.5301664630642,3238.7342016363805,4268.3689253056955
0.6750000000000005,526.251380210606,1046.8614541488153,3018.3532739430266,3115.5069515717746,4274.965570338109
0.6800000000000005,524.1297681222958,1040.6885698483682,3061.8455711720176,3081.8614630800084,4261.254592043469
0.6850000000000005,524.1050091632403,1041.5841486727022,3026.5106096349905,3108.703199510228,4248.467199091036
0.6900000000000005,523.954604405247,1048.9253630056105,2974.2044057198027,3131.993896614084,4247.615061775806
0.6950000000000005,522.003847971315,1057.0747323112066,2966.7948369936453,3068.981562198048,4261.531882620194
0.7000000000000005,509.2092181788148,1048.4495964095754,2926.80868571828,3116.8227820538013,4251.649792667664
0.7050000000000005,511.2560933924008,1044.1434553312001,3015.3133740106696,3134.608253415526,4271.104192716077
0.7100000000000005,522.7667033149917,1043.972324295172,3071.7162517484253,3585.9797669240716,4265.660587701241
0.7150000000000005,527.228291459883,1041.8095740355684,3031.9232450708287,4011.637595193425,4253.712791038246
0.7200000000000005,502.0985766065982,1028.132642804538,2901.7617768641885,3376.7639597924945,4298.809335873732
0.7250000000000005,498.1659904504153,1024.1498004512464,2798.13228526255,3354.1940519474324,4270.036381274302
0.7300000000000005,500.64245037983335,1024.5221764546448,2865.9675467821617,3294.841634524202,4240.9944271066715
0.7350000000000005,501.6307452857426,1023.3692447088521,2946.838812565889,3289.444438758176,4225.759497796192
0.7400000000000005,498.00826710053184,1015.8277779407366,2967.9787157083406,3351.9840946941667,4231.216882895388
0.7450000000000006,490.5302966835759,998.1662395649068,2918.923110253772,3451.1972492652935,4253.94624138691
0.7500000000000006,498.46205962077863,981.5847983276207,2953.1015643458936,3846.0390245339004,4136.1549427482
0.7550000000000006,525.2640172027747,950.4234252798644,2993.378867115759,3874.0609176323205,4120.263565074408
0.7600000000000006,535.1090408857758,933.7721128013858,2962.8992315292794,3715.2960014463583,4150.082911263281
0.7650000000000006,527.4091370043926,935.5683573135966,2898.2055126430255,3520.207664648598,4185.018852659043
0.7700000000000006,526.0136387663518,941.7300477892985,2914.706343978878,3423.2518102243644,4194.3630403552215
0.7750000000000006,539.6756281507326,931.3921805896182,3041.2607116873196,3378.951765442296,4200.249715447234
0.7800000000000006,547.8657096042821,915.4062116898023,3064.5844078573427,3328.673106837367,4227.575714324867
0.7850000000000006,547.7478339213669,910.3171390348191,3076.6554583700936,3315.2666805682234,4239.237267787398
0.7900000000000006,547.0124632470561,904.9526247200764,3087.318183600623,3309.210548241612,4235.262572645981
0.7950000000000006,560.2207234208944,870.494847702103,3051.73115521114,3241.3220427652113,4240.136448699646
0.8000000000000006,575.0250728474654,844.0288795906987,2967.091877468257,3422.6000758259793,4224.489519219504
0.8050000000000006,577.6331808836072,778.6030800509551,3012.1995188301594,3370.4994903595884,4216.235049765394
0.8100000000000006,566.8435919227879,773.6649215437463,2987.2094221270127,3346.4484228443835,4235.218515648218
0.8150000000000006,554.3672272726262,815.86672344424,2891.186345493102,3374.1111963367675,4265.021756041025
0.8200000000000006,559.3069380973471,818.9458163869675,2860.384807139045,3318.5103688002455,4264.433125195843
0.8250000000000006,530.5102611581556,926.6104801586649,2950.0754116761996,3228.018311630218,4241.624630454427
0.8300000000000006,503.4426466958758,1000.4683811831768,2903.0450738547415,3229.191106725117,4265.762853365301
0.8350000000000006,486.14658462688874,1038.4669191227176,2837.919932066904,3247.5145921689414,4296.366346512733
0.8400000000000006,479.0386660335508,1030.6490060461826,2806.630420924442,3267.764076393558,4309.815953122223
0.8450000000000006,473.4527467201521,965.1153912769314,2813.962420687424,3312.8640102076874,4296.127792686273
0.8500000000000006,353.3666733824152,904.8691618240456,2773.5683620683517,3350.2258852103278,4330.838152772536
0.8550000000000006,672.3080433995733,2100.537310769124,3162.29330387691,3946.0352223005684,--undefined--
0.8600000000000007,856.51626534368,2665.8428940462923,3293.251005479014,4308.143038539516,--undefined--
0.8650000000000007,849.0718338072039,2509.829053710105,3161.11300530983,4327.485022423684,--undefined--
0.8700000000000007,938.4836964889206,2744.8386853726615,3220.918712577617,4360.223885601723,--undefined--
0.8750000000000007,952.8721945791286,2731.364300034028,3331.5409521199626,4383.2301352638315,--undefined--
0.8800000000000007,487.9500688481804,1600.2285524369113,2982.3383909140794,3816.488408373028,4655.874782262609
0.8850000000000007,240.2843751945531,961.0621887724964,2760.668811230503,3467.0650272322187,4732.599326126732
0.8900000000000007,463.44764558212637,1422.2806746695862,2929.2503203355404,3792.4795953115686,4837.007136888243
0.8950000000000007,1073.4261021647296,2827.392924027431,3499.8954626194227,4941.970508852389,--undefined--
0.9000000000000007,1070.3828609904238,2867.0999537350463,3615.460079298838,4919.701463332949,--undefined--
0.9050000000000007,1069.6345065885755,2838.0779023655496,3761.6779880367335,4912.430814253226,--undefined--
0.9100000000000007,1022.9398778953401,2789.8209109293703,3855.8227384873053,5054.100155841656,--undefined--
0.9150000000000007,966.3711527042558,2703.0689742239474,3863.930894822232,4961.124833405338,--undefined--
0.9200000000000007,992.3233176189141,2523.367354500814,3793.2912944262557,3983.942424426433,--undefined--
0.9250000000000007,1058.630267219992,2566.654616260885,3850.844628876213,4726.423526722013,--undefined--
0.9300000000000007,1249.516737342824,2798.183445361491,3833.1771954444935,4913.58664714469,--undefined--
0.9350000000000007,1474.7727111629742,2945.723220450248,3861.651152216764,4938.004219387988,--undefined--
0.9400000000000007,1621.9607569806171,2954.581556120831,3989.3060853021702,4951.985690722053,--undefined--
0.9450000000000007,1572.8746456005406,2920.7687296304093,4208.393764191737,--undefined--,--undefined--
0.9500000000000007,1622.1362531982961,2901.191232219993,4104.851620840608,5016.603447719905,--undefined--
0.9550000000000007,1681.799694145767,2920.032818572388,4147.6008012032,--undefined--,--undefined--
0.9600000000000007,1727.616814153648,2890.5639643324507,4130.767937814799,--undefined--,--undefined--
0.9650000000000007,1736.5058766068255,2830.5956947188256,4037.227954594554,5130.719130766536,--undefined--
0.9700000000000008,1689.6817639836424,2826.455603723665,3978.1709068322034,5076.514916605105,--undefined--
0.9750000000000008,1676.6553886368515,2785.3325534434734,3949.3405650222685,5004.872669920651,--undefined--
0.9800000000000008,1624.5937218474405,2826.533932435382,3932.978920807418,4965.858387126554,--undefined--
0.9850000000000008,1637.6283345942763,2889.43020284292,3943.2892082663816,4957.57929772684,--undefined--
0.9900000000000008,1675.0912401273333,2920.748508247551,3946.466397738014,4958.344304540264,--undefined--
0.9950000000000008,1596.0021477192695,2872.5789440463263,3880.7004846028753,4934.817986655526,--undefined--
1.0000000000000007,1349.255244542191,2767.3827264218717,3896.292280743357,4965.923448367875,--undefined--
1.0050000000000006,1430.929451388138,2704.0923307748994,3982.4339061368178,4982.620355658383,--undefined--
1.0100000000000005,1548.8464532182043,2662.969479741014,3974.8928845932223,4956.312181060356,--undefined--
1.0150000000000003,1615.4714404469776,2681.748704010213,3897.667426208647,4921.680667193398,--undefined--
1.0200000000000002,1677.9113492604736,2828.5938099211953,3901.0402135545887,4954.004422331832,--undefined--
1.0250000000000001,1681.6471447339388,2885.1575263191407,3900.9537541141262,4960.8728143848475,--undefined--
1.03,1731.6889642442384,2917.821451656782,3900.03268121791,4977.405834214771,--undefined--
1.035,1782.471071615754,2921.568727824155,3909.099068327893,4985.3534939628325,--undefined--
1.0399999999999998,1816.1959668916586,2901.9153570006924,3912.6280235302397,4981.270095606086,--undefined--
1.0449999999999997,1834.3626408640318,2870.2789531478443,3875.9447476340565,4972.289024835461,--undefined--
1.0499999999999996,1855.8067065370442,2759.2301958513613,3756.501509928922,4969.434818192183,--undefined--
1.0549999999999995,1853.127772510206,2877.461204675025,3854.0932079802037,4974.001557260653,--undefined--
1.0599999999999994,1765.1785292980217,2924.973330835857,3942.028050739443,4943.872684871383,--undefined--
1.0649999999999993,1666.669196292892,2883.487392364411,3972.531175839717,4907.683282034279,--undefined--
1.0699999999999992,1720.5924983043512,2920.504394315046,4014.113846272784,4939.334515632802,--undefined--
1.074999999999999,1772.4245095978129,2869.334306759952,3935.467493047531,4943.555332713234,--undefined--
1.079999999999999,1819.3749704369334,2898.7891174379465,3917.8512538717614,4967.369385822112,--undefined--
1.0849999999999989,1825.0512206378287,2917.212905518966,3924.3963442220593,4983.4836778140325,--undefined--
1.0899999999999987,1792.4854336953333,2890.1467121148785,3931.176911138337,4981.654804373725,--undefined--
1.0949999999999986,1753.8248956090308,2825.8544183957597,3923.3699063709023,4965.061178335558,--undefined--
1.0999999999999985,1751.396931156708,2844.587262890997,3935.4082790276584,4986.482655447812,--undefined--
1.1049999999999984,1698.1781017147646,2836.171549141104,3922.4032983175803,4977.206821806775,--undefined--
1.1099999999999983,1653.552036726093,2844.209174326858,3885.3778231577703,4952.177039134784,--undefined--
1.1149999999999982,1626.057799921019,2878.0318760507207,3838.7397431893046,4934.933350046305,--undefined--
1.119999999999998,1570.8528396442343,2893.4640912874665,3787.3885970001847,4928.582484626163,--undefined--
1.124999999999998,881.1627701366017,1935.1824936845412,3119.370621007339,4086.7549878374384,5002.599144060056
1.129999999999998,683.6208655687017,1725.412409970483,2986.7783111881163,3914.8196065986644,4960.340145951991
1.1349999999999978,564.5880916403702,1712.2559093239843,2969.8748853340253,3938.0356699724034,4960.616061562713
1.1399999999999977,696.7270702408891,1963.8100672406465,3130.898170585568,4201.830040820252,4995.704620560929
1.1449999999999976,1592.3375069068834,2904.2943035234734,3813.409971185279,5048.1935942313985,--undefined--
1.1499999999999975,1724.3597303111412,2915.651414233184,3863.3333243302613,5079.411949717725,--undefined--
1.1549999999999974,1681.6413244993867,2880.5812678063985,3849.748909492769,5054.124751595334,--undefined--
1.1599999999999973,1132.39643312632,2401.340461324115,3466.657402822314,4679.516757452719,--undefined--
1.1649999999999971,537.6630344714474,1793.44115389774,2960.0201967683993,4143.65773503468,4971.399748036274
1.169999999999997,856.0094814084396,1840.3591118563804,2939.433063466108,3960.6697113779383,4940.28696154095
1.174999999999997,619.5042147130049,1854.2442210632807,2891.686595990671,3939.421614956014,4946.107416607203
1.1799999999999968,1362.6696697625885,2523.8822575497215,3527.267942035333,4569.291107343782,--undefined--
1.1849999999999967,1835.535654389612,2907.2008390741357,3902.345511928354,4963.313007326829,--undefined--
1.1899999999999966,1804.524622627215,2875.92209521298,3888.9189430467004,4974.8873968266325,--undefined--
1.1949999999999965,1732.3625572669685,2856.5225951922735,3913.1206493603268,4962.734609632344,--undefined--
1.1999999999999964,1780.4582326078594,2829.133195914416,3921.102241139946,4947.367875744938,--undefined--
1.2049999999999963,1768.2442853308037,2799.708293517467,3914.376994054071,4970.487689940132,--undefined--
1.2099999999999962,1763.50067100542,2780.844278320304,3915.313465578598,4972.983249224423,--undefined--
1.214999999999996,1775.790745181442,2774.3831224477167,3923.5580144483024,4954.604179176079,--undefined--
