0.025,510.9990157390595,1397.0124545979488,2636.2168303329818,4255.574100392484,--undefined--
0.030000000000000002,416.87242410038175,1363.4486902429862,2750.5147324127283,4267.861095741608,5315.520762836064
0.035,360.9842130594845,1368.8353655593312,2906.7763214162796,4382.879450712459,5281.564362498063
0.04,393.4725919954267,1435.8540419385313,3026.426267945018,4572.184231971825,5196.065095899246
0.045,396.36720910276074,1489.2364083803452,3033.7274011364825,4583.293639566614,5070.2375690712515
0.049999999999999996,411.92470121383275,1538.5208959722625,3006.222056075043,4596.8733569568,4902.216871662121
0.05499999999999999,423.7466452735008,1539.3104983566807,2899.9123261478762,4249.639101501685,4741.4239945043655
0.05999999999999999,430.36637767622074,1492.442489405227,2798.1398437798093,3990.958987832467,4660.14506451439
0.06499999999999999,434.36441168231033,1432.7337863883247,2787.6191075963557,4102.717464755622,4668.802225164952
0.06999999999999999,444.07428820496,1453.2752904422214,2958.7628729458156,4509.636177117734,--undefined--
0.075,446.50909113504815,1458.3515692178798,2937.5198287528788,4491.657920633425,--undefined--
0.08,448.1754942309509,1464.9910319474907,2976.4575049121545,4473.755625171874,--undefined--
0.085,441.38451898980816,1461.4684208123176,3048.2419131744114,4503.776532331102,--undefined--
0.09000000000000001,425.0924414220353,1444.3179381472987,3103.8170000263653,4558.433129774356,--undefined--
0.09500000000000001,411.2592250759867,1427.2066555719257,3081.040684978335,4524.397754752483,--undefined--
0.10000000000000002,393.36895127310464,1417.0500426508918,3027.987537322132,4481.953420203444,--undefined--
0.10500000000000002,374.8884289487738,1445.746652002634,2991.1808273356723,4458.025821628247,--undefined--
0.11000000000000003,361.00373950550625,1517.4559914212934,2959.814503078614,4457.781672451441,--undefined--
0.11500000000000003,354.0787524820553,1591.6405582066484,2928.7023950124585,4475.728316209535,--undefined--
0.12000000000000004,351.75833920005755,1546.4396510848849,2909.244210983645,4490.423946406393,--undefined--
0.12500000000000003,352.73038774777143,1508.7893749316186,2866.5052883839417,4530.532423254882,4874.292196133815
0.13000000000000003,355.5472942981707,1524.2803863397874,2870.9629621388626,4493.049565416143,--undefined--
0.13500000000000004,357.3029475221839,1542.5533593432567,2914.3092040059173,4459.401082727169,--undefined--
0.14000000000000004,356.9475760146523,1528.8775856112177,2975.015471968533,4473.826262868542,--undefined--
0.14500000000000005,356.820722165733,1484.0377653873331,3016.4725004064894,4497.033817920493,--undefined--
0.15000000000000005,361.01439247666025,1433.383103887458,3022.951133060719,4510.8182206052625,--undefined--
0.15500000000000005,368.87319516712216,1406.7803447608176,3027.4857624383767,4473.675028136091,--undefined--
0.16000000000000006,381.56643529784475,1398.7787416436136,3028.4519862359257,4428.727574528449,--undefined--
0.16500000000000006,400.22394521839095,1408.2046608216315,3019.675430414944,4409.865660455682,--undefined--
0.17000000000000007,426.3046696067725,1447.3260515137379,2989.1520815858057,4428.0406151227435,--undefined--
0.17500000000000007,443.4096526886155,1482.484871673078,2974.2779450147486,4433.671310783013,--undefined--
0.18000000000000008,451.6126899500303,1510.3557820583117,2992.6555605671297,4438.480646116907,--undefined--
0.18500000000000008,448.5699793354698,1556.0420155490447,3005.1361016914675,4457.1452910592225,--undefined--
0.19000000000000009,434.73349415528673,1600.3368973833512,2986.7177209561664,4490.994887678138,--undefined--
0.1950000000000001,415.0191041036132,1537.5895358453636,2941.276680609948,4517.625691260866,--undefined--
0.2000000000000001,404.05487628290035,1464.646529053,2968.8015143740627,4469.743930774384,--undefined--
0.2050000000000001,403.8783800495511,1421.961731045423,3015.402586735928,4439.140221809683,--undefined--
0.2100000000000001,410.71888497224654,1420.5704210389558,3015.9868778419427,4415.550342830508,--undefined--
0.2150000000000001,419.28823154540663,1456.6772922543846,2952.545122611974,4396.891500817424,--undefined--
0.2200000000000001,422.10733292801024,1505.477618195522,2889.4873022238294,4407.843693989019,--undefined--
0.22500000000000012,420.6040825842726,1589.4559429187775,2976.5647124126835,4469.899714638682,--undefined--
0.23000000000000012,412.65346387754005,1590.7366887114422,2993.5170700929407,4498.634005184349,--undefined--
0.23500000000000013,400.1115231904151,1558.916775959557,2956.1989805791163,4511.351139563848,--undefined--
0.24000000000000013,385.7077247841177,1525.2330833224873,2914.8104586136023,4513.7592501747895,--undefined--
0.24500000000000013,373.27147991713684,1469.2155928790894,2959.0478725934677,4478.064038121028,--undefined--
0.2500000000000001,372.47128185997093,1420.2179815081342,3034.0157436837558,4468.938107083377,--undefined--
0.2550000000000001,375.9132654425988,1399.0219677344921,3027.618503753431,4446.76955932745,--undefined--
0.2600000000000001,380.18391695730577,1418.2262026021206,2983.332974221198,4455.922343069754,--undefined--
0.2650000000000001,381.79668946614703,1476.1040927543572,2944.679629570336,4370.383089687064,5083.4576795385465
0.27000000000000013,376.34007484052114,1548.7269263057158,2940.171665672684,3724.4575818886447,4681.726948516062
0.27500000000000013,365.397451545858,1622.1393553542878,2946.539260773071,4354.74572760596,--undefined--
0.28000000000000014,359.36574906495696,1539.0861142538267,2884.320781374503,4511.638363142731,--undefined--
0.28500000000000014,360.19535164361423,1454.8395225545914,2795.2125890169013,4519.170481521086,--undefined--
0.29000000000000015,364.8543875770249,1453.7950680915599,2723.0516156981303,4596.360634106024,4661.923088850666
0.29500000000000015,362.210348846844,1464.5790541165366,2705.4063337342636,4554.026195914149,4708.844675151681
0.30000000000000016,354.1747980286585,1466.3572486544058,2700.2399352505868,4495.1891992481,--undefined--
0.30500000000000016,350.18952149396,1458.9968156698726,2705.576701042895,4441.703900620794,--undefined--
0.31000000000000016,351.6480226470958,1445.3713802078648,2730.6017113815806,4447.2168004795585,--undefined--
0.31500000000000017,356.62814588408605,1436.8760684136764,2769.5143060580303,4511.616669759104,--undefined--
0.3200000000000002,358.1761082114211,1461.2999699915204,2788.4972577717836,4536.660804857445,--undefined--
0.3250000000000002,355.0730816837814,1445.976315184234,2769.2583875007663,4535.1076337491895,--undefined--
0.3300000000000002,355.6439881129899,1414.3843304538002,2764.049752646077,4532.682403223498,--undefined--
0.3350000000000002,355.8989257772143,1385.606332920571,2776.4174999395805,4540.017390646594,--undefined--
0.3400000000000002,353.8434888348,1370.4475925496258,2808.3463829208777,4556.891309097437,5013.766839867067
0.3450000000000002,352.26538344873086,1366.3674350577653,2866.1236677314996,4565.379177866312,5039.636113353047
0.3500000000000002,349.9710481578079,1392.4352471846375,2853.8013878271554,4499.963501535363,5060.42911650725
0.3550000000000002,351.1403368043562,1400.8604253723058,2844.892449294274,4304.73752653219,4937.212299826824
0.3600000000000002,354.2583810079092,1397.0578896818931,2819.19282027738,4085.156978532779,4816.125613398807
0.3650000000000002,358.79988502790394,1401.473584211724,2784.4639462808323,3902.3572612824114,4804.519056573084
0.3700000000000002,366.82445586071196,1458.1946509643412,2810.190213103434,3722.5680371337494,4919.991008727182
0.3750000000000002,366.84691592531334,1473.265703634885,2805.778033695196,3532.345171975553,4968.149807269181
0.3800000000000002,365.2767308114465,1475.1185432276352,2844.4662262354923,3507.6596167963644,4945.482546020334
0.38500000000000023,367.270023475248,1467.5419771712145,2855.495640059871,3673.804259793258,4890.491876136028
0.39000000000000024,374.9566192041326,1449.724812239333,2818.20250516542,3940.250980587506,4852.938231619499
0.39500000000000024,385.5623288620564,1413.955295645198,2815.8115456670816,4023.6745115157046,4902.145229091788
0.40000000000000024,395.9452571762754,1402.637418984163,2805.8653769878924,3851.562130763426,4881.122496595639
0.40500000000000025,405.3116531591524,1398.7134384813558,2793.6928471787182,3817.9807334829406,4887.017397082997
0.41000000000000025,412.697754895189,1399.5391341548673,2782.2921723687577,3800.7172800739895,4951.373986512936
0.41500000000000026,417.2761282540977,1404.3374755912585,2788.055643373049,3730.452035376001,5069.978815513334
0.42000000000000026,418.20041281806544,1414.602758944579,2854.7319094517225,3685.557614765788,5184.088241496513
0.42500000000000027,419.5613197380142,1446.784969415076,2836.5729801686566,3604.8482864826565,5296.313760182196
0.43000000000000027,417.942374034564,1507.1264758271968,2827.1125726350424,3571.79256249938,5362.554683195748
0.4350000000000003,411.3387481322679,1514.0349548473773,2819.749757369375,3565.6060904883993,5268.9864406136185
0.4400000000000003,398.86048608965,1447.4632525414443,2801.4955369511194,3553.0233625353617,5005.766925844088
0.4450000000000003,380.9583408255238,1404.129134641557,2756.9092639848554,3487.2375824761666,4748.158720246743
0.4500000000000003,378.7482054610828,1390.2154352408004,2704.674457042565,3439.70839812294,4747.556548820987
0.4550000000000003,381.07361186456757,1406.802048929394,2692.493885438837,3416.542168258495,4920.085413220238
0.4600000000000003,386.3552976968503,1420.64252936948,2696.2714963564554,3411.8389767797717,5049.774386991273
0.4650000000000003,391.5860635936697,1417.2027277723998,2711.663625529573,3419.9164733674593,5029.38060510117
0.4700000000000003,389.96028042210344,1418.5105565036708,2779.953731628039,3437.8517976951243,4951.381529951347
0.4750000000000003,391.3477365628786,1415.9821821165235,2767.6607019031585,3407.506327971374,4875.799280332996
0.4800000000000003,393.979549655209,1409.7116097207204,2744.977263942263,3394.6805797725738,4887.57117823409
0.4850000000000003,394.0409265572761,1385.1330517738284,2754.132949765054,3398.5868958239435,4939.991879431805
0.4900000000000003,390.9494421792662,1345.5568868141736,2780.5127181091716,3404.1384623597783,4993.263728758317
0.49500000000000033,390.05727001307946,1327.902815450575,2707.713297683466,3376.524457586124,5033.688975168044
0.5000000000000003,386.6515142094226,1329.3179654001979,2722.8657941469332,3361.893885667014,5043.661678970352
0.5050000000000003,378.7707787179983,1327.2378749341262,2735.3773368165957,3340.956568009446,4934.498766614706
0.5100000000000003,376.76524949532757,1329.0260405417353,2720.0103146504134,3331.2055827509753,4844.812629239426
0.5150000000000003,381.00858327388823,1337.9515847792322,2691.6644654346624,3346.4258938358703,4879.990190829708
0.5200000000000004,372.5321783914383,1347.1688807515081,2732.21067968519,3392.271368971014,5073.733401488896
0.5250000000000004,383.35224414774416,1330.033243531464,2717.167186747511,3407.3978198408417,5101.580950504356
0.5300000000000004,385.4964934160678,1327.2059033524292,2714.4898265570732,3379.2595985878966,5102.207681857428
0.5350000000000004,384.075276774937,1333.3359112988385,2708.9690253622493,3349.1318527103854,5107.832669618505
0.5400000000000004,382.81154912288787,1339.4756617705018,2693.050193259727,3342.528930330428,5137.8233915898845
0.5450000000000004,379.36911793784566,1334.7066288930146,2681.2853616271655,3352.708548450145,5202.038381580398
0.5500000000000004,382.10691348141876,1335.54658290913,2665.8994454045182,3348.0997260066074,5173.226703821779
0.5550000000000004,387.635565763898,1337.1848293351234,2662.370568429541,3337.829407404252,5140.983415965895
0.5600000000000004,392.78108652013213,1340.0648910953419,2662.5385349054714,3328.5196121422723,5042.556611414812
0.5650000000000004,395.06483720470544,1343.2414557738425,2660.925449553538,3323.2017205779375,4894.905304119565
0.5700000000000004,392.9361792312886,1342.6076642519242,2659.2949774291756,3318.9511596641423,4876.054387511853
0.5750000000000004,385.68387479142996,1343.9966976098358,2699.9084855105193,3320.5557780976574,4916.331119929568
0.5800000000000004,390.80268547370355,1334.7569931617875,2703.0999725991087,3323.707352889537,4879.904733278605
0.5850000000000004,394.94784341708777,1330.545503494383,2700.5403369101327,3341.1117110648493,4862.816559525581
0.5900000000000004,389.4456786265998,1334.9568878589332,2719.3990262634106,3366.008103846346,4910.642017927758
0.5950000000000004,376.5134907440498,1326.9351100973677,2769.1877561162178,3353.9874678008014,4957.140209679488
0.6000000000000004,386.93617422906954,1319.1222194826546,2683.9222693917336,3341.3004257144025,5095.178352286275
0.6050000000000004,395.63168642462904,1323.294931359368,2638.4980439889405,3339.5324495296227,5090.92251544039
0.6100000000000004,401.8634292457898,1324.2106882928606,2614.327650346863,3335.319337445994,5016.609593305546
0.6150000000000004,404.7100897796505,1316.7671145173633,2595.2273914223633,3324.4804074356757,4937.950993433359
0.6200000000000004,399.9099202871342,1316.7674781975966,2590.533879601536,3321.9233803270467,4876.743589237825
0.6250000000000004,393.46642022227746,1387.2312840264117,2602.2569004753373,3346.4380299627896,4868.98645303774
0.6300000000000004,419.2676064683805,1486.1279456065836,2610.871874180719,3361.3000090855826,4964.9627647453135
0.6350000000000005,431.74992585752995,1487.3093239449763,2623.284523468928,3379.938453135459,5027.093980507505
0.6400000000000005,413.53812614036303,1378.407478604139,2633.107190394795,3395.3843328542816,4970.722436509937
0.6450000000000005,405.0396592474766,1357.5952454167618,2605.8469190502415,3356.6570346998587,4816.546020705342
0.6500000000000005,410.61267686743963,1361.2147593542636,2608.6192774843726,3374.0741804531767,4707.838804445734
0.6550000000000005,415.3707200859932,1416.5288487310647,2603.129517368421,3411.902821218935,4754.453766161484
0.6600000000000005,416.51121345748703,1504.9758348027367,2591.599932181902,3554.2300219951576,4859.325623642471
0.6650000000000005,417.0549504387307,1595.0969810296356,2600.342900605581,3793.9728220273078,4917.327023837755
0.6700000000000005,429.6043108768054,1635.58665251199,2698.9104334145504,3950.0217807523827,4823.215858436032
0.6750000000000005,475.42404916593824,1646.64123498099,2792.9751540670572,4010.303562440017,5178.07648196632
0.6800000000000005,555.9924160828671,1711.3337631539753,2942.669298130566,4205.508833095732,--undefined--
0.6850000000000005,755.7474943194156,1828.2766938592963,3135.190692892609,4428.170802923694,--undefined--
0.6900000000000005,1013.4908566728167,1955.9312783907835,3293.8465685924207,4534.537375098927,--undefined--
0.6950000000000005,991.052583676876,1986.8353200056922,3225.203207958828,4334.611681258068,--undefined--
0.7000000000000005,831.281732338434,1967.4527212681908,3186.8934351707203,4297.196540085257,--undefined--
0.7050000000000005,724.2456350838207,1727.256699929124,3098.0530519974573,4276.971853437802,--undefined--
0.7100000000000005,800.6939593845152,1616.5251801848965,3059.3400282165635,4294.870223008621,--undefined--
0.7150000000000005,1027.5905645313624,1812.1464354024902,3135.411101466546,4361.778054573481,--undefined--
0.7200000000000005,1086.1721100685095,2145.3504622617743,3316.872552542936,4456.756409546578,--undefined--
0.7250000000000005,964.9884883273362,2043.19801545815,3209.3243377067206,4479.352134949832,--undefined--
0.7300000000000005,838.998473019531,1943.128402143641,3205.3149394711168,4478.204914203654,--undefined--
0.7350000000000005,783.31681787608,1880.9051624165509,3211.5254618373406,4415.542560529226,--undefined--
0.7400000000000005,849.4195788817418,1895.018453045081,3160.92641764348,4305.085339302734,--undefined--
0.7450000000000006,1068.6550995857067,2081.1119014153305,3080.9542578568985,4261.854868992391,--undefined--
0.7500000000000006,1256.1829161713833,1888.1170407403445,3070.2772926818157,4356.536755274149,--undefined--
0.7550000000000006,1246.7908114024876,1892.5889704757449,3079.603507541376,4415.024921311671,--undefined--
0.7600000000000006,1125.298782205774,1951.0523716042762,3162.8905779627944,4402.735342733748,--undefined--
0.7650000000000006,1001.3638538130169,1969.482492842022,3294.4597397000416,4341.700913341282,--undefined--
0.7700000000000006,1006.8025398132505,2017.7775150710718,3292.6948732999545,4340.410283679956,--undefined--
0.7750000000000006,1080.498393716587,2094.717043593864,3331.6734249752913,4404.4569255571805,--undefined--
0.7800000000000006,960.7103308499863,1898.9135702078663,3113.4133573367344,4386.982625120255,--undefined--
0.7850000000000006,977.050810846919,1816.299639070624,2997.239135970446,4381.028453185559,--undefined--
0.7900000000000006,1192.6901275441212,2007.5560693433854,3129.522144130991,4424.255148969391,--undefined--
0.7950000000000006,1130.344079028816,2169.2924954539844,3215.9246146907344,4430.735958951787,--undefined--
