0.025,397.16983464370617,1803.7230066096945,2593.4058692497383,4191.412334490728,--undefined--
0.030000000000000002,403.5579902356801,1793.1262825882175,2577.912955714285,4170.353576034845,--undefined--
0.035,422.72346429529296,1768.1991919983852,2547.6442857187512,4122.829925881784,5060.166285747713
0.04,458.5878690325786,1758.953597322648,2579.331444563087,4119.195500363655,4998.333345370523
0.045,560.1758900719841,1788.6912656415857,2570.06627191821,4044.4290253718787,4891.515149917295
0.049999999999999996,731.7174748522049,1926.613251161167,2926.391195267488,4224.482090565219,--undefined--
0.05499999999999999,814.5266722887943,1966.6581390981182,3214.420868069152,4291.299752782769,--undefined--
0.05999999999999999,686.9573381088446,1772.2785288532355,3068.066314726335,3983.325045691091,5267.88950648695
0.06499999999999999,471.7563320783426,1668.346637817047,2983.4911868668387,3952.4632356764314,5168.510903422453
0.06999999999999999,441.3617836222311,1730.1567254755212,2925.941322321312,4074.0595827293478,--undefined--
0.075,878.6685234559028,2049.5785710820637,3055.618384611731,4087.3161578496233,--undefined--
0.08,1310.1949165277567,2306.031154762427,3283.098211302087,4264.219757885385,--undefined--
0.085,1271.3941572898866,2211.0936659991394,3385.091986368017,4641.801515214478,--undefined--
0.09000000000000001,859.6035007811438,1879.8266565761116,2765.1840189228406,3915.2811299554,4805.553881729878
0.09500000000000001,765.4831745372353,1845.5913114054817,2845.825771468209,3923.715364843161,4886.596392960691
0.10000000000000002,651.265289485964,1789.87129942796,2957.5272363663435,4102.890024351624,4829.180094908632
0.10500000000000002,550.6430674697074,1742.5511086985464,2976.620764900233,4182.962572279629,4806.887584274498
0.11000000000000003,536.7444022133681,1777.8069818652746,2932.4368805860663,4058.247185641619,4994.856214000868
0.11500000000000003,587.0990741180755,1910.3648642283206,3081.932884215776,4072.2245799166203,5307.749698749
0.12000000000000004,585.9276845558721,1856.9137577600402,2880.0671927286403,4033.2485507919964,--undefined--
0.12500000000000003,479.1694330030591,1679.7459896653002,2720.8543589673227,3925.732614001471,4947.403538729517
0.13000000000000003,720.8951288220272,1866.0688265245728,2956.022892958283,4181.204506643545,4947.403538729517
0.13500000000000004,1372.8868972244875,2528.783223319738,3585.5128173427947,4782.281210168528,--undefined--
0.14000000000000004,557.1326496216458,1985.8392636807805,3254.0883630406856,3574.6242977193447,4977.405904140023
0.14500000000000005,529.0785519055167,1926.485385851939,3062.4468697344078,3548.9923080817844,4995.991179055753
0.15000000000000005,455.25158682072356,1912.104300827381,2939.4553603394493,3712.4052974625324,4967.495456456544
0.15500000000000005,349.6064274703641,1813.453420946506,2841.8085087985205,3877.810387956169,4960.129018730559
0.16000000000000006,332.3121887644886,1639.7284783065436,2764.270971048553,3979.716634310539,5035.176648658788
0.16500000000000006,353.96791225731374,1739.9304228853189,2850.281584210443,3877.2088408043483,5136.165725556271
0.17000000000000007,246.58528062398472,1820.9387161316456,2679.712415808147,3740.355224588714,4889.8281455486
0.17500000000000007,1011.425713702783,2222.230337393306,3244.250551534736,4273.434093549478,--undefined--
0.18000000000000008,1823.8163188488663,2721.740303928471,3955.6662754301833,4836.5023969381755,--undefined--
0.18500000000000008,1722.3278383963036,2920.261335681329,4066.7210783397113,--undefined--,--undefined--
0.19000000000000009,454.77990369309254,2078.8937740050437,3305.800928147856,4325.151261381589,--undefined--
0.1950000000000001,446.7558157581688,1916.526762660921,2888.2172628567832,3867.4839027002413,4854.075874262241
0.2000000000000001,404.46092122515046,1870.4227127467882,2941.2282765036193,3683.2743400168015,4880.619410671927
0.2050000000000001,620.1047550348167,1936.8076022831074,3179.8491903202475,3938.8165090645625,4906.193859821769
0.2100000000000001,1310.012696667997,2113.671327534941,3309.751211352984,4500.805693988249,--undefined--
0.2150000000000001,1293.098805413342,2029.3417921804303,3333.5220463581227,4490.309008009564,--undefined--
0.2200000000000001,1113.854773869486,1967.1787868151437,3210.7603627227004,4424.979919631895,--undefined--
0.22500000000000012,1415.8940738731626,2344.4067714628245,3622.5177447625074,4734.463061460805,--undefined--
0.23000000000000012,1735.8282361195904,2715.5662801727117,4036.6495974396153,5045.99513306321,--undefined--
0.23500000000000013,1643.5355881702112,2693.04804955952,3972.6757340789964,5036.162305624408,--undefined--
0.24000000000000013,1639.8156070169287,2741.8235694139585,4029.6528413752494,5160.000622643089,--undefined--
0.24500000000000013,1651.5134756304387,2669.819601462171,3789.5843161876783,5009.40463585259,--undefined--
0.2500000000000001,1267.355573255538,2277.572410338406,3469.302682920741,4699.676233195012,--undefined--
0.2550000000000001,1000.7057843597833,2025.3596017131185,3284.0707604619506,4585.650267024014,--undefined--
0.2600000000000001,1247.6495728479617,2258.038533258787,3374.29808918636,4859.28331949504,--undefined--
0.2650000000000001,1285.4554028901323,2406.7321134840463,3609.630076851333,4910.784361462083,--undefined--
0.27000000000000013,1298.6327897836672,2431.6772352490284,3704.035492729736,4928.9616012555025,--undefined--
0.27500000000000013,1340.4069361527131,2554.8096254788193,3453.534434471588,4664.8794309529,--undefined--
0.28000000000000014,1399.1979056683927,2538.897453972661,3136.811787066358,4483.703817288733,--undefined--
0.28500000000000014,1443.1947321356915,2198.255697978097,3054.8438137585244,4654.811996348337,--undefined--
0.29000000000000015,1404.7651570949668,1851.9995156607374,3249.6642782748,4630.050332641152,--undefined--
0.29500000000000015,1370.8950297751114,1788.9610185131971,3291.719732818961,4612.375467833296,--undefined--
0.30000000000000016,887.5611631019568,1881.4488402964807,3381.262792357044,4655.346087477575,--undefined--
0.30500000000000016,434.1913099809571,1930.964581332678,3361.2493024246246,4523.7434015086965,--undefined--
0.31000000000000016,451.7835878685019,1839.0310481643196,3151.774806010548,4139.350143481825,5177.071402519618
0.31500000000000017,569.7033906844758,1966.8203512459509,3226.964016088704,4249.582596646155,--undefined--
0.3200000000000002,611.5625621078456,2130.4994554766095,3382.8840315559823,--undefined--,--undefined--
0.3250000000000002,408.48578713009766,1380.5634683295962,2965.4279487660633,3453.545396875469,5124.085552911545
0.3300000000000002,303.43581193084674,827.1268811920643,2732.336749353407,3926.811335776478,5124.085552911545
0.3350000000000002,544.9872698740558,1369.4499452706098,3218.277268809324,4940.030471576462,--undefined--
0.3400000000000002,648.0319688426002,1611.6881368092845,3059.344385766967,4620.541994198389,--undefined--
0.3450000000000002,658.9527710415401,1617.1060054771792,2966.369191213435,4542.380817878432,--undefined--
0.3500000000000002,644.6105453952913,1545.3748638474076,2877.696993367159,4453.067700817361,--undefined--
0.3550000000000002,618.8038949965669,1463.3831420782756,2802.6380933299865,4358.721087664666,--undefined--
0.3600000000000002,609.5651669253832,1455.825174797627,2744.4094537691117,4308.333553863425,--undefined--
0.3650000000000002,742.8125447048116,1753.3269073844078,2632.4099251333355,4345.786163964831,--undefined--
0.3700000000000002,807.0749218532064,1942.8394362488898,3274.1154922071632,4672.49683963903,--undefined--
0.3750000000000002,1105.3290077400989,2441.9786499407614,3865.9452227700626,--undefined--,--undefined--
0.3800000000000002,988.2609026399217,2405.9454520222102,3750.043092669777,--undefined--,--undefined--
0.38500000000000023,200.15430843062535,1427.705061675007,2866.8124090526253,4267.926365741704,4980.459695073723
0.39000000000000024,724.9776629901094,1711.7392475261033,3393.1410472359166,4766.657827379315,--undefined--
0.39500000000000024,791.3633744930845,1666.8710133353359,3354.0701100480424,4506.9349459241475,--undefined--
0.40000000000000024,1128.907170144095,2215.1070250686,3540.8182308832074,4611.509359448579,--undefined--
0.40500000000000025,1468.654295907703,2751.659946334641,3760.0619562404786,4841.625606321437,--undefined--
0.41000000000000025,1500.2610919941244,2699.6164958908557,3759.1845324366527,4852.567459123262,--undefined--
0.41500000000000026,1449.7396022776963,2679.946108230728,3747.5193965462695,4859.581341835143,--undefined--
0.42000000000000026,1095.2963118272328,2532.901382881171,3468.1318062306195,4579.95717508687,--undefined--
0.42500000000000027,877.9622193286251,2400.063387845705,3632.1364655334946,4683.265458666261,--undefined--
0.43000000000000027,880.477043965449,2318.9956046724055,3909.9219462660394,4893.534963252739,--undefined--
0.4350000000000003,1085.5356834297418,2338.498057715025,3940.5418545746597,--undefined--,--undefined--
0.4400000000000003,1373.4278160839126,2649.023526264373,4001.7771076834774,5152.617888311171,--undefined--
0.4450000000000003,1410.332467897443,2747.8117507524457,4128.827777822694,--undefined--,--undefined--
0.4500000000000003,1604.2262739572475,2884.2351712341315,4298.938926550004,4809.053166174821,--undefined--
0.4550000000000003,1270.7344832168733,2624.9416883673225,4180.94495774526,4489.581256745461,--undefined--
0.4600000000000003,298.56655047007996,1952.1408722458953,3670.698014917535,3893.1926501591934,--undefined--
0.4650000000000003,1659.910441594929,3003.9469274684266,3768.3961697395266,4749.839358538385,--undefined--
0.4700000000000003,647.0812625440599,2185.922447574805,3137.107823647522,4106.6149010750905,4985.626619342725
0.4750000000000003,930.1024782527996,2023.7812169405775,3423.3116196585115,4382.715668527867,--undefined--
0.4800000000000003,1632.849355075495,2230.874986730425,3936.0725229417862,4894.470032219431,--undefined--
0.4850000000000003,1446.2209954748396,2128.3618055874426,3756.300364753272,4670.863735945014,--undefined--
0.4900000000000003,584.2877100044218,1489.160045485182,2712.6600821688207,3796.1691993241784,4811.39049589945
0.49500000000000033,542.237703455915,1423.360428800217,2626.000511283314,3678.665675427688,4795.573802349684
0.5000000000000003,558.6868226069771,1430.1070492135323,2664.8837542965125,3728.7078594282684,4679.02372445468
0.5050000000000003,545.8176897165329,1437.804126002624,2703.7014962603585,3815.8966499622693,4505.969530544545
0.5100000000000003,532.4337894570187,1449.2657925226426,2725.007675943673,3869.5955170423777,4354.000020997459
0.5150000000000003,544.5182785918153,1470.53143037857,2654.4287781621183,3743.9264904014435,4336.886748485517
0.5200000000000004,554.9743447043011,1469.089729026282,2624.6148775495285,3728.4732154066423,4331.881253577374
0.5250000000000004,553.0840422527997,1473.4640231785618,2616.638357302478,3753.1757269311443,4333.247253769281
0.5300000000000004,545.9627890842496,1478.4135612340804,2623.656790945814,3783.2053283357054,4338.93750568064
0.5350000000000004,541.6205686408825,1476.471450542928,2638.4745142176735,3800.178900317312,4346.223756583138
0.5400000000000004,537.8223625285018,1475.1110292251858,2647.378625629034,3830.3800427445076,4347.843013130046
0.5450000000000004,535.739642698446,1471.6947902713384,2637.6851969735576,3881.712668557366,4349.216993617416
0.5500000000000004,533.217175417733,1461.2235318036646,2630.5305925076705,3878.6320298950145,4343.296279698305
0.5550000000000004,531.1329618552596,1453.3477396019023,2632.732740458519,3852.106085801837,4339.885990566001
0.5600000000000004,529.9078949810608,1456.2329353025732,2645.2828197874596,3840.7775817709116,4347.911466353999
0.5650000000000004,525.9463280998826,1462.2306099931618,2657.5551582383923,3833.6937453357896,4361.469731661191
0.5700000000000004,522.1223490243641,1467.1039042592079,2648.096890781986,3823.215586197067,4369.047424781173
0.5750000000000004,520.6060737574729,1463.6373557368029,2633.6582383465384,3766.8253968372305,4377.988167099364
0.5800000000000004,519.1876602097905,1454.0946401641,2618.8380411682033,3669.4631553203512,4380.868832847146
0.5850000000000004,515.9132482747967,1442.9030234363963,2606.2462250777594,3561.3503610141693,4372.540496323171
0.5900000000000004,513.034394658825,1435.3066276161858,2598.963205051507,3535.8247516405345,4366.311909080547
0.5950000000000004,510.00535491012664,1432.6890297305822,2605.153840965431,3554.926445272862,4369.1582538624725
0.6000000000000004,506.8911356409145,1431.812931067391,2608.1069354461292,3572.5071840916544,4370.003138241448
0.6050000000000004,503.964460220291,1430.2229166438788,2603.416734449165,3566.2801789791624,4353.3800824436075
0.6100000000000004,501.41649329188033,1425.6936429342102,2591.836395413632,3524.289349293923,4317.897889676559
0.6150000000000004,499.00391648467655,1416.0700235430218,2584.957410654046,3453.6216680532257,4320.273174951394
0.6200000000000004,498.0384698258655,1411.7323192542488,2586.862509709098,3436.169106053343,4338.039209716771
0.6250000000000004,497.38192988172636,1407.7227138625951,2585.0328198685634,3416.5344828789407,4350.8179190118035
0.6300000000000004,497.010396942218,1403.9452095141244,2581.0287737270896,3396.4713982498874,4363.007897420082
0.6350000000000005,496.7135717347521,1401.1702622212333,2577.733014800085,3389.847025597212,4381.229778374676
0.6400000000000005,494.7401659533955,1400.413290455889,2572.9117860647316,3421.0137272465754,4403.6686254504
0.6450000000000005,493.91039536304316,1399.22057864333,2577.4901536732186,3495.878375451395,4516.05525976838
0.6500000000000005,492.54964248974755,1394.7675812725865,2570.8152683736325,3457.1606896773474,4578.142405650071
0.6550000000000005,491.75024228111306,1391.4450266086012,2562.502520705064,3395.321791487531,4599.9290628207245
0.6600000000000005,492.22848514323664,1392.2008977478288,2562.6205873768167,3403.652372846048,4625.645549628555
0.6650000000000005,491.27710435356613,1389.0577329590403,2561.160194117704,3405.250670108758,4726.572060063754
0.6700000000000005,491.18743924651903,1385.1842095701033,2572.220589964571,3488.1267138876706,4685.992971814481
0.6750000000000005,491.0200534235252,1382.3942229059573,2588.1865053540896,3574.3738837521933,4635.811784195933
0.6800000000000005,490.1093601362415,1379.874912519495,2599.186929420225,3568.8513528485473,4587.102317040923
0.6850000000000005,488.1878755121242,1376.9436759894627,2600.20131983219,3455.548937018153,4539.543269836666
0.6900000000000005,486.255674003632,1375.430764621411,2606.8029391199707,3541.0225538212503,4533.103538530865
0.6950000000000005,485.7140466519352,1386.417647918275,2626.129828403026,3747.4942271733216,4577.109502498148
0.7000000000000005,484.8623618370364,1391.1616232807512,2629.6031912278177,3789.8890069890285,4568.833317515967
0.7050000000000005,483.5041523493172,1390.7471884369515,2625.2200418710363,3756.017183086808,4516.689554918887
0.7100000000000005,482.0917562221106,1389.4394668744176,2623.200724819004,3737.880771688571,4460.026583987768
0.7150000000000005,482.62330921431675,1389.3306146430334,2614.8506198801456,3556.313080292727,4478.505099955994
0.7200000000000005,482.3221085994363,1387.8090778037938,2613.9821784345377,3566.5881179074936,4529.033364319253
0.7250000000000005,482.0341369907713,1385.0052544775283,2615.284039363784,3633.2301318215245,4546.103682692292
0.7300000000000005,482.58447268995656,1382.3770718633054,2617.8420646059144,3702.345902816008,4539.577590909868
0.7350000000000005,484.07396181008437,1380.250017630182,2618.701463834256,3777.0372356678195,4525.69481774147
0.7400000000000005,483.77872373369553,1373.2245012973465,2603.177079407836,4044.3430391898514,4486.972628939483
0.7450000000000006,483.4241892872443,1369.594267397565,2587.3164460835355,4063.8691727930427,4464.483400083925
0.7500000000000006,485.0575459316714,1377.266353323767,2608.1467415469815,3964.501884831771,4448.938187218369
0.7550000000000006,485.67609498229035,1386.1352042993506,2633.0595885864877,3837.588706409634,4438.313641242932
0.7600000000000006,483.08447284131637,1386.7182403572313,2624.737177630478,3768.390913980447,4432.028057254773
0.7650000000000006,481.80015992845284,1385.1358824383656,2575.6717247402103,3841.030523899222,4431.687553651809
0.7700000000000006,483.09675828923906,1383.7930215168765,2566.3006718620777,3891.8560977595466,4434.075767069555
0.7750000000000006,484.7379657799586,1385.9489524165356,2618.731109756921,3934.5111997377444,4436.824712954323
0.7800000000000006,486.5205252768593,1388.3197915078663,2686.410300016045,3914.1671314252408,4444.607509597375
0.7850000000000006,488.6251098440159,1387.5544940038899,2714.838230715648,3814.9827983791297,4460.372148403537
0.7900000000000006,491.4309201317245,1384.6631252125583,2666.9596218785996,3818.400292634533,4476.176375292371
0.7950000000000006,495.3961154647084,1376.534513250608,2619.998360866166,3955.278365183979,4452.4320349778745
0.8000000000000006,498.54228585132876,1372.8113503903487,2619.362707275091,3969.2679293871865,4444.785754020396
0.8050000000000006,500.4725801602045,1376.1699812298743,2631.0718034259985,3923.3428028172098,4455.200699198045
0.8100000000000006,500.88240653075786,1387.2307919340685,2623.2678036885063,3924.7170205604552,4476.135497601925
0.8150000000000006,498.3384369856541,1405.0076975362588,2632.8209367835357,4024.77499572898,4503.536466289296
0.8200000000000006,495.5542467732832,1407.9639846703885,2644.316894376135,3778.6048492988084,4547.700834085677
0.8250000000000006,496.28652931519866,1411.091431887507,2691.805665541534,3635.1765625704506,4530.103581464891
0.8300000000000006,497.0607972866493,1414.1773157933021,2744.76977250262,3596.0224818816428,4484.855587567982
0.8350000000000006,494.9347771621205,1416.2655211349906,2771.139154630683,3583.4131833991846,4451.860405065698
0.8400000000000006,494.35909134772436,1424.2909612838841,2779.1033896510626,3534.442736503584,4407.808682217096
0.8450000000000006,495.36074932523945,1433.8263614142488,2791.8515667156985,3566.3696247240314,4441.323352709365
0.8500000000000006,493.4437117163655,1432.4029097017644,2786.822487661745,3575.0449699963815,4450.719702330143
0.8550000000000006,488.4893967999107,1426.6557982306947,2856.8975589859206,3600.807799358685,4454.524087653288
0.8600000000000007,481.8859276442073,1423.7991335139307,3037.1705500141343,3700.1847536412183,4472.233840827599
0.8650000000000007,477.4549808890561,1418.737809219961,3055.6131545856847,3901.1841091581236,4439.09677358208
0.8700000000000007,475.3548100209977,1411.8868125338977,3032.9754728535913,3936.988208001713,4443.389785756488
0.8750000000000007,476.13937492542925,1422.835419711418,2964.1028680011045,3912.1254763899683,4444.616184728891
0.8800000000000007,478.6290123448146,1439.0738825726155,2906.3668186018194,3857.523772083935,4445.542502837699
0.8850000000000007,481.09863225317696,1444.7478856452858,2897.8160478261525,3796.8267915009965,4455.653759510496
0.8900000000000007,481.14968341032016,1433.7961117323157,2853.9095876878655,3769.483039875903,4481.876782696585
0.8950000000000007,480.06265312242846,1425.66910954926,2804.17334657121,3800.867853889742,4501.610338480537
0.9000000000000007,479.23647370376847,1421.8749644494908,2779.8417013217236,3839.1996193055006,4518.9524493685985
0.9050000000000007,478.2150049012751,1423.919207906647,2765.2633093481904,3859.1902433705627,4531.1425370230045
0.9100000000000007,476.8547282161945,1429.427878867466,2752.217075981803,3843.305444431683,4533.47563132419
0.9150000000000007,477.6369560155653,1421.0232099744037,2800.7178246972276,3781.3708431179857,4516.234816176202
0.9200000000000007,471.18121820820517,1419.7342940433764,2814.0281283031372,3660.7832347610492,4498.215404397018
0.9250000000000007,469.3711845348189,1417.8231373117512,2793.0523820115613,3620.8296821310396,4515.450730069504
0.9300000000000007,470.5380359021477,1415.3068137230637,2760.1277006533446,3630.3963556901726,4558.520829766706
0.9350000000000007,471.17780309697116,1414.4293107328397,2740.3109781008625,3648.2182502411274,4597.1038292981675
0.9400000000000007,470.52350530522904,1421.207424859445,2752.6720171390307,3726.0919687835444,4550.635792597509
0.9450000000000007,473.1212209447392,1416.1654154485257,2691.894003861419,3760.751479097963,4540.133052521835
0.9500000000000007,469.588057202435,1409.274028682684,2678.135103014222,3707.75324748841,4551.408987988178
0.9550000000000007,467.5678693076577,1403.3818935600857,2696.578106230386,3653.3461864453952,4558.843654511776
0.9600000000000007,471.96171131588795,1397.8205073071713,2720.818392448307,3680.2720786001537,4546.38177019259
0.9650000000000007,464.25472183735377,1382.3973946651652,2781.4416988836633,3765.2886374393806,4545.009981122762
0.9700000000000008,469.5927011409816,1395.8345773562983,2722.3672299720183,3646.3594796892075,4515.083995375647
0.9750000000000008,477.8924302624154,1403.1458785441096,2660.110893982136,3540.349790681183,4494.2699948350355
0.9800000000000008,483.4717112259089,1395.4168068362414,2607.857557829854,3497.550292958793,4490.127486339259
0.9850000000000008,484.68456872629014,1382.8247338332767,2572.023485747651,3540.282707407466,4505.2091692550375
0.9900000000000008,492.9818039644558,1434.1179863739371,2609.0481761556052,3712.9755985746315,4547.672260128144
0.9950000000000008,497.2787200931364,1454.977047414126,2635.311481657289,3722.805340817206,4555.852250946701
1.0000000000000007,499.71244201323043,1442.8922568985206,2616.2630144640807,3716.935992044921,4554.797671998669
1.0050000000000006,499.82131574588703,1421.6759607602808,2596.4301985171087,3711.4342403460496,4562.557435552427
1.0100000000000005,499.7606056912684,1414.3286830174184,2621.8369010505107,3698.23247119197,4578.847326999485
1.0150000000000003,514.2019237774842,1419.9216508380994,2689.5664523039104,3662.0276835738973,4532.912790023886
1.0200000000000002,513.3289996643874,1395.1088899205047,2685.806529242029,3710.355414412074,4521.214218138646
1.0250000000000001,506.96864089915425,1373.2546603486826,2616.8022733122352,3743.3266891986827,4536.039036188496
1.03,495.53421711256505,1350.7611356336367,2555.0994126241717,3718.015041369746,4584.334883581837
1.035,482.1846468402622,1328.103105318134,2586.0138243800843,3605.2190429156317,4643.889090041176
1.0399999999999998,487.40857722688287,1349.9970930545162,2807.960047288905,3374.16486716906,4565.743795699363
1.0449999999999997,507.35484332952603,1374.7659149650115,3009.1387885022477,3313.308318773625,4371.436006038793
1.0499999999999996,514.2369726578187,1378.5203466048538,3178.2271240148652,3304.1958463254136,4296.644114430459
1.0549999999999995,511.0760847578393,1371.1450926679827,3047.6703451709427,3351.8880986367676,4328.924547011101
1.0599999999999994,505.39576941281,1365.4613207624038,2536.996223121461,3448.35136765723,4400.203042296417
1.0649999999999993,498.94818010461285,1359.6888783973218,2459.950928744728,3455.067447695372,4413.394665929334
1.0699999999999992,509.3341242128497,1385.8078092217784,2513.7596371136124,3605.391897741101,4471.963130293141
1.074999999999999,511.0703552835315,1391.5817796555964,2531.836168028577,3733.9259849467257,4511.355628744477
1.079999999999999,509.97025398253817,1380.2663848048921,2553.7080166626884,3692.188050472801,4488.823799152514
1.0849999999999989,513.0948674147713,1366.361000988443,2614.675890877001,3451.7897078776455,4401.387254381083
1.0899999999999987,509.5355378008899,1367.6580940841077,2584.413500772195,3433.3017506873234,4381.6895356013965
1.0949999999999986,516.2455996686764,1376.302070179844,2538.6716541142914,3400.3581974802273,4355.75538130883
1.0999999999999985,512.5253845516789,1374.8402269677408,2514.1199069152603,3386.4835630463617,4345.975479932026
1.1049999999999984,500.6081864099282,1369.1821599147595,2537.7321827390047,3489.871914466695,4354.098517621982
1.1099999999999983,488.0376833639164,1369.6607089104232,2591.0556827669384,3694.750502606832,4409.064777072815
1.1149999999999982,486.31621196304167,1387.781280536165,2481.8424272425714,3485.028633190052,4677.573278879646
1.119999999999998,488.81083222534704,1381.8864938660365,2473.5752677640244,3436.953082545311,4715.730244677352
1.124999999999998,496.07363143173006,1374.6578259288715,2503.6979808664996,3449.107447053524,4744.93700965604
1.129999999999998,485.9612918836638,1351.3829118757644,2545.0184316787136,3470.871016513735,4707.260344634094
1.1349999999999978,448.29591606244503,1309.9772090276288,2570.45121804205,3479.694618556509,4555.068120888897
1.1399999999999977,434.91310622349926,1324.8140688957324,2529.035944492883,3536.7886623684017,4467.118307642163
1.1449999999999976,456.6102935482024,1377.8101231391793,2661.1534307110237,3886.1462726870077,4378.088058253326
1.1499999999999975,449.97777421553644,1366.805843139949,2734.8279334616836,3798.062838720615,4559.801063523217
1.1549999999999974,446.4167252053738,1357.2113954146055,2729.530524317915,3586.688791524162,4777.719037425405
1.1599999999999973,482.7727875695498,1413.7135938576791,2662.435920172236,3630.6020101142635,4793.822766459901
1.1649999999999971,552.7953184799434,1479.5962820389936,2535.1359430527104,3806.6675000152445,4721.755516495174
1.169999999999997,1081.2334385853271,2144.1528851251032,2945.8480610802003,3987.563909400724,--undefined--
1.174999999999997,1346.5016474458132,2394.623404655033,3161.5707503807016,3965.3373685425117,--undefined--
1.1799999999999968,1395.197615547675,2390.956817013777,3249.0035566669085,4042.287614591415,--undefined--
1.1849999999999967,1389.549476611171,2429.019036431106,3355.3294334841835,4438.958325475773,--undefined--
1.1899999999999966,1370.2918809707965,2470.9322180726194,3357.683215438081,4695.806032033158,--undefined--
1.1949999999999965,1329.7499701190168,2458.812681802651,3355.291451683538,4478.044871577658,--undefined--
1.1999999999999964,1301.6618420398233,2447.2128466650665,3307.300550137818,4277.255902834451,--undefined--
1.2049999999999963,1301.7526821060958,2439.4781294946824,3281.7951804916033,4221.6133294441815,--undefined--
1.2099999999999962,1324.7537505453984,2435.975272098702,3328.2665126403763,4333.04035589273,--undefined--
1.214999999999996,1296.860788725584,2462.979863013275,3346.676648713726,4489.482949439238,--undefined--
1.219999999999996,1328.2483627127992,2473.507832172914,3368.909621003776,4637.632370058775,--undefined--
1.2249999999999959,1324.9801522403477,2476.636868305282,3393.952618067685,5003.559099925754,--undefined--
1.2299999999999958,1317.1065811946585,2479.155426320047,3403.9795752023547,5179.716289666145,--undefined--
1.2349999999999957,1342.7070604923972,2495.123069646183,3396.395721078456,4889.510962989207,--undefined--
1.2399999999999956,1384.3119798120435,2571.9184178851124,3441.353906340262,4807.099542725094,--undefined--
1.2449999999999954,1375.060634734657,2596.9921401864376,3500.5510118089173,4807.229090722848,--undefined--
1.2499999999999953,1355.2505667406251,2490.6887115579366,3381.1832688478844,4756.747009497592,--undefined--
1.2549999999999952,1290.6295709710816,2349.976347475076,3247.7516697304677,4644.829637295168,--undefined--
1.2599999999999951,1172.5415070035574,2274.8100083860095,3245.7861713199213,4518.198877021317,--undefined--
1.264999999999995,1142.632739986813,2244.8573696584613,3183.324185789083,4564.492932045011,--undefined--
1.269999999999995,762.0131410920156,1937.9478949517834,3193.8380186276436,4587.987143259948,--undefined--
1.2749999999999948,656.1818596562753,1846.612454934587,3190.9565041385376,4467.910389734755,--undefined--
1.2799999999999947,697.1863707636077,1914.6544815265445,3083.7682067263127,4110.743154575747,--undefined--
1.2849999999999946,697.529079077129,1998.0378503654717,2819.8404326742066,3614.8854712110465,4936.62164410231
1.2899999999999945,797.9355797738574,2016.8130173476602,2481.1099200396825,3814.6974901126223,5170.074346434616
1.2949999999999944,818.5890843642355,1927.2200461556133,2981.2358104725904,4123.102081240103,--undefined--
1.2999999999999943,811.5292060043432,1886.2444725214177,3045.291222803677,4113.287251363732,4933.130840785033
1.3049999999999942,732.46241523576,1840.7666627577132,2878.70208626602,3978.5654811402082,4992.0889025611805
1.309999999999994,568.7715512392357,1753.3107124971875,2864.6791438954215,3957.5694510030767,5151.59313474445
1.314999999999994,492.00414649580443,1803.2424529031327,3017.830443363318,4007.0188581919665,5355.3882307955955
1.3199999999999938,504.0418718422847,1782.2307285849397,3095.459032581491,4080.6482236673532,--undefined--
1.3249999999999937,536.8963940676667,1743.6424124576174,3049.3278801360157,4046.820233054253,5173.918094111727
1.3299999999999936,580.9105759007188,1742.2564907428878,3002.0694661459224,4004.825483053948,5247.391329233727
1.3349999999999935,626.6880144920083,1813.735626839281,3054.640187363295,4070.7232424824297,5411.467190071452
1.3399999999999934,625.8629096469626,1924.0268607553703,3096.4065149938947,4267.681891809459,--undefined--
1.3449999999999933,745.5310878012955,2110.6930946626385,3147.7780777422854,4316.107794521306,--undefined--
1.3499999999999932,751.3785320625506,2063.3352807651963,3186.715181098191,4353.354516905126,--undefined--
1.354999999999993,701.4722457304,1927.2495737539014,3159.80959017104,4369.559473390294,--undefined--
1.359999999999993,658.2326903871142,1863.3101445153172,3046.590973967308,4337.945599160984,--undefined--
1.3649999999999929,476.56349823672645,1749.7304770560534,2969.8645304154484,4259.826258703065,5180.035604080835
1.3699999999999928,609.1164595937264,1941.9316408841187,2637.442819066468,3944.3044660254395,5078.59530227886
1.3749999999999927,767.2075460779322,1709.4875316456364,2458.7155352964573,3778.290453327269,5045.947188919738
1.3799999999999926,738.2481230502351,1414.6830571626751,2571.9796994488834,3696.253987060865,4938.03978395984
1.3849999999999925,472.03388169561384,1436.0077273004554,2923.2985354497737,3605.5377051808587,4670.359561683593
1.3899999999999924,498.04500257299384,1426.4259571435152,2918.1844250752924,3647.3414391048027,4615.455609558149
1.3949999999999922,505.7512227893748,1412.4467411269725,2866.7138386795223,3676.061780715923,4571.4868742185745
1.3999999999999921,506.96395752534306,1404.480547413518,2866.4294932036046,3715.113385621676,4524.099963832488
1.404999999999992,507.9922505633141,1405.334824157664,2903.6421907741055,3762.9907820746735,4482.850885822289
1.409999999999992,514.2063172419782,1415.7240551399184,2931.574208492347,3816.9787394532473,4458.162303512216
1.4149999999999918,531.2762420913471,1435.5648607242733,2851.7628886502043,3889.793079296544,4449.026369003581
1.4199999999999917,537.7259880610135,1432.0708927112094,2778.2612309010656,3835.5736494980342,4445.9762325811
1.4249999999999916,537.446886647308,1421.6355441559108,2723.734517989462,3775.887081107578,4438.63022958273
1.4299999999999915,534.9339535645239,1409.5234454188849,2682.43750967641,3700.6319052517324,4423.119299461021
1.4349999999999914,533.5379730053698,1399.6176846646292,2652.539627935315,3604.812868084874,4400.728774708411
1.4399999999999913,530.8613612085849,1397.8187650277416,2666.0093431661394,3596.8079633651396,4387.68606388135
1.4449999999999912,527.7068423187594,1397.0516276742242,2661.5737769252673,3591.7637494531346,4382.803088212359
1.449999999999991,525.237979557635,1396.1448605568683,2653.2857009408353,3583.3996512790654,4378.830822396268
1.454999999999991,523.0127763636337,1395.8074310527443,2647.4987673154455,3569.800817914371,4379.562543190157
1.4599999999999909,520.4658144150947,1396.2826764888237,2646.4348516077957,3549.6586872258054,4387.456637502565
1.4649999999999908,517.7161456426817,1394.6313380880385,2641.198036736553,3519.4839020128734,4392.691803227505
1.4699999999999906,515.335175262065,1393.0124624882299,2631.429044039139,3469.2276854119996,4390.786655392701
1.4749999999999905,511.7180719755297,1390.9948758889182,2617.421049330515,3432.141201227927,4380.8368294467
1.4799999999999904,508.8542052369874,1389.1496198583714,2607.498502009476,3423.6664678587217,4387.759207034531
1.4849999999999903,508.39590773519785,1388.2736920519865,2607.7794700287486,3444.565245929218,4423.194287139763
1.4899999999999902,508.24381054229013,1389.4901815029586,2610.63904135266,3454.292578439948,4428.8432364060545
1.4949999999999901,509.12703409171434,1392.8657084079323,2609.60124878942,3459.578998900325,4415.222875486085
1.49999999999999,510.7522243263209,1393.5629980057772,2616.3461366351694,3466.309604216684,4422.255585749697
1.50499999999999,510.77703195762786,1390.63174414942,2617.7816261938297,3454.997487922048,4445.373274015188
1.5099999999999898,507.86378531584995,1385.1947834051423,2603.591138079447,3414.3915084939676,4471.190422002168
1.5149999999999897,505.917288685986,1383.3957585850126,2591.2744192551477,3381.0730038034744,4485.093144215227
1.5199999999999896,505.0704223946791,1385.4492783038445,2596.2958887246814,3367.753780250738,4408.580163954058
1.5249999999999895,503.38086368573494,1387.7630672974437,2602.026658228218,3365.17060589976,4384.24746874445
1.5299999999999894,502.13422525621775,1387.3615409521383,2599.289507446067,3363.7867455184496,4396.711690801453
1.5349999999999893,502.53865451157253,1383.1418777918896,2583.9640609291005,3354.887125316197,4414.124346870108
1.5399999999999892,503.3090825270322,1380.6872499983226,2565.356751803895,3333.271358688972,4458.665568516991
1.544999999999989,504.49765235233644,1383.0041685396368,2551.414870568956,3331.497839822726,4563.2251601091275
1.549999999999989,504.5530131422009,1382.7611555336962,2550.5894206924395,3339.4125460937767,4618.286964213125
1.5549999999999888,504.47752661009343,1382.3602108515784,2557.618564858152,3349.1652598150267,4606.044173503993
1.5599999999999887,505.3494932812702,1385.0072410080102,2564.790527953655,3354.3802279374177,4547.251351144392
1.5649999999999886,506.7297014336522,1390.357690813484,2565.7629588142636,3353.4135982123394,4541.893433201113
1.5699999999999885,507.5526472636292,1388.562108944029,2565.793958972617,3342.5503102523185,4540.591467398605
1.5749999999999884,508.2794422310656,1386.5754759604715,2558.5781112680725,3325.956007409478,4543.737028143599
1.5799999999999883,510.0542314302414,1388.9154726072952,2551.639832150811,3315.63092947276,4539.441644553188
1.5849999999999882,513.4024335399134,1397.7392521179797,2552.4091491493923,3317.3502814661133,4535.715453903131
1.589999999999988,516.0442416337122,1408.2949059847458,2558.320865739111,3306.7748142836735,4632.672710937968
1.594999999999988,515.4714046469464,1410.9684952411114,2561.146784009398,3306.36655715284,4650.391486839541
1.5999999999999879,516.8616306565427,1416.5342945901343,2571.4925126105245,3331.9826836885104,4605.0776542598815
1.6049999999999878,518.0647323754757,1418.93010403337,2576.6624746093053,3351.070457891622,4569.1870498933085
1.6099999999999877,516.8936418839824,1412.6053043048291,2567.761357440715,3339.310803495413,4592.506198633619
1.6149999999999876,516.1815413598155,1405.2722986980332,2567.122161190524,3339.5540616382864,4592.792779509252
1.6199999999999875,519.8998451051814,1408.180506488637,2577.2081682057983,3393.346582537171,4555.316704752709
1.6249999999999873,521.7693350384743,1405.4455001460394,2574.7051853297085,3414.2329733582874,4554.02726514553
1.6299999999999872,521.7553639626244,1399.5388655488016,2567.4958920325143,3413.6167540141655,4579.927477503689
1.6349999999999871,521.225233043042,1395.6209702861522,2564.2964951318827,3409.0788049328166,4612.744016682248
1.639999999999987,522.4942370448869,1396.2802677435402,2553.7305944214786,3367.840658289312,4651.387800657416
1.644999999999987,519.9145218543639,1389.1979292580713,2550.144942306301,3340.002927479711,4570.310578610406
1.6499999999999868,517.8941911881869,1385.9899748953335,2558.970960898032,3352.1317646239127,4535.306100319588
1.6549999999999867,517.1540908882182,1387.553344061913,2568.0673814325555,3371.1825780098025,4529.84040822861
1.6599999999999866,517.0415836632715,1390.8004269171083,2566.0811448862705,3370.9478791382076,4513.767114896828
1.6649999999999865,514.0773567244574,1384.688153236925,2557.2675583695964,3398.3506695251403,4485.77967480633
1.6699999999999864,513.4695145098178,1387.9466147274306,2569.5868947356057,3522.7801252097847,4497.389055075294
1.6749999999999863,515.0157348433554,1394.7962777527848,2583.6815278475888,3627.822500795041,4522.320995210488
1.6799999999999862,515.7331817733776,1399.1013595063716,2590.1915325635578,3636.0385859585067,4536.835448780738
1.684999999999986,513.5787779081422,1398.1046245955474,2586.982405695588,3528.979159677882,4521.459895699499
1.689999999999986,512.1876701564745,1402.8088374955846,2593.090664603287,3482.259792402493,4468.9039036759
1.6949999999999859,512.8556264388327,1430.2961243063082,2640.715513024737,3653.3802114161595,4446.91965007998
1.6999999999999857,510.3346099520683,1444.351033980583,2666.8506745477557,3721.4864261423686,4438.085230271865
1.7049999999999856,507.9894656431331,1462.5108452529003,2690.6017451491384,3709.86957207741,4436.613583619063
1.7099999999999855,507.7271373029288,1494.2091334899274,2717.687177653547,3701.3064643515836,4438.331994658978
1.7149999999999854,499.10738011051734,1476.7654537252824,2636.3848326388656,3762.400951007484,4439.2715823122135
1.7199999999999853,493.23350219045346,1443.6738076013328,2564.2989331500426,3928.3206723545604,4429.193554374002
1.7249999999999852,488.29068726839137,1425.7933391396964,2539.8032905477035,3721.6999179013237,4457.456682837753
1.729999999999985,485.2436111326243,1419.5443544807877,2541.022318872719,3438.757582959491,4509.554037541488
1.734999999999985,484.59316710290204,1421.8770062134502,2543.481426904639,3384.700978704145,4545.6028943058045
1.739999999999985,483.4004276325025,1460.3255206837307,2561.565089598339,3333.620676080517,4468.751610839892
1.7449999999999848,481.47964128037313,1474.03266304495,2742.355071967639,3320.139933593356,4441.009671112896
1.7499999999999847,483.5210089542346,1472.9030208288207,2804.922260986292,3817.875419992746,4427.061172138347
1.7549999999999846,483.31895801696794,1461.1677874496559,2810.7781233968967,4317.6472128839,4431.778052054743
1.7599999999999845,477.34913819171334,1442.919232190986,2834.791096735073,4328.524030091911,4458.698944383829
1.7649999999999844,480.62947300398326,1423.0397817948633,2746.5050394745886,4127.454046294194,4481.79754814329
1.7699999999999843,479.62087033916583,1411.0166578548376,2667.28288868622,4094.996649926373,4486.563333741891
1.7749999999999841,481.8605626391929,1407.626735388336,2671.3810638868304,4013.930216313134,4533.486549274158
1.779999999999984,485.56567590960873,1408.0488070651156,2703.636080002017,3933.769299479325,4580.859265151663
1.784999999999984,487.0656991918063,1403.7898710411976,2700.0370890059226,3934.2145550942364,4590.784082319105
1.7899999999999838,481.66623447718143,1375.3866596680587,2657.7469352392905,4033.4030564799764,4614.222275581195
1.7949999999999837,487.1894108231321,1365.8805079232545,2669.9365930635004,3906.865611454168,4625.517565688148
1.7999999999999836,491.00654211026364,1355.4900239317926,2657.3131203101434,3875.410446642861,4587.642335845595
1.8049999999999835,490.05087127461326,1348.5633608652256,2618.777079078823,3963.2792948066403,4550.020886416961
1.8099999999999834,484.432280277183,1352.3207282559508,2579.5261902499756,4085.5275656217987,4555.961558528765
1.8149999999999833,479.4417238697155,1369.9779092663389,2613.6881946017393,3938.0187674775793,4562.1449285463505
1.8199999999999832,483.2273644176521,1372.5317984970993,2631.166051027445,3788.34238612021,4572.359450101189
1.824999999999983,486.077180790713,1385.5576339980705,2620.098009448058,3826.7791625930486,4580.737691577489
1.829999999999983,485.09993260297676,1392.2795429011915,2590.53884636886,3949.3955013131604,4575.65021625275
1.8349999999999829,481.81641941735126,1379.3991931847447,2559.928632890478,4016.461473551609,4552.643250898482
1.8399999999999828,490.5504651646997,1376.826152392326,2556.9162964364987,3966.6052549556416,4537.94211723223
1.8449999999999827,492.03817665794554,1371.5390944982792,2585.750905891939,3920.2757710174496,4542.804695960465
1.8499999999999825,498.36228659097526,1514.8283095623372,2604.072213467878,3868.9407332168876,4575.009036653462
1.8549999999999824,503.35944161964983,1650.987757240231,2591.087634125555,3793.451144142719,4626.512696887755
1.8599999999999823,500.5938586397164,1640.412736677638,2555.211703083213,3704.3999147713116,4681.822540637161
1.8649999999999822,495.056004639496,1626.2811959724688,2605.074488157317,3740.5919362628333,4709.84437325464
1.8699999999999821,494.12306090404593,1592.983901063639,2598.899162693809,3845.781123980977,4688.565782089152
1.874999999999982,491.41219208136664,1562.2515501015835,2606.861938599944,3935.941987569477,4688.498358893272
1.879999999999982,488.3986402709233,1507.8964225694003,2598.097273312489,3881.0103143936344,4691.4886758985185
1.8849999999999818,486.5664219684084,1417.232093760809,2546.7552985602915,3636.002023458362,4676.698764112754
1.8899999999999817,481.68981501713574,1362.6567482036469,2515.9723269387014,3507.9994987059727,4676.354349032913
1.8949999999999816,483.33830020501347,1363.2219971758827,2603.0064739343898,3878.5854146758747,4697.601914404471
1.8999999999999815,485.3747033854256,1366.5987136314404,2626.8466153867475,4000.8329812835987,4735.009419598117
1.9049999999999814,483.90591017606783,1356.5060601078392,2586.2238998155512,4043.2449321638023,4804.421434790933
1.9099999999999813,479.23880026691376,1334.9544213937256,2529.3199881430705,4203.041947505949,4881.379125066114
1.9149999999999812,486.9477002270926,1351.767956789414,2567.9663213965214,4119.035476879223,4761.823897571185
1.919999999999981,485.9096415409631,1350.546065553454,2831.4800664948407,4307.942091190428,4586.693391302057
1.924999999999981,488.59796366499876,1348.3956339069862,2901.620653669818,4045.7783029403417,4591.526420372652
1.9299999999999808,492.59555650987977,1343.4261953665987,2859.4754922277034,3694.5586778712996,4672.153871873093
1.9349999999999807,494.11640350325433,1332.7810969022203,2820.205691657917,3688.3978525584685,4696.4151787518695
1.9399999999999806,494.58496550497006,1322.4165673230182,2653.69445940345,3974.627935465386,4675.114034841515
1.9449999999999805,497.66827198521213,1322.9727405029957,2578.2904790273333,3940.6798549710343,4708.000967201147
1.9499999999999804,502.26252766754476,1358.1450305981625,2556.3046319599694,3896.8767302048636,4741.91950731039
1.9549999999999803,504.34046391802787,1391.8166192759777,2544.4658548809066,3915.340867995921,4737.730147961277
1.9599999999999802,502.86522304657933,1394.2845260243134,2517.411989856991,4016.5951631620387,4681.900938929206
1.96499999999998,510.89745523624975,1404.7138442637445,2531.497337283702,4194.66440955643,4648.05001901344
1.96999999999998,509.0135981931941,1370.3364726402733,2478.305349709361,4204.614405174376,4653.310767747649
1.9749999999999799,511.6661842956223,1378.8545812868167,2495.4443120618903,4162.020310967205,4676.131689856039
1.9799999999999798,510.30149336089903,1412.3975433755732,2548.4276964498877,4173.366680485365,4662.308606340792
1.9849999999999797,494.53767075450855,1431.988041642311,2581.078549527494,4281.547236493214,4582.667239064013
1.9899999999999796,461.27310437251356,1390.7774500409485,2577.5832198410385,4283.201855062092,4526.34830709826
1.9949999999999795,490.29976852019047,1474.738593795083,2546.974518209509,3789.293320555543,4497.705288131456
1.9999999999999793,508.20668705748375,1496.6891516872493,2527.5434944884373,3612.843524634877,4498.477118621741
2.0049999999999795,510.4464141576673,1465.2868944345162,2512.0821460654315,3659.182135862356,4523.997565528146
2.0099999999999794,507.7634481538224,1448.6863175354365,2503.2339122535936,3707.072388083128,4578.177912024707
2.0149999999999793,521.8294211415885,1614.065743388322,2580.186217365559,3710.492733375751,4713.426118954511
2.019999999999979,507.7589520782997,1399.5512187613613,2552.3932743547475,3687.0977557566816,4734.137110937273
2.024999999999979,500.2794911298155,1367.4465100395673,2532.556071717503,3729.981415584545,4766.086082216376
2.029999999999979,503.2266733321085,1416.928911663805,2521.947278043187,3694.695179760722,4697.134846169794
2.034999999999979,512.5378189436115,1388.75600219095,2504.667947153583,3494.3502705454835,4478.273157361204
2.0399999999999787,515.8380955030912,1373.744971169451,2474.8925952898285,3433.5636681155174,4471.804286458469
2.0449999999999786,508.67606075106244,1357.437108887535,2460.6240424265166,3539.2225318345772,4503.36957077292
2.0499999999999785,503.6710181503238,1335.0473263881997,2450.9021975309706,3731.2011134857507,4580.4237917235205
2.0549999999999784,502.27825274799187,1411.747797310177,2486.6868906580926,3894.6134624638858,4625.024370106971
2.0599999999999783,501.4789480451977,1624.684989330946,2582.499500655787,3960.5120657443754,4573.125133210546
2.064999999999978,488.21380170698177,1671.2397939261414,2616.083783079841,4068.755263889675,4469.261524167037
2.069999999999978,495.42814669619196,1669.7418049530384,2474.410962232752,3843.032647267022,4431.58596189324
2.074999999999978,500.60319022042637,1627.9801197203608,2417.6319967417357,3647.805042714986,4455.595659209784
2.079999999999978,501.3526398371894,1576.6996845298438,2424.376036148055,3615.5932555272516,4494.512013080593
2.0849999999999778,499.9860462870348,1535.5255047387727,2437.231096797997,3788.9456117041996,4513.040540495797
2.0899999999999777,502.9604667623157,1458.3991449618673,2465.906037747699,4045.8857114080574,4557.846441589014
2.0949999999999775,504.76451618213764,1436.9603797063494,2643.1759615103465,3845.815855547631,4485.061545226686
2.0999999999999774,847.1778187507866,1927.5450502594003,2930.479859024051,4124.983680224196,--undefined--
2.1049999999999773,1193.3417985374726,2424.0036659096313,3150.914684912488,4465.118040266293,--undefined--
2.1099999999999772,1228.1859657987852,2481.71875535163,3188.372630857856,4428.667795988728,--undefined--
2.114999999999977,1208.1145181920676,2597.3257048824485,3260.8869054034376,4478.13893422328,--undefined--
2.119999999999977,1174.1106372239524,2560.613661870602,3470.1341752272733,4457.63568062584,--undefined--
2.124999999999977,1184.0097387161163,2535.690509866519,3633.2043339425686,4433.6328585410865,--undefined--
2.129999999999977,1197.1748824777694,2272.1026040554057,3392.009443144489,4376.755183960697,--undefined--
2.1349999999999767,1100.3295609469858,1720.646647566287,2684.2266188813082,4272.06099822718,--undefined--
2.1399999999999766,536.9689088483522,1921.7830521342532,2716.661607010956,4225.972772095765,--undefined--
2.1449999999999765,475.1347443789903,1940.057675628239,2754.3055796482895,4226.883526852338,--undefined--
2.1499999999999764,425.72377491288495,1725.6082262485834,2709.41047197225,3825.4527625417795,4556.567380235685
2.1549999999999763,676.3473389653416,1902.1180377830958,2865.6785499254065,3804.175573456554,4556.567380235685
2.159999999999976,1326.7492536834905,2722.451099613768,3339.4663891249807,4641.650826746907,--undefined--
2.164999999999976,1199.4921052705072,2493.686981287938,3326.8063112206964,4757.72114861429,--undefined--
2.169999999999976,1225.171277171901,2500.0042835988816,3414.4173424020564,4979.826288044978,--undefined--
2.174999999999976,1201.4784086463158,2527.490615837116,3411.432817448475,4549.387323691951,--undefined--
2.1799999999999757,1222.8675491516565,2273.1458627292363,3116.0945411789157,4095.891213683594,--undefined--
2.1849999999999756,1338.7807794342764,1714.1317011164745,2560.9883748709003,4197.996326533651,--undefined--
2.1899999999999755,1205.5855955694765,2004.494678968698,2703.569977451704,4230.456986826283,--undefined--
2.1949999999999754,1207.9485919746012,2420.4771511208846,2755.303055680964,4125.018986988061,--undefined--
2.1999999999999753,1221.5757933667692,2570.5076984471893,2666.049707871672,4073.0386812282486,--undefined--
2.204999999999975,1207.6444179271748,2511.1969568476356,2593.0122992594993,4120.114638979786,--undefined--
2.209999999999975,1174.1330641584295,2340.8724553066163,2668.9268745014997,4252.350234081293,--undefined--
2.214999999999975,1258.4465755657352,1953.9394790516112,2783.218570982358,4336.458560074076,--undefined--
2.219999999999975,1262.4438916496117,1636.7488555449277,2831.1933382289358,4364.267675332052,--undefined--
2.2249999999999748,1256.3701323577282,2076.4292036593347,3418.6901954866935,4555.817774592309,--undefined--
2.2299999999999747,1246.399519322604,2582.25896787689,3862.3480546555825,4736.026053678566,--undefined--
2.2349999999999746,1234.7020923382884,2525.5961633449483,3616.065961346654,4754.076170181472,--undefined--
2.2399999999999745,1252.303644097486,2531.387149688755,3587.906168386486,4839.3273326477365,--undefined--
2.2449999999999743,1267.1576418214622,2515.307698445951,3552.922962593795,4918.054792527322,--undefined--
2.2499999999999742,931.7058576775466,2127.0894543063823,3205.472058209318,4297.908095260884,4977.809476623272
2.254999999999974,600.7455422429847,1788.853641157947,3077.767228520574,3696.2887131507173,5006.676376136164
2.259999999999974,592.1984098796088,1859.5618844020441,3529.7908577578714,3740.9574478658833,5057.3723323816575
2.264999999999974,573.41254344388,1899.8227265210903,3659.0674619298793,3689.390210312987,4956.598825177818
2.269999999999974,593.776156631695,2021.96106597726,3384.773926168325,3882.9661609630784,--undefined--
2.2749999999999737,587.3649637097562,2028.5578459399972,3323.6319301545923,3986.9424034147983,--undefined--
2.2799999999999736,584.8516951046556,1988.8377653318278,3446.4446758241834,4030.999509084143,--undefined--
2.2849999999999735,671.847677532589,2013.3301354555947,3613.33150481047,4112.511792997965,--undefined--
2.2899999999999734,1103.5419785543893,2186.851041483028,3729.569441464247,4339.315083356767,--undefined--
2.2949999999999733,823.4976514557654,2098.7537081205314,3557.3931393510384,4468.842108052051,--undefined--
2.299999999999973,607.214020375553,1956.1050513958633,3247.650313926137,4308.660254260832,4994.311892296942
2.304999999999973,532.9160664860498,1844.579376381703,2957.324152088117,4115.383996657658,4974.082360188595
2.309999999999973,541.5930547085728,1805.6352794407876,2807.095804481195,4102.535789075211,4932.96605349297
2.314999999999973,536.8304139265762,1792.6043316598953,2771.3517391618493,3974.9649799328417,4962.6761081230115
2.3199999999999728,560.7927233958193,1774.3864914264313,2750.454654774218,3867.0319652876456,4966.141005940161
2.3249999999999726,602.9691761198878,1643.9596540643045,2691.7193092054667,3782.2417258566907,4855.02021183978
2.3299999999999725,620.6390704162527,1517.8350359684653,2639.0046497907406,3749.153067899205,4760.575153451796
2.3349999999999724,586.8169199768081,1499.1391676517121,2627.9539361847,3784.863242004274,4794.119012921595
2.3399999999999723,556.5059891084728,1477.8585368572885,2592.4318111126076,3855.059041771784,4832.761220731025
2.344999999999972,531.4210392468559,1433.764970444907,2537.498667786184,3901.3865596781925,4863.866931470513
2.349999999999972,519.8633303867351,1507.7794515944558,2553.3921024125902,3822.1472860974923,4849.420396015838
2.354999999999972,520.6746964479662,1585.0467119891396,2639.8399749189416,3723.0385147780667,4755.6579775580785
2.359999999999972,528.9201709038048,1550.4162817789681,2744.58971433498,3714.4228604640907,4600.360855850264
2.364999999999972,533.7221897544572,1468.632294683708,2677.149764710552,3775.7702307372947,4596.244121418222
2.3699999999999717,530.5874460570254,1423.914220397311,2565.6147586983298,3804.2682351113776,4589.144392272673
2.3749999999999716,541.5282787426263,1521.1884229693921,2695.8431798082665,4119.828421687463,4553.717561679005
2.3799999999999715,549.7153530502704,1608.5049700029551,2840.3846857427343,4270.818485281194,4534.83622469211
2.3849999999999714,539.162884349487,1558.0993857881638,2771.2235889913118,3946.4904361853905,4565.421761852034
2.3899999999999713,524.1539448175288,1522.6532659754957,2623.884482586429,3935.1829060894765,4582.803281594703
2.394999999999971,519.5484626696219,1530.4191260101418,2549.697212215939,4013.0735625487023,4547.598370938935
2.399999999999971,521.1183462292033,1487.3580721562198,2557.052821556658,4002.563972916136,4538.492754647143
2.404999999999971,523.9024777793695,1417.4230943891805,2612.094448252956,3933.1298963563904,4536.485405426527
2.409999999999971,524.8976723016264,1364.4874632203207,2662.4990500511585,3883.075938347813,4522.005740197836
2.4149999999999707,530.1403573789235,1365.9238900043224,2618.617695691175,3975.1013346144214,4545.383000660379
2.4199999999999706,536.6720201797943,1419.072326511558,2568.0899814596432,4008.4754305890583,4474.540778654709
2.4249999999999705,542.5076380510418,1454.2702781805256,2536.4091950401707,4014.7562661378633,4446.612475689406
2.4299999999999704,547.1754811407354,1480.927608211072,2527.94605729828,4020.3626559666777,4447.073171937527
2.4349999999999703,550.035028728542,1515.359830593832,2535.8637343020105,4045.4070273327025,4443.0578084974495
2.43999999999997,548.248537774284,1543.9841575718967,2527.240834956254,4087.925540831438,4440.664943722482
2.44499999999997,548.9712512020426,1560.009711973795,2521.4569990776063,4073.7044447446706,4421.373150171239
2.44999999999997,550.9305339432262,1567.877272393399,2519.9065769309923,4057.514659544951,4409.863344422837
2.45499999999997,552.1418175304618,1576.6255426473158,2521.655412295772,4040.7794061018058,4403.504460387758
2.4599999999999698,551.5574852192196,1592.789085784673,2524.690036297151,4009.9307834461883,4396.736741500822
2.4649999999999697,552.3654687290334,1609.517310178391,2524.9210737022936,3925.617749855892,4392.6435490212325
2.4699999999999696,555.5917138341593,1623.9905453238878,2536.230001662013,3929.035983341161,4390.212957792234
2.4749999999999694,557.4532937409838,1627.709928874989,2538.194018497099,3933.5283916305375,4386.873687951683
2.4799999999999693,558.1561515769108,1621.7935113788124,2531.2889271047466,3907.549375906994,4381.491081506606
2.4849999999999692,558.7253528746863,1614.2563226811017,2522.241234473749,3845.0091442122803,4374.8239164381785
2.489999999999969,560.4878787779654,1633.193496008056,2526.989259633094,3798.870118564661,4374.108544423128
2.494999999999969,558.243763656802,1634.2053706726442,2535.0136230790217,3743.431671547575,4377.201043441911
2.499999999999969,558.4049163259261,1654.7871098803375,2567.9124558365233,3739.0045026221183,4382.446762612501
2.504999999999969,559.0233657010621,1680.0559601388122,2593.1241008638835,3768.6064901793948,4387.170480610164
2.5099999999999687,556.7265690878751,1678.1630447367381,2575.1609269041173,3757.3160159759077,4388.169621794066
2.5149999999999686,548.1188483298084,1582.739659179862,2501.3782632530547,3445.1604341755774,4380.400540310118
2.5199999999999685,546.9813558805123,1592.4921397051005,2498.4430163464403,3581.1440815384954,4424.230882972339
2.5249999999999684,547.5635510020418,1624.6634183384358,2520.3013147348474,3807.535472484545,4452.569587178094
2.5299999999999683,547.9222025404628,1651.9296120987524,2546.5552067601047,3974.0077990971636,4460.807961936609
2.534999999999968,546.9867989702692,1660.558889089275,2561.3476074773785,3987.5391205017618,4457.096025661851
2.539999999999968,544.489400025197,1651.9186853256112,2549.6793615482907,3824.733336256268,4452.9735692193435
2.544999999999968,545.7547500923497,1634.3823835161288,2539.192392049213,3639.855125662468,4463.046652420255
2.549999999999968,545.8058829757568,1612.3685843441942,2525.963815048404,3580.5498616055334,4464.304153275422
2.5549999999999677,544.590100323067,1589.3515557040034,2511.0419823398142,3569.26110488144,4455.965459344582
2.5599999999999676,542.9531352567675,1570.14018178862,2495.386483016353,3516.7234125169243,4445.6628476808155
2.5649999999999675,541.6542852066692,1565.923668091742,2475.5171065015825,3456.875763374891,4458.322571507065
2.5699999999999674,539.4651344969119,1560.646893791485,2467.2483462479063,3449.3507876466538,4460.777575879128
2.5749999999999673,539.6641110057955,1569.835284138594,2480.480171742813,3534.4069827244457,4467.130274805439
2.579999999999967,540.9266280349922,1592.993399674059,2514.2989515616005,3697.5702706075895,4466.7548083350885
2.584999999999967,541.3764324911814,1618.9116809376426,2555.1827291618833,3870.352473900068,4452.397560960291
2.589999999999967,540.3454494934666,1605.769285159217,2548.8627367070876,3812.3510573240806,4446.912093101302
2.594999999999967,541.8170417332656,1596.8180093367373,2547.4698661906923,3760.866338312141,4445.34815382714
2.599999999999967,543.1897048501775,1612.474917411097,2557.4580767594744,3749.9658730113083,4446.783887818284
2.6049999999999667,542.8062108374359,1620.2569667287044,2561.8376302325437,3781.180933848421,4448.894701765222
2.6099999999999666,540.0079415657791,1594.1020199409763,2551.4845011610555,3843.0618907151743,4449.389876472274
2.6149999999999665,537.1590965062478,1570.1942786504512,2565.7855578221393,3903.971837410888,4447.203238091138
2.6199999999999664,532.359253878352,1561.8102187773595,2594.094661943225,3854.068564466117,4443.997729345722
2.6249999999999662,530.9348465452985,1576.2230125137396,2629.869830503692,3841.872764693947,4441.397103806732
2.629999999999966,532.9260518848371,1601.4159013262706,2662.9168044744706,3832.618306845031,4451.828816683361
2.634999999999966,536.3950792713327,1621.0843440648368,2679.4681453952917,3800.6499740543677,4476.738139003664
2.639999999999966,535.7029223282777,1616.8604015624485,2651.6031971669677,3892.5355894668137,4466.684314020439
2.644999999999966,537.5926365002937,1655.8457699142614,2646.0368026941906,3969.2132707112764,4453.989373693673
2.6499999999999657,544.9472948486939,1646.9948042019837,2655.1916973993766,3888.9096458527215,4453.985858521187
2.6549999999999656,552.247218220663,1615.9454977680016,2649.340866305747,3749.958978388791,4460.709052786116
2.6599999999999655,553.6766872745613,1580.672616842595,2599.629243190915,3629.582990502456,4475.805928810479
2.6649999999999654,547.9415990533112,1435.8925779450758,2491.1138311480977,3327.3484139586294,4550.941135684268
2.6699999999999653,545.7527669033796,1539.9360949764307,2469.138592760821,3541.363208027722,4604.257101056847
2.674999999999965,541.5869511231507,1574.1740520512938,2461.453073013493,3865.725836157979,4601.5001150230855
2.679999999999965,536.6124154450486,1601.8927586748032,2460.725354285639,4090.9179704973335,4575.425746351183
2.684999999999965,532.7818244370258,1701.5859137616947,2469.999728167797,4118.969099396266,4563.811113522429
2.689999999999965,530.3796406945272,1739.913264730658,2491.1692851133275,4149.1625863552545,4572.430412236968
2.6949999999999648,533.9580581660504,1850.4362059300342,2563.878827851794,4159.40567325273,4564.89161379331
2.6999999999999647,534.9917685397555,1854.184697355408,2572.3102071270746,4182.07700409172,4549.856003190581
2.7049999999999645,534.5443345157519,1784.2756571744117,2539.266272484877,4024.544331831108,4526.489806787631
2.7099999999999644,534.4616464449196,1695.592842729716,2507.9400793577934,3643.1770549037255,4505.836400800922
2.7149999999999643,532.5945078903688,1562.8804670018665,2497.734179024921,3739.727213917448,4554.770877612621
2.7199999999999642,529.358001783804,1455.2687284037056,2676.706198234558,4006.760450995539,4554.696209952451
2.724999999999964,532.6689063839481,1417.265603487546,2695.7663631897562,4162.760973526582,4553.041426760803
2.729999999999964,542.9637992606595,1422.768968792914,2596.761227110991,4208.206277939847,4568.127876215641
2.734999999999964,553.6986419015092,1432.4686860026234,2494.3920734327144,4198.693064499668,4603.878448998634
2.739999999999964,535.6638404450399,1412.4762993176876,2500.905460782455,4190.118737384202,4629.19185143943
2.7449999999999637,521.2749090346881,1460.4480270856968,2567.814610900427,4122.136039269519,4672.627256843276
2.7499999999999636,519.1587656024057,1559.959659594497,2593.9506101097436,4045.707899029874,4607.515598340857
2.7549999999999635,521.8761345994235,1633.391763871453,2589.5991838190253,3940.0307510825173,4531.499438598599
2.7599999999999634,521.4197569502492,1628.7128098390172,2579.3161893032106,3827.96744354433,4556.845582841862
2.7649999999999633,520.0122010529808,1637.0958168506334,2559.6819319899014,3963.9404821080543,4697.630593213571
2.769999999999963,521.0616716326939,1598.1913717405253,2547.996117900594,4222.018904886851,4700.716444912324
2.774999999999963,526.5450873908974,1556.3349766417548,2548.878249064272,4242.8409282762705,4759.413995722488
2.779999999999963,528.9661294942945,1503.5776725322276,2556.4339288324013,4165.90036746492,4833.483078373606
2.784999999999963,524.8537539172264,1464.4571982576106,2561.533517427989,4102.400725618773,4857.922867789639
2.7899999999999627,533.7328955370645,1638.51882299138,2550.309483376015,3656.8898363637195,4833.636621664431
2.7949999999999626,557.362249902245,2188.719064701619,2966.4577092597633,4137.803408678508,--undefined--
2.7999999999999625,553.0854080596434,1820.73322583886,2833.5812186570097,3886.9701894087293,4401.19108744512
2.8049999999999624,533.6206686018229,1249.1644128408554,2551.059774069779,3717.8692423359726,4387.947707986874
2.8099999999999623,519.5550330871997,1239.438150775401,2570.7334656302196,4312.556182119149,4398.4470326064375
2.814999999999962,521.3879890732472,1291.589180202558,2545.7832440021707,4048.9964889251933,4691.765950157108
2.819999999999962,513.8905720988155,1484.657560427483,2699.6307387841975,4266.356667183026,4776.316585194598
2.824999999999962,489.12017665751483,1476.8447465889897,2670.3040139927907,3981.2460830344257,4853.635929641984
2.829999999999962,476.99618074857904,1392.7873366896222,2548.5171370481858,3598.2129893775086,4913.270958758708
2.8349999999999618,499.46180994535376,1366.4803354730514,2471.7161334906423,3620.332675952249,4896.233668153294
2.8399999999999617,521.703692782491,1216.8367139929358,2427.100686999305,3957.132196314245,4683.36318512405
2.8449999999999616,525.6311628466406,1199.0699083116074,2427.401682514502,4016.1817521362036,4630.521066543994
2.8499999999999615,527.2915243429569,1211.9997186654052,2437.2069210133495,4056.790091233543,4638.028506924114
2.8549999999999613,528.2487156956909,1306.2959660493577,2517.8452899050876,4132.097624909215,4724.195397442207
2.8599999999999612,528.5233754119746,1510.9286360086585,2711.520292915133,4243.465880142645,4875.150088236662
2.864999999999961,531.9632914613304,1676.2165491747965,2930.8808605476183,4332.552789740803,--undefined--
2.869999999999961,521.5669305788728,1839.3644717983339,2941.3601971599796,3642.395983782554,5273.580119356911
2.874999999999961,501.99017081924757,1685.217464295781,2684.8340267625686,3667.198037499434,5052.6689822186
2.879999999999961,493.1096043345836,1462.7260049810934,2441.966689042669,3935.2369542628303,4808.475189594637
2.8849999999999607,508.64810328014164,1436.9889616307828,2458.594389963666,3855.090402412442,4760.041498146929
2.8899999999999606,528.851849784871,1525.6299032657982,2603.0165688125817,3797.6838861469428,4917.928010664547
2.8949999999999605,545.4527186561451,1794.4000992195997,2660.127073147941,3811.140567032308,4919.901761255337
2.8999999999999604,561.7442040846302,1815.5736108250603,2757.9632420323187,3975.1550141725315,4926.331406133292
2.9049999999999603,622.9131527043068,1704.372485993186,2843.124980199751,4103.333361138053,4975.366707156233
2.90999999999996,747.2309700177464,1652.9210266027305,2850.4892561962256,4023.3582538596343,5047.240265373398
2.91499999999996,821.5448662032749,1757.4883076105216,2790.24337035835,3796.992777905349,4975.876011388413
2.91999999999996,777.0231700635404,1796.7619916143306,2753.3181540752817,3834.0621641606836,4996.929151735084
2.92499999999996,744.9829164803832,1771.4346681043453,2677.067309348915,3850.0717414447286,4951.729154224829
2.9299999999999597,725.3562234223111,1745.0890307696632,2603.9187442871807,3805.8589309535473,4876.174274754872
2.9349999999999596,683.1253328652876,1763.6359842135234,2586.96439793868,3736.618556335971,4826.232853247471
2.9399999999999595,531.9822827199113,1754.1789419126485,2651.9096107669366,3799.699779420343,4795.711117312795
2.9449999999999594,462.2679462597486,1683.696652916823,2609.1045150752316,3837.792104250548,4767.617830684255
2.9499999999999593,465.4869230177837,1599.4282060716064,2558.182059049734,3834.180062970081,4736.203415723727
2.954999999999959,503.2414791899642,1549.7553218929795,2542.230857842781,3863.6322136305316,4722.366915457228
2.959999999999959,552.5073390387458,1547.6076115001883,2590.327512384496,3967.058148774587,4727.290794428515
2.964999999999959,686.0549384560353,1464.7059618493256,2724.9535157641544,3986.0853046643933,4653.752435599784
2.969999999999959,769.2380717264375,1426.4475991496718,2705.571989021652,3884.3178963813566,4748.337642192779
2.974999999999959,792.8853448800944,1531.01071351583,2691.9646030243016,3867.7049827619467,4816.468036086564
2.9799999999999587,810.1912547094755,1670.2338353278012,2758.8384254689654,3894.390266663004,4849.739072731896
2.9849999999999586,861.5134497924032,1735.8931411663334,2906.0706274683475,3892.738291199469,4871.748918833724
2.9899999999999585,887.5287297178522,1773.8259536463806,2899.9746881134292,3853.618660695621,4897.663772587776
2.9949999999999584,841.6003965494418,1797.5421393076845,2908.5317379649196,3822.0412697407664,4822.635147973375
2.9999999999999583,786.4410059726597,1757.5868108299703,2777.903136515505,3888.4932437422926,4811.24359142068
3.004999999999958,761.217334810112,1700.8518761597754,2658.676996385556,3991.1062828690124,4856.232705978848
3.009999999999958,779.4732419265066,1678.8287814805144,2690.0217608372564,4044.1682877058115,4918.7976960902415
3.014999999999958,772.1862446804643,1690.427125595782,2751.3326253213477,3977.02032207605,4965.213065713652
3.019999999999958,815.4480427651671,1706.998095523851,2768.815025429759,3947.3226249255144,4978.912432396731
3.0249999999999577,761.3815996826098,1696.3645453165113,2842.076757743231,4237.812265294429,4802.698248944875
3.0299999999999576,801.7603295974086,1759.26710755727,3105.0614706371766,4605.281669331109,4629.585958239955
3.0349999999999575,1067.8325379885998,1962.6788306931533,3538.345067379544,4778.814752460543,--undefined--
3.0399999999999574,1219.2958585620638,2157.445334674889,3496.963414755509,4759.913705911769,--undefined--
3.0449999999999573,1169.6433053715361,1699.4823830369037,3133.5967283278087,4486.486725536117,--undefined--
3.049999999999957,1057.3255717837676,1599.0218679982868,2968.4399111654657,4279.032444065872,--undefined--
3.054999999999957,1052.8547053543753,1645.5672804165179,2989.00311663932,4200.603393828613,--undefined--
3.059999999999957,1231.3619721850055,1616.9195282202968,3068.5897621603167,4230.378501624293,--undefined--
3.064999999999957,1273.493810499853,2162.7798977198545,3029.089433626126,4214.157631585352,--undefined--
3.0699999999999568,1224.3161244474338,2205.070693636236,3148.439617291827,4262.140908496832,--undefined--
3.0749999999999567,1166.6940068613749,2145.5611414616833,3239.2010043065084,4354.406098161228,--undefined--
3.0799999999999566,1096.9763247203448,2095.3329040782673,3253.8981162350087,4499.863369150415,--undefined--
3.0849999999999564,1001.7214986353489,2047.9605656602432,3187.7902936062505,4637.146548997995,--undefined--
3.0899999999999563,884.8499945160352,1711.521451864451,3093.798153003651,4395.900889808508,--undefined--
3.0949999999999562,850.0254601156339,1833.4636663375948,3434.3784046342034,4146.305066722657,4758.98479151016
3.099999999999956,721.7288948482019,1751.3856840524572,3164.476068667664,3958.3791536519575,4844.536843407168
3.104999999999956,515.2183386403742,1550.0810706160867,2742.537262496471,3954.749564115451,4945.698358537643
3.109999999999956,362.4611573759426,1440.1330164562187,2691.8079684809604,4150.080867971971,4981.048266897585
3.114999999999956,738.6097059950101,1599.8719899055568,2699.591950209662,4114.030904783064,4933.593970386443
3.1199999999999557,655.9873127636671,1710.797365059786,2810.30724019151,4080.655675790197,4914.603777572573
3.1249999999999556,596.6632664117302,1859.382060315659,2838.404288822096,4054.6775338292546,4972.822496088881
3.1299999999999555,595.1663430831632,1955.4599955789863,2970.8171446860156,4088.689694258846,5040.062950326584
3.1349999999999554,606.5077994959978,1932.602201227766,3286.4985906190473,4139.253277115074,5035.4450644393355
3.1399999999999553,588.2720125720525,1935.7969158594767,3166.3519978762915,3733.3277557408665,4907.282999579712
3.144999999999955,546.2818198592162,1926.5280332636373,2925.372652720035,3880.2724844337354,4911.053720652113
3.149999999999955,552.3416279290471,1880.3911447673315,2841.4936150544945,3947.15230668029,4873.452361688829
3.154999999999955,623.7933493714675,1833.0954953758865,2902.325624706942,3955.813211708258,4842.504538874888
3.159999999999955,737.630050293275,1808.4750004336083,3017.526105892796,3992.1634669276127,4879.115753961534
3.1649999999999547,756.0636757743926,1736.9028235907479,3012.9124433169754,3924.411240274535,4942.6472421728495
3.1699999999999546,752.4398186394144,1808.2401791517086,2828.656900630267,3786.131221154088,4965.283631837294
3.1749999999999545,668.7473494346185,1766.2012917488698,2623.5586500335767,3671.89283705801,4996.640899017203
3.1799999999999544,593.959623233555,1674.4292911600166,2675.9374126663383,3599.323580920134,5036.469315061269
3.1849999999999543,613.0977017750118,1643.37476763801,3092.599018610661,3581.9772632380536,5070.303851316382
3.189999999999954,694.4515386232852,1741.2412817229322,3242.079884921542,3685.036466222285,5061.1633786280745
3.194999999999954,666.5492578182219,1803.6741029136385,3318.013031554911,3911.14488533711,5043.9961372641965
3.199999999999954,948.2408035446679,1960.8326678477936,3494.219274610159,4455.722149634023,--undefined--
3.204999999999954,1057.597047568183,1978.3899547463484,3350.273452280117,4579.98525729432,--undefined--
3.209999999999954,674.6820684457589,1733.4427906749308,2730.8974946091357,3881.5584528262457,4920.881705239201
3.2149999999999537,760.3635540670654,1797.2557981145753,2944.529670837462,3930.657817850676,4888.5026748974415
3.2199999999999536,718.4482350713125,1865.8000668613279,3013.640459163916,4009.8117574432754,4841.617994018458
3.2249999999999535,613.0761446311797,1843.1831877780342,3015.5193983609433,4154.287969803868,4907.875937477198
3.2299999999999534,525.7993554031273,1806.3475533775643,2962.0019514731102,4196.871014761295,4989.496317576851
3.2349999999999532,515.5742051517992,1818.633150962479,2868.4055515974146,4038.394499549581,4982.845088488517
3.239999999999953,541.0841518998519,1758.7431466515716,2797.9433328921386,3982.7261818960883,4922.439328391493
3.244999999999953,589.7405632969768,1733.3300263488932,2752.799780467185,4079.337772935814,4824.670556858813
3.249999999999953,572.4493362133732,1763.8494185379016,2797.945686754875,4131.593812667154,4758.502752676226
3.254999999999953,530.7021807401226,1797.3513076882905,2885.590937480922,4110.325115255307,4800.084613865432
3.2599999999999527,518.7257464336312,1793.593261248666,2958.540723669905,4044.23928657238,4970.340484338222
3.2649999999999526,545.7395160375863,1819.325358569,3010.700675915265,4066.8122274460297,5081.645417259597
3.2699999999999525,559.0372291223102,1879.108049209836,2981.133468803076,4057.4452898212394,5262.161315624996
3.2749999999999524,605.5993154690846,1999.0573850374606,3109.540169359964,4214.099939726681,--undefined--
3.2799999999999523,610.5494009668614,1941.6495518305503,3076.656802345249,4187.1121137210885,--undefined--
3.284999999999952,534.0676935151317,1614.4477685957174,2710.7896056794807,3791.7831547419755,4953.1876961401795
3.289999999999952,560.5785297660168,1679.8571051367162,2821.569566403596,3883.385079434481,5008.229815175367
3.294999999999952,582.5549077984466,1806.986054514826,2903.633055598358,3943.1554692710856,5012.228298586583
3.299999999999952,560.2658943270652,1829.1498726202365,2887.8693131046575,3979.899576530264,5035.750394441673
3.3049999999999518,550.3064384867505,1825.2859712279105,2929.6436473486983,4087.4745075066817,5059.2990895129615
3.3099999999999516,583.6539270342215,1879.879466415197,3122.436272606193,4297.149322741523,--undefined--
3.3149999999999515,517.0631758469605,1918.9922619238444,3153.89026933093,4333.419072011024,--undefined--
3.3199999999999514,552.9851944897341,1847.0522817374647,2895.686469069391,4004.736256802221,5072.241176189248
3.3249999999999513,632.2644517062813,1695.9063138847152,2745.5698141845646,3906.8545200991953,5015.399434754478
3.329999999999951,756.4811199052176,1761.338914821013,2910.0518975804293,4144.166459577779,4960.632948348118
3.334999999999951,896.625623127016,2142.1239307777823,3352.89795852577,4590.38297960067,--undefined--
3.339999999999951,859.9881782850961,1972.3662756130936,3231.2415763339736,4584.025603858756,--undefined--
3.344999999999951,677.7578057383702,1824.0767828730877,3072.3471808826685,3939.214339426856,4979.540720721483
3.349999999999951,591.3224623864579,1781.9844340627228,2956.072855390145,3632.4751719579167,4969.46611311375
3.3549999999999507,573.4152069608475,1786.0430151973817,2853.56234458201,3626.0529524817175,4950.231126501427
3.3599999999999506,564.3726934983874,1770.7616869275128,2773.6403397184267,3723.9226735249504,4913.992766394548
3.3649999999999505,579.0475650014172,1762.5826919386168,2969.6257248710504,3871.82587224527,4804.488738409781
3.3699999999999504,684.4728087725708,1740.8934114525875,2985.8190926297525,4087.9058733009056,4883.055813413471
3.3749999999999503,1180.5591966340764,2144.070357940771,3539.1261767091646,4608.28263712378,--undefined--
3.37999999999995,1321.9453644786952,2331.074371586089,3647.700773122515,4721.797974834313,--undefined--
3.38499999999995,658.014187011869,1861.109718786319,2689.210884818681,4015.0594734862857,5047.795382476856
3.38999999999995,630.3271014015193,1848.05620921636,2651.6080934202564,3895.4183789913936,5095.27922202394
3.39499999999995,545.3615919563766,1722.205474860443,2673.3920707374305,3851.045181164185,5035.489803349814
3.3999999999999497,499.59789860816574,1781.5474356745142,2680.465879667545,3807.8089034494465,5011.525402210738
3.4049999999999496,625.2599931931028,1977.6945631883714,2903.603518967275,3960.064197111172,5014.171685355445
3.4099999999999495,904.2164033642271,2174.71333420916,3395.1345716920696,4370.4750958336235,--undefined--
3.4149999999999494,699.4679630029127,2147.9936158956784,3288.8899435933736,4403.735832252699,--undefined--
3.4199999999999493,642.0436310800657,2054.200485841583,3082.8208158728153,4382.768724758504,--undefined--
3.424999999999949,639.0754504538108,2100.663667337853,2964.227891994284,4300.602518703456,--undefined--
3.429999999999949,649.9844560910478,2101.7393937765746,2917.7455221497307,4108.409622284812,--undefined--
3.434999999999949,644.172887470997,1916.2980353759497,2901.5895453652233,3828.823586440745,5284.36930326267
3.439999999999949,597.3889807941185,1858.9494358950099,2927.7600727516387,3789.5369077206683,5147.904589403582
3.4449999999999488,516.7966447770388,1757.145754469837,2872.3434071262623,3856.7375906145157,5125.79082650677
3.4499999999999487,1063.810039452591,2263.554205925284,3441.0271349780337,4495.019596770289,--undefined--
3.4549999999999486,1293.690136530277,2483.560884991,3631.8454805887204,4705.218635536364,--undefined--
3.4599999999999485,557.0766799782547,1807.0512581121943,2787.971423749159,3842.560875143648,4797.9558969632435
3.4649999999999483,508.6350930519682,1849.62876526971,2825.088368812298,3682.144519289366,4842.366937052354
3.4699999999999482,510.6156116536073,1915.7500597287283,2671.5077786459033,3729.139533653021,4930.091020925614
3.474999999999948,461.41043102058023,1602.8441628403953,2444.77264241384,3746.0064948493614,4915.381400128847
3.479999999999948,386.4413438000341,1415.0840115826,2470.5981427504976,3723.5777300354594,4852.238852821361
3.484999999999948,325.8489663215591,1726.7348100268607,2879.6068441729153,3704.896084158926,4813.876567949433
3.489999999999948,284.5962397642473,1753.4049084621017,2898.890593641768,3779.671184165282,4799.801233927415
3.4949999999999477,478.4362632580862,1905.6171449576252,2814.6723254262192,3774.85592616041,4818.818685598589
3.4999999999999476,597.4572590427882,2054.6096544477628,2531.4923115293304,3676.725454768068,4855.198757081645
3.5049999999999475,607.4575836709784,2061.301499646164,2578.623663240904,3746.8611321478543,4865.717866064423
3.5099999999999474,546.7954378333291,1878.9367017358547,3187.135491147434,4068.5968613967684,4857.3166930746165
3.5149999999999473,532.4053478913952,1818.2296727032185,2968.7428176849244,3817.516986384474,5063.773791110958
3.519999999999947,519.7757077903664,1778.596975069108,2964.46694712857,3859.141768120548,5034.731766143168
3.524999999999947,472.4431920921188,1728.5935275709,2995.1336232627714,3963.5868527436787,--undefined--
3.529999999999947,627.5062610283355,1715.506869664408,3172.5892894664,4063.43020238137,--undefined--
3.534999999999947,1070.1579811515642,1772.0237906621778,3526.6792940496957,4160.4871110166305,--undefined--
3.5399999999999467,1101.1339263730542,1823.5031311353628,3568.5852528916485,4431.37248587613,--undefined--
3.5449999999999466,730.0172881823158,1813.404786318213,3324.934910826245,4307.16187487085,4995.114822545464
3.5499999999999465,554.7228429747388,1864.2681215871066,3212.6000526033413,4285.956445888057,--undefined--
3.5549999999999464,555.1603533186762,1919.4328231456254,3217.046265229544,4157.908364034616,--undefined--
3.5599999999999463,595.9857568875226,1906.5070247259932,3208.8026734779082,3782.5473861339547,4763.022611406368
3.564999999999946,545.0560301611853,1814.0887696835975,2909.9809077027444,3794.0980297346673,4827.070289098698
3.569999999999946,508.31891263601636,1769.0185878910947,2846.9397445368277,3834.1523023248315,4874.523354264945
3.574999999999946,487.8704166426703,1782.6154731232505,2856.314269562722,3899.4014680336077,5009.473892288718
3.579999999999946,399.87462554716103,1844.865537224286,2881.398621972844,3938.7005633758536,5123.626551217747
3.584999999999946,386.9351718482817,1980.2009361909893,3004.289558594554,3920.236444581394,--undefined--
3.5899999999999457,1608.3698121741397,2390.691350293099,3829.633369776463,--undefined--,--undefined--
3.5949999999999456,822.2519080730506,1856.6539061582382,2980.0165693292824,3971.573461033161,4886.219490154747
3.5999999999999455,793.7742261055439,1977.9244200052913,3010.3799819028422,4299.270638194159,--undefined--
3.6049999999999454,1323.702632012468,2612.3157973646466,3810.554690642216,4615.003804445768,--undefined--
3.6099999999999453,1760.546093999582,3193.33263760683,4610.2400407822015,--undefined--,--undefined--
3.614999999999945,1815.5062583075728,2733.892673090269,3950.3874679998107,5003.923916072449,--undefined--
3.619999999999945,1031.9858438153365,2142.438017371055,3393.940472828408,4695.352545415223,--undefined--
3.624999999999945,788.8881746579522,1969.9219692897586,3188.7994626702493,4579.248489805041,--undefined--
3.629999999999945,889.2348118560324,1987.756533325514,3216.4855617515746,4547.002439191927,--undefined--
3.6349999999999447,995.6959741003643,1897.8516454953854,3269.333243495172,4446.245789233692,--undefined--
3.6399999999999446,1403.7466166150139,1712.7266026440295,3081.6352882471524,4399.035160395157,--undefined--
3.6449999999999445,1206.3668297585764,2239.8924543764806,3439.6687136321248,4673.146276459019,--undefined--
3.6499999999999444,1378.0907021344472,2603.5982560208236,3656.1426161682034,4811.3147408411405,--undefined--
3.6549999999999443,1626.570951658521,2739.644689786151,3701.936401252884,4849.963302949771,--undefined--
3.659999999999944,1573.765115246035,2652.15894657363,3656.771561272129,4845.275789808043,--undefined--
3.664999999999944,1402.768505308513,1977.8640130685121,3538.5456136870944,4551.397566625117,--undefined--
3.669999999999944,1680.8151119016893,2750.7619864460694,4028.6687858491905,--undefined--,--undefined--
3.674999999999944,1711.6354850216946,2754.191809286461,3529.70489529801,4273.113463481889,--undefined--
3.6799999999999438,1629.1128957645387,2535.9291048391715,3200.7795776816633,4476.9082875821605,--undefined--
3.6849999999999437,1488.1441782872466,2662.2658630851543,3858.1636481313158,4828.972561821875,--undefined--
3.6899999999999435,370.77148530897136,1726.4450815859877,2938.2498456614558,4074.788217445263,5071.559605377912
3.6949999999999434,240.13972573826095,1628.9457972455148,2956.576303421716,4082.789072051082,5050.454960824734
3.6999999999999433,277.87368323032257,1628.2246143847426,2939.7216656183073,4090.8955648390606,4979.558669699116
3.7049999999999432,375.13762862550715,1627.4971665076557,2818.399889999305,4036.551062712922,4930.982515822139
3.709999999999943,524.8980415723049,1655.2960635686657,2689.232658199424,3991.295092300479,4999.3234838554745
3.714999999999943,650.9731515957109,1803.7754485706068,2669.924688275586,4072.436142589183,5313.241657850683
3.719999999999943,624.0832844118419,2063.0467307723534,2848.234275017596,4051.7846722926924,--undefined--
3.724999999999943,548.9970386190396,2000.8445753910294,2911.063538467795,4043.329520188766,5090.044422950761
3.7299999999999427,414.83758161760693,1831.4032931934978,3010.6468313949767,4137.96542793775,5090.044422950761
3.7349999999999426,407.53174718194884,1906.5973556891481,3277.3565162947352,4389.63462301965,--undefined--
3.7399999999999425,1630.2686721209586,2682.1522965482354,3426.245519929222,4744.378645322842,--undefined--
3.7449999999999424,1832.1634711294287,3094.903284230008,3346.8492737035053,4778.624368423312,--undefined--
3.7499999999999423,1423.0722005771138,2589.313548499981,3286.690752448899,4548.51117296974,--undefined--
3.754999999999942,840.532997330723,1914.3494341976013,3264.698857708945,4216.479799351885,--undefined--
3.759999999999942,479.0764995088069,1773.7898601134252,3219.692384656492,3958.733563738412,5084.446509759931
3.764999999999942,504.2799398970393,1718.618421247245,2923.741875471392,3913.9453761769028,4963.214688540997
3.769999999999942,506.480711884401,1720.6653849919016,2874.1991304040193,3879.0665825097904,4931.669837055919
3.7749999999999417,366.20166331643645,1640.6161957415106,2799.9429981384405,3824.850835753598,4854.805556728235
3.7799999999999416,375.1961836860371,1639.191328981192,2742.499436654399,3852.4590647345767,4798.587518723044
3.7849999999999415,688.8486863955479,1811.4230089774258,2748.50153195963,4001.507921030421,4830.313483505968
3.7899999999999414,632.6364333422837,1781.105844919128,2665.1349988579436,3979.72545085772,4885.818491440826
3.7949999999999413,589.3393943352892,1833.7109895518422,2617.102561204896,3989.3930280863437,4959.1340598067545
3.799999999999941,525.4131251841048,1900.0652120894745,2808.4900599558223,4044.432146661565,--undefined--
3.804999999999941,474.5253413018078,1904.7873028147474,2945.50519609022,3997.8002481926887,--undefined--
3.809999999999941,525.7183764863962,1829.4970661201453,2859.032515821953,3880.89299805754,4903.297127592006
3.814999999999941,963.7809129235494,1884.4889086953335,3249.64325402675,4575.863684552378,--undefined--
3.8199999999999408,722.9966647853992,1871.7974448146522,2990.732849996367,4296.8844736000565,--undefined--
3.8249999999999407,601.7974003965795,1798.8627497895607,2725.8805981760693,4107.069626704247,--undefined--
3.8299999999999406,596.8515941031412,1745.8771330829466,2608.995640255517,4039.652992331314,--undefined--
3.8349999999999405,590.9775512101959,1769.298094468139,2652.132359376687,3986.383007114165,5319.832368957362
3.8399999999999403,594.8250031585393,1780.336870590968,2664.3342253169963,4018.3628342950906,5073.491104177956
3.8449999999999402,576.4977391670612,1807.780505414409,2990.6674572216407,3930.2429935436003,5022.48129281311
3.84999999999994,648.2486982517864,1869.7046346549873,3295.059523235445,3894.4609679023843,5075.700059531184
3.85499999999994,703.5096529110757,1939.598235174716,3375.571411239722,3969.4560218268334,5136.089735903279
3.85999999999994,648.611526870832,2000.2288954563082,3243.17208159802,4198.186538067165,--undefined--
3.86499999999994,594.6127976453627,2107.738522936934,3654.4449428628945,4675.20825561148,--undefined--
3.8699999999999397,560.0469975035329,1849.9018813236667,2981.1576726929206,4118.868977844657,4796.732945136274
3.8749999999999396,569.5961103007484,1776.1637577396552,2785.3104330047154,3859.4866762204524,4845.106197541087
3.8799999999999395,611.4016460747838,1760.410143149936,2843.8771757117447,3840.718634405425,4889.365280508503
3.8849999999999394,707.1643363445249,1721.25271399805,2829.370748698297,3943.6860733215344,4884.121664222231
3.8899999999999393,1058.7449373442116,2273.7561160234986,3328.290340737914,4859.203044746461,--undefined--
3.894999999999939,829.970193098327,2137.3853177281467,3278.8021650604333,4576.4659474929485,--undefined--
3.899999999999939,713.6167448119894,1992.053181528531,3165.1108182548323,4076.8743615443327,4908.849367205022
3.904999999999939,701.2662717805082,1849.0051582749047,3061.5195536138144,3785.986405964091,4865.564642391772
3.909999999999939,684.2790073941684,1669.5113773734683,2973.6942585980933,3893.090232562973,4768.903885949548
3.9149999999999388,663.3270415538802,1689.6385180946513,2918.150310586558,4058.7410391862777,--undefined--
3.9199999999999386,668.996423188563,1757.8452342936555,2784.356930378027,3992.4626942053883,4941.2693228870285
3.9249999999999385,627.0875496744598,1800.17194929174,2753.584561730065,3966.763392023673,4918.101280644018
3.9299999999999384,555.9352565168215,1816.0831295153139,2797.8627824260134,3964.4545670166763,4904.798849230851
3.9349999999999383,495.346571880467,1814.5807161160003,2852.561261485391,3937.4323489437784,4932.688455726835
3.939999999999938,502.94813262443535,1784.5844751014617,2867.4828066161895,3921.672890109019,4989.394378362787
3.944999999999938,523.9526016536042,1800.325659320558,2788.1997714798304,3906.888457324434,5049.313445888708
3.949999999999938,472.36199229897795,1789.754844361479,2724.29181536067,3932.5398085295005,5058.730225161611
3.954999999999938,452.43861483652853,1664.4071248443752,2646.49206852439,3953.2732076028165,5049.098611643272
3.959999999999938,539.0997764908334,1429.682027301949,2533.0250742743056,3933.8581964414607,5054.497550673182
3.9649999999999377,556.576793530933,1470.4466772411295,2490.364567623928,3940.7223389037595,--undefined--
3.9699999999999376,589.9901188232717,1663.7193224367957,2731.9677533938175,3916.289987078828,5074.970544303084
3.9749999999999375,559.8019485485141,1699.377470385196,2809.598359218454,3847.413132251728,5031.399702675448
3.9799999999999374,508.77713407859494,1746.4958815931566,2761.6062298657525,3781.0556675476814,4983.7855571097325
3.9849999999999373,497.03787887557337,1926.4819817225762,2701.8047556231113,3770.33680139282,4971.907035341258
3.989999999999937,566.8339041480277,1817.6322361766058,2680.463027751187,3854.5255753174683,4977.05324414837
3.994999999999937,630.4533020232348,1729.3775802854648,2728.1696738461324,3798.6520666235037,4981.228297536321
3.999999999999937,665.0376675836217,1704.4544079596394,2812.602601757405,3840.025393385198,4986.878915679473
4.004999999999937,691.888697032625,1739.2929708051033,2957.6692561676,3975.373527381175,4923.238515625614
4.009999999999937,721.4873089280488,1808.4646658859638,3159.436816866076,4077.807517976292,4767.482844512936
4.014999999999937,684.3435166835455,1842.7941626027796,3271.2596635562936,3689.070418967758,4733.468123645173
4.0199999999999365,586.3552201256208,1802.2757627137598,2975.3275283895246,3732.6244822595363,4859.408352684769
4.024999999999936,525.8664602393385,1770.0897080670356,2798.8106635116574,3814.15687208233,4935.575409301133
4.029999999999936,516.3682280192772,1772.3392126953327,2774.1574028661817,3898.3458195410153,4999.643254760783
4.034999999999936,549.8776798463491,1805.4551999597184,2832.9027438448916,3979.314996333997,5079.855386142069
4.039999999999936,603.0721569930525,1790.8407737651207,2877.889061223193,3914.2881753308607,4981.502240463885
4.044999999999936,559.6649725943718,1737.9482119488448,2824.2072675926393,3910.10389830179,4950.882359408669
4.049999999999936,508.1635196794506,1734.0070340548773,2784.1536008205094,3924.99723278361,4983.2890203621055
4.054999999999936,491.1669316226546,1736.902854080774,2725.000892538577,3886.9804660617347,5020.130094816007
4.059999999999936,509.3562929623937,1700.180720715374,2623.3016968420893,3770.736330719498,5007.194739848937
4.0649999999999356,428.33160803666124,1652.6937151896439,2594.4123741684757,3755.2596053961365,4946.354665316707
4.0699999999999354,497.6914872449621,1742.4457598896463,2899.3489446932927,3843.598686561408,4936.781090801791
4.074999999999935,565.0686024146804,1790.814585624882,3093.5768036218906,4063.788494422484,--undefined--
4.079999999999935,577.8587638170089,1740.026575258417,3098.324492057766,4235.202353761304,--undefined--
4.084999999999935,529.3405675725913,1619.6163305447496,2960.2851706542565,4194.508950709914,--undefined--
4.089999999999935,519.2709155625053,1716.1121321707062,2941.7689859683805,3981.0029019481663,5343.963545758349
4.094999999999935,519.1240552910443,1835.85755127401,2994.607031429917,4192.252040482489,--undefined--
4.099999999999935,502.43471675544185,1832.2880356628698,2994.573819381715,4112.069462946341,5053.757971127683
4.104999999999935,509.07816471782235,1820.0673555984893,3051.5633181968446,3812.982879808018,5038.795824053961
4.109999999999935,559.7233683694634,1873.0589673348009,3174.1682712788547,3561.8182746029647,5005.348450830721
4.1149999999999345,552.5744096999156,1702.1823988496117,2784.9370220871565,3829.591113006581,5005.093464450874
4.119999999999934,539.2950099150165,1720.9082911898568,2689.684825038606,3975.6983075009603,4948.032182655119
4.124999999999934,519.6340329159477,1779.4758624762874,2642.663841271703,4060.0737917911497,--undefined--
4.129999999999934,493.66308776604313,1824.79534443782,2659.391323374083,4079.8975882958075,--undefined--
4.134999999999934,486.20558846730694,1836.264604042759,2794.946211102108,4075.6345159913444,--undefined--
4.139999999999934,626.9735042067762,1855.8929976086936,3103.1703090113174,4302.108120716614,--undefined--
4.144999999999934,686.3727997545512,1822.3524403552817,3119.9172348820284,4346.167987365002,--undefined--
4.149999999999934,673.3129360363495,1807.9369319111793,3062.125594878249,4378.903209022407,--undefined--
4.154999999999934,657.9882817989954,1774.4675952547284,3010.2096222419113,4315.017153625521,--undefined--
4.1599999999999335,664.0948505622599,1709.6178706555743,3001.6567683153207,4123.479411114358,--undefined--
4.164999999999933,473.2240541174185,1785.8496986868572,2994.968602050688,4162.651002042993,5184.149797282229
4.169999999999933,503.91082437251373,1784.2579560456713,3124.139012549722,4423.591229849862,--undefined--
4.174999999999933,736.2887635586876,1798.566666842359,3263.1803602038494,4548.5251279741005,--undefined--
4.179999999999933,845.6381627203908,1796.5615108497939,3312.4613455123012,4475.7057273391165,--undefined--
4.184999999999933,639.1106740214109,1760.287622391493,3215.485069109383,4225.687008093752,5203.918420245619
4.189999999999933,661.9656224697768,1818.960589350918,3051.235457030395,3897.901505416812,4964.34274196595
4.194999999999933,682.8073199378263,1854.1754199840773,2825.3969621607694,3788.344244599299,4948.840243378643
4.199999999999933,630.568517582026,1874.1999533666763,2795.6082499521367,3986.365351389013,4887.207728159844
4.204999999999933,584.9872336067305,1858.1917227274453,2841.2918318965226,4164.115872639287,4870.350087000125
4.2099999999999325,606.4259463189417,1805.989128978326,2839.244185414295,4068.7022141093353,4975.595996512247
4.214999999999932,567.9022972277843,1816.5557833109642,2945.8903193536144,4050.748763813815,--undefined--
4.219999999999932,547.167604717787,1790.1139754313967,2994.281235399804,4039.353106668948,4874.654023650753
4.224999999999932,546.3749734624341,1784.4815690191535,2911.1247462959836,3980.109639051337,4842.231648514901
4.229999999999932,573.5825543779197,1782.0649848939595,2836.2644944446547,3930.2755607379045,4832.138817445761
4.234999999999932,626.9144187955025,1776.998315069645,2911.7560659902206,3965.7045193159192,4879.360357476047
4.239999999999932,665.7150112284223,1869.112625330536,3144.038636519611,4166.995674763632,--undefined--
4.244999999999932,741.4636887444794,1867.8947569614106,3167.520981575747,4228.505032038562,--undefined--
4.249999999999932,724.0584021979461,1812.4737184975002,3114.3480606637418,4254.299004586745,--undefined--
4.2549999999999315,670.3900142164965,1768.4855092011555,3016.078453281111,4166.3354074351255,--undefined--
4.259999999999931,665.5287671560543,1769.202226484909,2876.092251096665,3936.933777447294,5044.8083304234615
4.264999999999931,772.5417342728907,1695.9173901041102,2638.7388402141455,3852.146071376469,5128.553805792905
4.269999999999931,759.080769401799,1658.859518264622,2643.4925692520087,3928.215726206381,--undefined--
4.274999999999931,905.4028155692442,1822.4977248814682,2981.2414971990283,4085.133412741287,--undefined--
4.279999999999931,867.6832972117548,1970.9320909147712,3211.06312757579,4149.053184774729,--undefined--
4.284999999999931,452.24698631089285,1921.839831100604,3028.3874686443596,4060.988717121132,--undefined--
4.289999999999931,497.5814975414321,1898.9309694015772,3049.4775307891464,4289.807964287548,--undefined--
4.294999999999931,1181.9946996840047,1904.9774491346873,3097.3704299741216,4262.024574901179,--undefined--
4.2999999999999305,1371.2360162926118,2019.7930638135822,3183.075625340185,4215.0187337876005,--undefined--
4.30499999999993,1227.7226589142028,2087.512422734968,3294.154760415596,4208.523164819339,--undefined--
4.30999999999993,1051.5504284744052,1986.9709131822635,3372.2561466461484,4215.123041905385,--undefined--
4.31499999999993,703.7507268961081,1896.5571630907518,3184.3320119345594,3976.104272785152,4941.753239904896
4.31999999999993,656.1541892648205,1869.5665775775922,2934.545707374199,4069.7808595956603,5130.56430256706
4.32499999999993,671.858541549613,1787.1620222672907,2803.1369626819474,4047.7213909283764,5188.219250870164
4.32999999999993,677.8951718781639,1689.9548178094658,2792.625498218217,3959.0037625033056,5200.241429740724
4.33499999999993,651.4857855653679,1660.1019533729304,2839.2072832859494,3902.275559213433,5255.024735907163
4.33999999999993,659.525278242341,1840.7723366527382,2757.1945450215994,3810.2197492563782,5148.803330116189
4.34499999999993,614.3691046005825,1923.019069497292,3068.6991479255707,3991.140807558752,--undefined--
4.3499999999999295,660.2488173929761,1969.134998710958,3155.209428134217,4119.151508299782,--undefined--
4.354999999999929,697.4548257865249,1931.199378423624,2999.8702101458493,4037.7835849312028,--undefined--
4.359999999999929,645.4015398748426,1794.1135170364255,2782.2811355540052,3745.6064142452383,4988.318520843108
4.364999999999929,676.139866790048,1738.4045824951227,3020.5128863481905,3717.8814794429595,5037.3226350641835
4.369999999999929,733.5022177783858,1890.09489344532,3138.4949914221847,4114.137412519984,--undefined--
4.374999999999929,740.3653116515186,1935.6787929174498,3160.511484375005,4128.60779931531,5229.8352537862065
4.379999999999929,696.4607823970758,1926.9395672801566,3133.929159183941,3961.1003936164448,5192.565558599059
4.384999999999929,616.1485301719607,1948.619139729178,3099.8066227243735,3912.1482248891452,5138.360375154679
4.389999999999929,506.2736962531295,1948.1756931590112,3044.0966870883826,3941.775148304762,5350.795621835206
4.3949999999999285,498.6894180542519,1884.7166205555966,3035.1399454779325,4157.977076049681,--undefined--
4.399999999999928,508.3025380484935,1915.0292198548386,3051.4497094841036,4288.494495007038,--undefined--
4.404999999999928,526.2148274274688,1956.3324359160704,3063.4813198897227,4297.051379317976,--undefined--
4.409999999999928,549.4349120859213,1926.8309427863232,3039.201014449565,4206.716209047101,5144.173344792268
4.414999999999928,546.5496949831371,1922.433770283092,2938.719330157373,4087.3160269985915,5188.52557233447
4.419999999999928,498.19458422546796,1849.0836170838372,2835.273406009373,4150.62428629793,--undefined--
4.424999999999928,1145.4812116184482,2453.223749384674,3553.6417019297733,--undefined--,--undefined--
4.429999999999928,1787.0116978150381,3067.4193107591695,4207.324575215682,--undefined--,--undefined--
4.434999999999928,1657.747710987445,2937.899747537007,3943.923470520717,4582.680454248886,--undefined--
4.439999999999928,729.4093521371295,1935.2167904881667,3238.7398139075162,3889.4012384667662,4772.2270154687685
4.4449999999999275,632.5184463065334,1878.4851868848575,3183.0726169062978,4124.381657556084,--undefined--
4.449999999999927,617.7742139409097,1955.716054984382,3234.8987079142075,4234.13752315112,--undefined--
4.454999999999927,618.0559840971648,2060.8069178706255,3313.349809106017,4253.086218534431,--undefined--
4.459999999999927,637.8234681544894,2146.08285153123,3367.86271066389,4300.91960083148,--undefined--
4.464999999999927,491.72493953662433,1901.1927012367871,3143.9916381816283,4045.7828402065516,--undefined--
4.469999999999927,491.52538472750257,1860.1786249614725,3032.5258601158484,4012.731767306176,--undefined--
4.474999999999927,516.4569610178199,1868.4070381369543,3074.569549060409,4123.40719294217,--undefined--
4.479999999999927,542.0276842725095,1864.3801586794852,3138.678987422339,4224.008618746587,--undefined--
4.484999999999927,577.971505598262,1832.019338830089,3131.3659277222278,4169.23781151949,--undefined--
4.4899999999999265,710.1089495853112,1876.076921262969,3247.7036968168954,3893.57858930456,--undefined--
4.494999999999926,686.629151639014,2012.0522924744832,3255.8439533114642,3855.9211172581563,--undefined--
4.499999999999926,623.6879287848138,2050.822384422565,3239.778090970362,3852.5194233625352,5192.133813718433
4.504999999999926,578.2324014328206,2036.4551174843575,3226.292930440834,3851.7705947342174,5192.133813718433
