0.025,1441.0459607604562,1682.4077835663843,3070.2876985604744,4119.777522844136,--undefined--
0.030000000000000002,1409.6299492959456,2007.267354186905,3287.650847083916,4127.105835994113,--undefined--
0.035,1372.5136802151349,2413.47834196444,3702.560034836398,--undefined--,--undefined--
0.04,1296.7880683477151,2520.0107731365074,3774.3326153173716,--undefined--,--undefined--
0.045,1182.7520869706905,2310.3975762174646,3424.194757584671,4422.877309111663,--undefined--
0.049999999999999996,1077.7075947210324,2268.0369988072234,3217.9369254077797,4433.308307714393,--undefined--
0.05499999999999999,532.749800047628,2232.686050369075,2965.6963291985858,3608.411870186309,--undefined--
0.05999999999999999,379.93368250418723,2199.562055361049,2858.237012990615,3386.2330939768035,--undefined--
0.06499999999999999,375.90071206244613,2162.9631088188285,2823.5737210317548,3391.631584022124,--undefined--
0.06999999999999999,367.4480859036494,2131.455691821084,2807.7904595631057,3383.382951335759,5245.154088117334
0.075,366.0457367128983,2134.1064638226258,2792.10750749265,3372.8433172652885,5318.656501242913
0.08,359.3510075492915,2155.9517973050674,2756.0603382413938,3340.226184341844,--undefined--
0.085,362.02489138481815,2167.0222799431717,2735.4421452258725,3330.8035115673256,--undefined--
0.09000000000000001,361.50566539472885,2165.384525840777,2718.255763261105,3330.423169278992,--undefined--
0.09500000000000001,353.25965007732896,2150.7663633100624,2695.176707037864,3332.3825777998463,--undefined--
0.10000000000000002,344.57467983835494,2123.4572871298906,2661.9839185013802,3342.7074740561557,--undefined--
0.10500000000000002,334.2793555789449,2124.4859779430453,2670.8232931756384,3345.543923068761,5304.482034339696
0.11000000000000003,323.77257607729103,2138.4423066683335,2688.46009545585,3343.037258731512,5307.194926738877
0.11500000000000003,312.8537804614004,2148.4527976368286,2702.6325794292015,3345.1876897180914,5299.956192803545
0.12000000000000004,304.6248959192421,2146.592610731451,2704.213210135576,3346.176182641468,5274.481923288945
0.12500000000000003,307.0955451166111,2136.700183332777,2686.7257825538263,3317.5060065369307,5228.112463094669
0.13000000000000003,311.73025952343386,2147.9062228271227,2671.9025164654136,3338.008198257833,5259.147060253526
0.13500000000000004,313.58706902341055,2152.0446494212947,2678.8341454303086,3333.7889125234074,5246.585605998331
0.14000000000000004,313.73744495383875,2147.1840797436093,2669.2992113607884,3317.943566581763,5220.900752786737
0.14500000000000005,312.8967432276709,2137.2453466147317,2637.1563806506074,3306.9689067227946,5212.629533843968
0.15000000000000005,311.0137862851941,2133.1513387336927,2622.1838908752084,3319.339401302103,5248.041073138889
0.15500000000000005,309.9302234652993,2135.7544271750835,2625.2154751770668,3324.7244174166,5222.861092755044
0.16000000000000006,308.1187560672966,2124.2855919740787,2605.981078779715,3316.6984998590756,5251.893057517803
0.16500000000000006,307.269580681004,2110.947161669949,2571.162235651397,3307.07453060285,5298.83974909876
0.17000000000000007,307.7069079304534,2106.417119864579,2545.5622943471913,3304.545192881273,5321.405938019742
0.17500000000000007,307.785557320378,2118.6569299429602,2578.6356178985347,3313.3083025611522,5272.5543455589395
0.18000000000000008,308.90158762089584,2139.670403689044,2685.204920786992,3297.8676551238,5190.599035471645
0.18500000000000008,310.23720074160417,2144.766721825808,2749.27194096028,3299.1574770811626,5204.783364643989
0.19000000000000009,312.3348836466233,2140.6455883487656,2750.270220327673,3319.6433009253606,5272.335820175803
0.1950000000000001,316.1879341818745,2133.9857258754823,2704.413379321636,3345.499217964019,5328.27798486198
0.2000000000000001,323.4793977985652,2130.2517343694044,2673.76169953689,3341.499596199099,5280.971347910176
0.2050000000000001,336.82268297063354,2145.774932430262,2724.187916799475,3318.763155943413,5276.228356256792
0.2100000000000001,355.29351532227685,2146.6191635927585,2738.128903385356,3336.649680192761,5305.782540767631
0.2150000000000001,367.12847292121495,2134.550423202409,2725.0044729334113,3357.457013803787,5319.70400576862
0.2200000000000001,364.1966771431688,2119.114912700764,2697.321343310913,3357.166047179365,5293.7937520479945
0.22500000000000012,342.9313323719485,2119.429879087462,2666.456056692614,3333.075116894213,5238.87881934658
0.23000000000000012,345.15507396929064,2116.4795068377693,2676.4984494249156,3299.290862160513,5183.249833779858
0.23500000000000013,349.6226860242746,2112.948258660395,2662.5333423028915,3300.21558284514,5164.574234532269
0.24000000000000013,358.83928136322226,2118.8818617965526,2648.3037501289746,3314.9943678715013,5203.697900264439
0.24500000000000013,369.604252636043,2134.6756073850984,2658.5831436413373,3321.498925400921,5271.807818622551
0.2500000000000001,369.74983229509195,2147.4117401062854,2717.9308495951163,3297.3823109388113,--undefined--
0.2550000000000001,366.90091813363244,2132.376530267215,2689.808567470981,3286.7818230608823,5296.804015142157
0.2600000000000001,370.46261640077194,2124.5820072386655,2685.9034813890903,3287.591943195601,5312.389863882685
0.2650000000000001,375.9414306195914,2123.887560037185,2698.4360227293455,3282.818859697011,5326.993161041104
0.27000000000000013,380.7921999515768,2124.08012306314,2712.0074780615378,3268.387042130383,5345.516022546324
0.27500000000000013,385.64855405392035,2111.7271370209105,2704.973308912568,3258.304354881656,5404.528598331493
0.28000000000000014,397.9644878258624,2117.347771880957,2687.920868606479,3274.0489932812998,--undefined--
0.28500000000000014,409.07379365513077,2130.0718975973286,2663.276238383882,3285.1096371530166,--undefined--
0.29000000000000015,415.77432260701625,2137.18286490337,2667.22050159272,3281.090149482833,--undefined--
0.29500000000000015,418.34651356590496,2134.793116086939,2699.984021402508,3267.5215547176304,--undefined--
0.30000000000000016,421.53226071109987,2130.8648135574913,2711.5305901650117,3271.1120870259956,--undefined--
0.30500000000000016,413.8717058017148,2137.8213370893145,2702.70356089643,3253.1500861027876,--undefined--
0.31000000000000016,407.0605776119031,2125.587996427519,2688.6329251698953,3260.671782251119,--undefined--
0.31500000000000017,401.3115940770426,2112.887980301612,2677.0153355044863,3269.8033214585644,--undefined--
0.3200000000000002,392.9950376825403,2108.2698708257876,2670.0368436290714,3261.3025745519258,--undefined--
0.3250000000000002,373.33763565654164,2104.7264600702047,2662.7664434373314,3223.840430604973,--undefined--
0.3300000000000002,371.8305808549607,2119.745575941252,2671.907685143549,3239.0133483211894,--undefined--
0.3350000000000002,363.83901010985693,2139.859062099451,2698.1105130744845,3256.179687955855,--undefined--
0.3400000000000002,338.4892086483663,2167.3100139782964,2745.2118083888386,3270.7504776902956,--undefined--
0.3450000000000002,314.6532735365185,2191.4853527836685,2791.979487400641,3273.3448921197523,--undefined--
0.3500000000000002,352.90420975720883,2182.6706469247033,2781.3177681812613,3245.1543273718544,--undefined--
0.3550000000000002,358.4902862678673,2164.4229330421635,2777.008876920131,3228.134155388063,--undefined--
0.3600000000000002,355.4093551284742,2142.396402170903,2753.8393760693534,3245.718199121965,--undefined--
0.3650000000000002,361.7750273018127,2127.0063276567003,2740.8905299928756,3256.1896911398753,--undefined--
0.3700000000000002,375.8638956548531,2127.416401153388,2749.3508872965367,3246.722009387586,--undefined--
0.3750000000000002,368.7622687918286,2151.8834679497277,2764.5527534913813,3246.183741134963,--undefined--
0.3800000000000002,397.1786789838539,2161.1506436995455,2769.347563512852,3260.5306199262204,--undefined--
0.38500000000000023,411.28836072182423,2167.294713842537,2795.8480797238904,3268.539702197352,--undefined--
0.39000000000000024,411.51694424583394,2151.707695544748,2811.2138349104885,3265.8442100350844,--undefined--
0.39500000000000024,409.38916008511563,2121.2097025504463,2801.5207351029553,3257.010522090249,--undefined--
0.40000000000000024,430.16265321640986,2118.92761727438,2780.305612993623,3258.2652754905425,--undefined--
0.40500000000000025,413.1954987762443,2136.500711522122,2772.00478198798,3275.7328077011994,--undefined--
0.41000000000000025,416.3059064238779,2136.109240925678,2783.394442541346,3286.116043171873,--undefined--
0.41500000000000026,421.0054378880591,2130.6318127500317,2801.9206325794394,3291.0172231050547,--undefined--
0.42000000000000026,417.7446483656267,2130.6938054227016,2800.6359274496613,3287.694184273366,--undefined--
0.42500000000000027,411.89065278278815,2142.3095857899734,2731.466839731417,3265.8440960377116,--undefined--
0.43000000000000027,419.9916074417077,2140.071334167338,2725.716726009805,3277.6849076314397,--undefined--
0.4350000000000003,422.6372928716464,2134.155552912491,2731.5107359531685,3310.2898835225596,--undefined--
0.4400000000000003,425.11087756004554,2125.8704776008763,2731.182719190689,3328.661511156822,--undefined--
0.4450000000000003,428.7343369000811,2116.2003848316263,2724.5188450694054,3322.425343009611,--undefined--
0.4500000000000003,428.3854954967197,2106.000294112529,2734.019252867218,3315.0437603669748,--undefined--
0.4550000000000003,423.573492849382,2123.9002528278193,2727.0625055927726,3324.989588574083,--undefined--
0.4600000000000003,421.0352802004187,2137.356219151874,2728.3793469960574,3333.2047064485855,--undefined--
0.4650000000000003,413.46621360691006,2133.1652533239917,2719.4470784251994,3327.182128626853,--undefined--
0.4700000000000003,403.98206819542287,2113.593388413751,2704.3483562580545,3315.2528883530026,5381.653990895134
0.4750000000000003,410.84613151765654,2101.0955566097314,2720.365089931198,3334.6027877291594,--undefined--
0.4800000000000003,391.12474230078635,2084.7972591568523,2706.0282258722,3354.873219600337,--undefined--
0.4850000000000003,397.236314790969,2090.1774031227924,2717.9359894821037,3367.298051012049,--undefined--
0.4900000000000003,406.9560034598667,2116.26775664241,2729.8846177918786,3381.325780110852,--undefined--
0.49500000000000033,411.57183878142655,2146.727510661184,2732.6962295891617,3389.751829192999,--undefined--
0.5000000000000003,423.77967149441196,2144.4886305525165,2743.6378360162485,3360.85393436222,--undefined--
0.5050000000000003,425.3812903156496,2130.394616188019,2726.497166431541,3371.439705451573,--undefined--
0.5100000000000003,429.3198593010072,2126.124470518834,2713.6537916662123,3373.990626668696,--undefined--
0.5150000000000003,430.14996964115454,2133.2228302183153,2704.544490881315,3374.815277537109,--undefined--
0.5200000000000004,426.3459082345055,2140.27066534938,2698.240616823257,3373.2618883004093,--undefined--
0.5250000000000004,422.34060534615503,2118.177444622867,2694.741303572468,3356.6310812266465,--undefined--
0.5300000000000004,408.6238364402052,2123.550244549842,2682.0133842697696,3350.394722083666,5433.188758365035
0.5350000000000004,402.92461819128164,2104.039325468059,2660.080586614462,3331.5430404200097,5400.277656304524
0.5400000000000004,401.0029897404617,2077.0616174051,2640.4261461832875,3316.6036071705835,5376.316516951697
0.5450000000000004,397.43883017803313,2057.7153951536206,2630.7029268267524,3312.9230073663257,--undefined--
0.5500000000000004,385.8048440705138,2055.8625716193733,2633.4529716657644,3314.1705536109316,--undefined--
0.5550000000000004,372.9058740951994,2068.5373895539074,2671.2880944492463,3321.833242102466,--undefined--
0.5600000000000004,382.1080051141892,2077.1480992616216,2698.429509225545,3330.2361790160953,--undefined--
0.5650000000000004,416.6987803413385,2095.560824388526,2795.478610734276,3336.199415537405,--undefined--
0.5700000000000004,465.7981246110184,2092.1808760093286,2887.1934470209635,3392.460189535836,--undefined--
0.5750000000000004,499.87798725563266,1968.5029983075015,2672.672924603183,3633.887042508672,--undefined--
0.5800000000000004,507.18392021350576,1917.2437324487664,2675.4925027809536,4030.5499110080514,--undefined--
0.5850000000000004,504.99186338250075,1791.4399058619406,2704.335204078225,4120.428135292404,--undefined--
0.5900000000000004,502.0720300305713,1709.772607459248,2723.5681527043107,4105.115852594719,--undefined--
