0.025,1117.4351284742618,2171.5341280009884,3393.831160342682,--undefined--,--undefined--
0.030000000000000002,1152.931679243623,2088.5509314758065,3325.2444860068927,4608.837959816009,--undefined--
0.035,1152.441257883934,2033.689064904387,3257.450622005541,4613.889371176523,--undefined--
0.04,1077.5637615062767,1913.9305804020305,3127.6351491644505,4745.466149825346,--undefined--
0.045,902.9359691211816,1622.4378911121025,2854.2751107748463,4912.8056411831285,--undefined--
0.049999999999999996,607.4673301753576,1249.4500077972793,2417.1823555306605,3620.924277854953,5104.6866611334335
0.05499999999999999,575.3853558449374,1229.3440533868095,2355.6987793527087,3444.6863103755873,5144.457329343746
0.05999999999999999,580.4397940705041,1263.3378767360625,2346.155149446663,3460.5408248240888,5174.170808177037
0.06499999999999999,582.653262983695,1287.050511142559,2334.1266627739333,3515.1694675561325,5182.2410902008005
0.06999999999999999,585.8802424540925,1296.1426522808008,2329.296791465268,3620.770677588949,5174.431567182163
0.075,589.2808012948894,1308.4195554324447,2339.3860741828926,3694.784333117525,5197.556574701112
0.08,596.8518871040825,1311.835964056714,2350.3876251597517,3801.027727983851,5184.700621664161
0.085,600.8757115079791,1319.6532705085576,2358.7497115489523,3942.3916573562856,5180.570433566133
0.09000000000000001,601.5374635855653,1334.2989653132445,2360.7479832572335,4100.381531627037,5181.996826115318
0.09500000000000001,600.8519561712055,1352.4788147521067,2354.48557208651,4252.6254709954865,5174.214068615575
0.10000000000000002,598.9657738983985,1354.7948009722172,2347.1112234181533,4393.089816037198,5144.9750365833
0.10500000000000002,596.7335122640745,1340.1223883274533,2342.2353388448323,4245.0821730121015,5152.805623239172
0.11000000000000003,593.6043526734669,1321.2082540417002,2340.2841702943833,4141.238618884728,5147.586550689118
0.11500000000000003,591.1048704364725,1303.1417075360832,2334.184675243068,4119.586472941336,5140.4759268642665
0.12000000000000004,590.6356760693333,1288.8080762616037,2318.705846650991,4137.180674331682,5152.129161612452
0.12500000000000003,589.92083826234,1278.815722922743,2309.620400840325,4122.281776558028,5169.275253679444
0.13000000000000003,587.5235135198112,1293.252920540613,2323.610216613356,4249.344296825941,5202.199809022928
0.13500000000000004,582.0367220470091,1300.5943365745193,2325.3934217833785,4332.623219763723,5208.585174779612
0.14000000000000004,576.7173533469759,1311.569164920793,2317.321319362104,4464.1948668632685,5184.467062269352
0.14500000000000005,574.7197438540301,1338.0125719470557,2310.069353423248,4716.971694687133,5150.719128926202
0.15000000000000005,571.5439440439304,1337.376388838928,2305.401756301215,4655.270480105774,5209.7138549652145
0.15500000000000005,570.453150747246,1347.3099131635495,2299.4564678594893,4633.625142888776,5216.4197066109755
0.16000000000000006,568.0093180313959,1335.5301646015346,2290.049191173669,4530.575517994691,5217.040276365733
0.16500000000000006,565.0046943677247,1312.3015989673559,2287.5743754025134,4353.612638494252,5191.880253262065
0.17000000000000007,562.9555449326847,1298.819249692741,2301.9650195610598,4171.263067890409,5120.295129608715
0.17500000000000007,561.271747493908,1314.4250844170003,2323.8324083182856,4200.578145410378,5063.355836806579
0.18000000000000008,559.1793858462315,1326.3917778759412,2338.467644601059,4293.396293543408,5084.472194850991
0.18500000000000008,557.1298598079226,1319.256537926372,2341.160667867538,4221.990552600925,5119.6651567638255
0.19000000000000009,555.3445698003741,1304.866743082379,2334.6214371816786,4069.63890097943,5130.371853734815
0.1950000000000001,554.3488566739937,1299.8837126636663,2322.349771822397,3979.7896195730414,5101.08185834239
0.2000000000000001,556.9091604020798,1306.070399927707,2297.833545070889,3964.238343850941,5111.786394269947
0.2050000000000001,559.1695578715623,1247.6288718610242,2302.157272025728,3911.403460372093,5152.829302184287
0.2100000000000001,556.7041354513167,1211.8850860852529,2306.2614321041965,3873.2485024241814,5190.789569417062
0.2150000000000001,554.5855828056489,1196.644265168792,2312.078464528405,3877.657773497968,5202.061992747786
0.2200000000000001,558.2140175175409,1181.2642424108583,2324.9519996433437,3926.638083278206,5175.73793395491
0.22500000000000012,560.7790690263641,1172.9012464254206,2326.1592096634113,3916.124558522262,5154.538540858047
0.23000000000000012,574.8710452805954,1185.7466385363875,2318.885646333351,3849.3270396161047,5189.76253023001
0.23500000000000013,593.6597266935207,1223.3922281413966,2327.430974202483,3800.22180497733,5211.89975354545
0.24000000000000013,609.4079676373959,1260.1058057767207,2339.2058321196387,3769.0229956860053,5210.707248445315
0.24500000000000013,615.2363761894113,1269.1480276943387,2336.223248059659,3742.610514814735,5195.617467205427
0.2500000000000001,610.2976088021195,1262.5758724529599,2324.2718646686803,3742.1642075603236,5199.71390308319
0.2550000000000001,591.8745152780261,1270.751224022445,2324.1353403284825,3768.010204517702,5185.020038322741
0.2600000000000001,583.8698977215503,1292.8409251427966,2324.1829741114966,3752.668028952508,5183.004665123051
0.2650000000000001,588.2604190784068,1312.0872057538145,2323.237288328137,3746.556427644179,5182.501506667304
0.27000000000000013,598.7838580045529,1311.877107494437,2323.85419139924,3808.9256716587447,5166.418261180258
0.27500000000000013,596.3601192756449,1300.163458858971,2335.525880679178,3879.31606517792,5145.783185956201
0.28000000000000014,588.5221018007422,1310.3917642707147,2340.5992341815045,3809.4879280731566,5133.19693825865
0.28500000000000014,586.5508111514903,1309.01099918043,2325.201728242125,3749.300263090789,5121.213014120167
0.29000000000000015,588.5174720713978,1309.4452387192318,2303.0919799651847,3729.4470346326775,5113.854054300141
0.29500000000000015,589.2430649014345,1326.9647960669138,2293.9835710922252,3753.177229741998,5114.672482401663
0.30000000000000016,585.0100635117974,1319.0388107252343,2309.094706651973,3845.2202505310515,5109.1812443286635
0.30500000000000016,578.0142204091864,1296.2516514669442,2323.417735223396,3789.1790307275096,5139.482082278741
0.31000000000000016,576.7762180709061,1277.2740138210972,2336.2960960587384,3780.340656853889,5163.6267746109825
0.31500000000000017,580.4755814384453,1271.7238411141036,2351.2373615563633,3847.459497008954,5190.326738185246
0.3200000000000002,586.647629459362,1287.70439141039,2361.012856510308,3950.1819487058488,5233.479105700326
0.3250000000000002,598.592964502866,1341.782221072678,2288.3969548812465,3902.9302935698142,5264.63881874451
0.3300000000000002,609.2267479080955,1326.7113907521893,2284.420215179798,3856.6117181614463,5218.6615587820925
0.3350000000000002,614.6688615328246,1295.8930750674476,2289.702309877796,3794.3528351009554,5206.080933547252
0.3400000000000002,612.2320971957422,1285.1334424582785,2290.276843468698,3737.704623880818,5233.045485538406
0.3450000000000002,603.7401340793529,1315.1882031710204,2286.8806529452672,3725.833103318943,5269.194088144418
0.3500000000000002,613.4670184434922,1346.4681857515525,2302.02811033527,3847.832759425989,5231.962024994162
0.3550000000000002,613.3528004500038,1347.099561656871,2306.3799111161816,3839.480235237328,5206.964415189081
0.3600000000000002,616.3042447919983,1337.9478664503017,2301.573451500613,3802.467505421157,5205.997586376832
0.3650000000000002,615.2578364698536,1324.435347672994,2297.8424306609063,3796.00663541345,5207.774914312926
0.3700000000000002,602.4012734950936,1310.5685881997233,2303.8169965185816,3864.625135526503,5187.61770590496
0.3750000000000002,593.5574350573207,1311.998757603876,2305.4095645272405,4032.6779331693147,5151.815421028433
0.3800000000000002,604.4078533267755,1317.4416304026756,2301.2128516000407,4036.096857718449,5113.498763054113
0.38500000000000023,608.9057462245544,1318.576297633565,2306.1890331378613,4026.851675021268,5114.064481327691
0.39000000000000024,610.4778911046449,1319.3288864786389,2314.855353846568,4004.075071715403,5140.337611927355
0.39500000000000024,615.460074796408,1327.256543425308,2315.497082497902,3959.761745761001,5162.587272889915
0.40000000000000024,603.3053543159285,1353.3592284833242,2290.7429335416045,4059.781104501966,5142.656441043443
0.40500000000000025,600.5311070307349,1344.9809737631044,2292.0314392348096,4121.150556413617,5173.899920665556
0.41000000000000025,595.7602467825686,1323.1053334295686,2290.767822351167,3951.429028337022,5180.395072165818
0.41500000000000026,593.2870653391533,1318.4032912703383,2287.2762736148366,3809.454241428057,5196.917297744353
0.42000000000000026,598.2133254653564,1350.0680685231403,2287.8339186799385,3975.1861779877063,5260.4669232234055
0.42500000000000027,598.2032506347825,1358.1159450729147,2291.4987414910674,4184.562252667082,5261.063055131331
0.43000000000000027,592.3217837854736,1365.577983060594,2301.3070761378153,4755.90690655739,5202.466473458734
0.4350000000000003,589.8481972933878,1364.0474020651986,2307.257832066004,4944.945720949819,5183.280946809375
0.4400000000000003,589.4502035179122,1360.371117430112,2304.5213809859642,4730.159426075954,5212.996585279523
0.4450000000000003,587.9130237336444,1361.7026333756944,2294.6298030194225,4369.224591218853,5273.5848214717535
0.4500000000000003,587.109101219169,1353.3211284653012,2306.7844865744696,4585.5073571401035,5329.981039117498
0.4550000000000003,586.7745374177929,1341.8479192069956,2306.525065775299,4903.792122739887,--undefined--
0.4600000000000003,587.8176114594472,1311.5860394101753,2302.9795859405995,4657.434749385428,--undefined--
0.4650000000000003,589.7761691700341,1289.7349329501312,2301.9638547664354,4278.589097087695,5319.332796114473
0.4700000000000003,591.6057699918232,1303.2034550438193,2305.673744540797,4324.9272461525725,5278.293917171383
0.4750000000000003,591.1726185592343,1315.4462346440107,2299.8198937855973,4414.044259069914,5141.085596553416
0.4800000000000003,587.4920712863502,1317.8122338666421,2315.1362429300107,4437.688087498509,5200.464571323955
0.4850000000000003,586.3984787286482,1311.0575357618688,2324.2762542148207,4263.706176367504,5287.930501940697
0.4900000000000003,588.2048374509562,1294.2363262395106,2327.483531211156,4099.661165574454,5336.274276782947
0.49500000000000033,591.444040171917,1272.8557335878947,2330.336167800738,4165.312627624532,5315.483537555868
0.5000000000000003,593.1188380957972,1289.6782746677582,2327.9376443180167,4242.992426485078,5262.734288445016
0.5050000000000003,594.5445614695617,1354.9584239862188,2312.6060045850404,4177.583688572444,5270.580189420957
0.5100000000000003,593.1606324431925,1384.0237019648093,2302.9896438492456,4153.195207521725,5255.751320845017
0.5150000000000003,585.9634707577873,1365.4233446495407,2308.659547983106,4293.121453865084,5214.310441019253
0.5200000000000004,573.3951802343386,1312.7454509610434,2329.797143940706,4631.322891162213,5174.43861186162
0.5250000000000004,575.1927809620261,1265.5158972281606,2328.5827769627413,4807.380206910442,5231.520963062068
0.5300000000000004,578.4066145732905,1237.7753327741154,2299.3208197877825,4875.723923671592,5230.90404534955
0.5350000000000004,600.5308885869858,1332.685122075761,2644.8807714144186,4920.698769337966,5227.04500313527
0.5400000000000004,625.0656665591694,1461.811373242274,3045.1118502576523,4997.702500877655,--undefined--
0.5450000000000004,631.6715046768393,1516.860410490765,3127.488611102068,5110.07263459257,--undefined--
0.5500000000000004,628.996706937477,1571.3956277891634,3309.988294549935,4998.03874482744,--undefined--
0.5550000000000004,622.9676910001134,1772.730137622761,3353.8812077724924,4989.214905399812,--undefined--
0.5600000000000004,616.0218906871434,1929.8742626830547,3301.1553409062853,4935.701582376979,--undefined--
0.5650000000000004,609.9484047471711,2017.8618418690753,3209.4353920332733,4873.670661058958,--undefined--
0.5700000000000004,603.0397234066172,2046.5138327856184,3132.453220551083,4863.9736266708,--undefined--
0.5750000000000004,573.7182146219942,1968.0284189632962,3056.4045405398097,4841.049145486639,--undefined--
0.5800000000000004,564.8905957102324,1987.1559045569663,3110.4896072928404,4791.159076498024,--undefined--
0.5850000000000004,587.8219892076355,1986.9968084628795,3161.681948447316,4723.946970359466,--undefined--
0.5900000000000004,628.3752519749531,1926.8537025910564,3147.3971273029374,4552.461311441768,--undefined--
0.5950000000000004,663.7055854647377,1820.1100607505036,3056.865340725942,4253.047577888224,--undefined--
0.6000000000000004,664.1161506986443,1874.0462285266797,3068.0061488511933,4289.23561352546,--undefined--
0.6050000000000004,682.9288632667306,1920.721730144685,2959.1314424048023,4381.545960799678,--undefined--
0.6100000000000004,930.4052493401811,2069.347065576382,3092.502089564765,4439.903888827266,--undefined--
0.6150000000000004,1180.275236456052,2206.2275610644733,3284.069785455455,4459.704006470861,--undefined--
