0.025,1227.5066495192325,1871.209219802014,2937.2320634951275,4076.4468899803496,--undefined--
0.030000000000000002,1234.6976004208136,2071.2069231325295,3320.7383958607606,3872.425548573609,--undefined--
0.035,1243.9116990497378,2211.1034668926764,3599.7637340825204,3856.1228960563635,--undefined--
0.04,1262.6429781937902,2213.825917213048,3506.9647435167963,4159.305264602364,--undefined--
0.045,1324.475138800162,2378.389013168248,3238.018009899313,4398.338738889883,--undefined--
0.049999999999999996,507.0294435992114,1881.6594275967668,2960.7949094031674,4178.520570824854,4880.8390807963215
0.05499999999999999,260.1273424818754,1777.078782146275,2776.575342757766,4019.6446608809624,4965.077133702123
0.05999999999999999,265.50176138524705,1785.0365393083248,2692.530748442964,3975.400870382799,4962.841877843679
0.06499999999999999,261.0425390750369,1669.8514999140675,2666.1141598173153,3999.7600417658173,4844.082048579061
0.06999999999999999,272.90570047070446,1404.006002273486,2576.4935177592342,3916.517991688199,4856.861939826247
0.075,295.81284649243133,1309.161167202741,2529.0529243110127,3915.302814120946,4978.736072614954
0.08,310.5174373382408,1179.0266629601165,2453.9122572876286,3787.0643430758487,4988.5200376391695
0.085,319.9818756310116,1052.3294424188343,2402.245973874548,3656.9740678526605,4885.114889399287
0.09000000000000001,329.1434766478721,1198.5667119857694,2564.2709924137225,3758.905029433871,4741.150690603144
0.09500000000000001,344.32640174129415,2325.015153330147,3402.3714539926978,4522.164064014011,--undefined--
0.10000000000000002,354.6888134685939,2363.8575292004666,3426.950430915683,4591.745231868218,--undefined--
0.10500000000000002,324.3086655510936,1599.8573577372817,2844.8912008144025,3945.637689003308,4798.774748427345
0.11000000000000003,291.99939196088565,1075.7572636046625,2393.948781289637,3432.1673564897665,4789.328611146351
0.11500000000000003,280.1469799530115,1203.7783119761873,2396.8948881259153,3433.6136882351852,4774.696774576424
0.12000000000000004,274.9792539209707,1211.8558563861493,2397.4458867505778,3428.6166509579416,4785.366494867998
0.12500000000000003,265.07601749640634,1217.7850547097903,2374.958069856025,3411.856262758182,4816.587223558348
0.13000000000000003,250.56682873758993,1228.4216373787724,2370.670197956796,3411.8413046018572,4839.171222567007
0.13500000000000004,238.38526859124715,1244.5309954190946,2376.1391501412118,3417.4725326984217,4846.518681108653
0.14000000000000004,233.8627096181933,1260.909576558099,2380.209089021473,3420.3731442698527,4834.83123493242
0.14500000000000005,239.4888180934753,1261.753474104435,2371.601663505396,3421.042662970395,4801.156745172984
0.15000000000000005,240.24904934488055,1274.1504951942907,2379.28051802305,3419.9720702581108,4844.941290664714
0.15500000000000005,246.33349499475767,1267.9344587664714,2381.9234853521066,3412.1531395822763,4886.031806164787
0.16000000000000006,254.60128587554638,1252.9832419897689,2376.5377817642757,3400.45147915367,4990.262264103545
0.16500000000000006,261.6797890292448,1238.2116251703912,2367.485819713743,3388.442770645763,5132.765787116397
0.17000000000000007,265.0002769820735,1226.6655562810088,2370.637587225976,3380.2477945447754,5106.524690672775
0.17500000000000007,270.25777771865074,1220.7291146403784,2397.581907662825,3406.9373685012783,4946.324044676722
0.18000000000000008,276.2621416041847,1215.1370379142595,2420.9230285714443,3431.5819861391997,4844.226487924764
0.18500000000000008,280.25569748009883,1208.4017013919358,2425.996142002473,3434.927282300279,4860.756124637936
0.19000000000000009,281.706812414842,1199.3026047045753,2414.8694446355007,3414.763685670788,4975.8122232291025
0.1950000000000001,284.14888946781696,1186.4458180230579,2417.959429374793,3396.4519137309735,5041.982623100728
0.2000000000000001,285.0521748579679,1172.5234138848175,2392.650938385943,3384.263947567153,4927.425700194265
0.2050000000000001,286.8963754743587,1170.7344092942008,2386.1133363974172,3376.4087662495485,4903.061312939546
0.2100000000000001,289.38579160516787,1166.005122421965,2380.2403899608616,3371.3042960720277,4916.412175496887
0.2150000000000001,292.045163614325,1153.222809570435,2365.514210433681,3368.2133877925603,4911.501994540609
0.2200000000000001,294.3681135491133,1148.011118545167,2354.4088926933096,3368.122128904867,4857.589209315916
0.22500000000000012,298.1835862900615,987.1135871944941,2324.7508778057622,3375.961359636174,4938.007823123397
0.23000000000000012,318.4183519483512,733.7457690283117,2309.6536862129365,3384.811029738138,5046.123318597177
0.23500000000000013,350.22424500362524,1196.9165106484484,2694.159309444751,3963.6815412721658,5110.407168142718
0.24000000000000013,347.8627206836829,1991.2060999276916,3211.5291147203657,4725.953823781763,--undefined--
0.24500000000000013,186.86553381054537,442.21397028334286,2345.7273574365495,3445.842283735487,4904.023478340462
0.2500000000000001,326.4930258663156,1833.5793410438496,3137.0187848661913,4587.607931026242,--undefined--
0.2550000000000001,379.17373692717706,2291.1528119017717,3406.896615944598,4962.437083316987,--undefined--
0.2600000000000001,387.19701129491773,2283.655983055225,3406.8552519015193,4922.646820977928,--undefined--
0.2650000000000001,393.16074711795636,2280.9436309903776,3393.919548435733,4851.979678118136,--undefined--
0.27000000000000013,394.57414150565637,2297.242853609378,3377.6510518370096,4816.268612131387,--undefined--
0.27500000000000013,387.6178384775994,2298.072807258862,3365.2533134498053,4857.474816821519,--undefined--
0.28000000000000014,356.8208053303349,1677.292372465707,2802.8870226024037,4032.5908911173665,4841.540157484505
0.28500000000000014,331.3517402525158,1208.031487241776,2379.584592614347,3385.699823921642,4836.396744110349
0.29000000000000015,325.29786812822664,1241.927337247179,2420.5089440493357,3404.0842185423317,4824.979558476575
0.29500000000000015,322.02602214346126,1252.7379442373408,2490.7707480081012,3398.119162634829,4813.572553777426
0.30000000000000016,317.8655888138176,1250.578522077418,2482.4384340629513,3385.985314497246,4811.908459892676
0.30500000000000016,314.82703358434037,1244.5614876966895,2464.5809665502247,3376.826074184957,4818.113928456213
0.31000000000000016,312.4973669290626,1234.7568304096749,2453.1226664993255,3382.5107349699974,4816.617521851097
0.31500000000000017,310.66339710331715,1222.635523708148,2454.049725197695,3405.5955211099777,4805.653855808719
0.3200000000000002,309.7889444253379,1213.08779804492,2461.943037505778,3432.6999135217343,4809.746470331091
0.3250000000000002,307.8993695244577,1205.5166957407325,2458.064537512324,3422.209362510428,4835.815948365446
0.3300000000000002,304.4210493095554,1200.1988103923265,2498.7109312229527,3408.4830768723905,4854.760472938825
0.3350000000000002,299.4615384047481,1196.9738968234344,2541.64214384691,3391.5768164629267,4862.454280397557
0.3400000000000002,294.02863640980786,1195.6484733724335,2598.3638820871965,3376.7910170172518,4865.618239186336
0.3450000000000002,290.7201059868171,1196.1896256976424,2793.000890549345,3383.296727312125,4888.258563792257
0.3500000000000002,289.75240038850217,1222.444905435532,2701.105309023948,3408.2385625954435,4917.240050049266
0.3550000000000002,287.3498679836871,1267.9919776157772,2615.4071161060992,3406.817317769415,4932.185051628166
0.3600000000000002,283.0668727473873,1290.2494935511697,2575.4884998281727,3400.199175737397,4912.995693201296
0.3650000000000002,277.63168574843905,1279.3256006393508,2584.0314539291603,3406.400010505137,4857.987256715899
0.3700000000000002,273.5122065781769,1286.7858867687328,2607.096080720252,3432.1412775050003,4796.332536196742
0.3750000000000002,270.44358274418965,1264.2773022138283,2755.6158286785626,3414.038372245889,4790.520365350721
0.3800000000000002,267.4701313760082,1254.0993900459086,2814.334145122749,3412.464733189488,4791.067057012227
0.38500000000000023,265.0771604619752,1263.907507167275,2750.2093348594344,3421.543091843379,4796.4269565451195
0.39000000000000024,263.3672654572207,1294.4479600117993,2595.3648870956204,3428.4004715866554,4807.638945003296
0.39500000000000024,261.64055570080205,1339.3405929300175,2475.9877482988436,3413.7241758533996,4825.939667769059
0.40000000000000024,259.25069732821964,1321.9640398071897,2542.721082624369,3412.720070745405,4789.073033680027
0.40500000000000025,256.9738168702344,1323.068264727939,2609.8028641272786,3431.9842090744887,4816.0725638516615
0.41000000000000025,254.70603142686454,1320.948086470354,2669.0725207684504,3438.8952895421025,4874.501088444645
0.41500000000000026,251.89785497788887,1304.191288700398,2696.8416345344535,3423.625919123333,4932.092428595804
0.42000000000000026,247.196574422323,1289.9924388995569,2617.452343527518,3420.728816084717,4972.331288983798
0.42500000000000027,242.844566632127,1272.9945972882495,2548.5307630359366,3433.2236734366957,4924.9397091292285
0.43000000000000027,243.32837799918892,1253.002433984952,2572.6645807409436,3436.489870768317,4882.709650196665
0.4350000000000003,245.29804558485517,1236.1971309555743,2614.629284403826,3440.432157281171,4883.233705271387
0.4400000000000003,246.0284618228251,1224.5790883397076,2608.098017459932,3449.5488949425367,4917.627063855739
0.4450000000000003,244.61344237423577,1212.209782678148,2513.9193294217353,3455.126069960996,4899.269542702271
0.4500000000000003,241.5189844961222,1203.8711394222555,2564.0062829513668,3444.7929604093974,4920.834417458657
0.4550000000000003,237.99500665041526,1198.8246782512738,2572.656120720172,3454.303256922112,4883.587098443849
0.4600000000000003,235.5144759257856,1199.9557030804,2553.0192666851954,3472.044502476272,4839.084501557376
0.4650000000000003,234.6189270250399,1207.5838154475684,2546.2419516875966,3485.2760150526633,4828.376261539005
0.4700000000000003,234.25506705097442,1217.476609414419,2626.5167835996526,3483.4955738609956,4861.0050557922
0.4750000000000003,231.7809937815025,1219.7611001706402,2653.895420353417,3489.0763398671556,4956.24514042852
0.4800000000000003,230.01436321895005,1223.5232373106383,2708.8437764298487,3511.562653820444,4937.425562288295
0.4850000000000003,229.57549763656093,1227.39497822113,2864.2850000538147,3509.5831325946283,4888.326893998572
0.4900000000000003,229.24954578263456,1228.2299166401099,3056.529745034148,3485.2832318534215,4862.831435134262
0.49500000000000033,224.6120991919634,1220.3186920956389,2969.4980794899025,3525.4564146658313,4834.5779561415075
0.5000000000000003,223.25656129815835,1214.5933079843871,2721.720925847489,3614.630466447432,4895.750314405775
0.5050000000000003,224.25427168853167,1207.0726040798509,2639.243840660452,3600.7491962693066,4915.435470448419
0.5100000000000003,225.10409773521945,1200.5270407776766,2673.100244641264,3551.2462658025,4917.335594431088
0.5150000000000003,224.57893851857514,1196.4848198865805,2756.750533025498,3515.982769486606,4901.670629541972
0.5200000000000004,223.83199973076455,1193.7064130847311,2834.4129217949726,3491.01064098134,4806.385181797229
0.5250000000000004,225.82915075271904,1194.1381743914912,2675.8350147749084,3474.5454194268527,4868.172909157138
0.5300000000000004,226.34328358434794,1191.0131460752846,2587.113599151757,3456.407252383155,4948.765865729695
0.5350000000000004,225.47270738974092,1187.929545118669,2589.1512727212703,3452.9446000192333,4971.263968527083
0.5400000000000004,224.81807479290265,1188.1561145300523,2682.520300520957,3471.672057895126,4942.270417241322
0.5450000000000004,228.38012484766773,1193.6319761539512,2869.5813980514677,3503.076451074338,5012.77488243129
0.5500000000000004,229.19322523310237,1195.390378564398,2942.022092235699,3519.38494187495,4990.513300914272
0.5550000000000004,228.01174851998962,1208.7088684040634,2897.7132281994423,3505.093461075731,4938.661976795523
0.5600000000000004,229.661294354953,1220.3507056414621,2807.0291257710624,3481.4257476556922,4897.796348163738
0.5650000000000004,234.75172007009044,1223.6730566511924,2729.982429938203,3465.8755158439676,4884.874439017547
0.5700000000000004,235.93200780143667,1226.4444366510809,2702.448250792451,3466.2759815940553,4878.417251022728
0.5750000000000004,236.1411715283436,1250.0787372200778,2645.7843339556975,3489.3175106118,4906.522099538433
0.5800000000000004,238.52220861899133,1265.5038645316527,2622.2490443571596,3503.4973894759587,4924.7050815132025
0.5850000000000004,239.7825785071422,1259.0873772753748,2633.514474888103,3507.1833225820583,4934.2256233680855
0.5900000000000004,238.48657652175103,1244.1349878267995,2661.4952430634603,3501.133534722046,4922.6351110022915
0.5950000000000004,237.07596070918962,1282.1041506160998,2658.893596558795,3486.4141372802815,4844.56469391508
0.6000000000000004,237.6102792586361,1351.3716652294474,2726.0432112484664,3470.54536395143,4867.654189763375
0.6050000000000004,235.26762339272537,1373.6547350768021,2960.50328857023,3454.0827372311824,4920.7355767941135
0.6100000000000004,232.5675794725974,1382.1441668102834,3139.8857376596225,3450.774946994207,4980.680648048711
0.6150000000000004,231.38939222769028,1399.1567225053268,3142.954836951826,3463.409525953265,4990.715663459654
0.6200000000000004,231.82020041551743,1416.0785684514078,3051.573631884761,3474.4932462707957,4819.655045092362
0.6250000000000004,228.61010777840875,1393.426262720977,2904.3893473989383,3498.97057320063,4884.013091914859
0.6300000000000004,230.1367067325389,1361.9096859689125,2756.834954251192,3517.154921520512,4952.717200966763
0.6350000000000005,232.89344585188437,1330.3902633094542,2666.561751823715,3531.348265347778,4928.066910768991
0.6400000000000005,234.31480053201568,1301.0348014377653,2671.413984531611,3540.511980241496,4821.612550504411
0.6450000000000005,234.67950157092653,1266.1672961498355,2782.220563334293,3534.4763638294303,4826.753066159505
0.6500000000000005,240.26406873671786,1261.4212949088424,2764.7707622083167,3487.4781501286743,4909.491757205538
0.6550000000000005,246.85992085492086,1294.741587425018,2704.719659303863,3468.945844219697,4926.8452859724
0.6600000000000005,252.39937963045193,1346.8953235137524,2712.165334015449,3461.2269727034177,4856.589396501538
0.6650000000000005,256.66692449924716,1400.9673111550806,2783.8749078783417,3455.6114753282363,4751.771767242358
0.6700000000000005,262.5418081846325,1447.0024823579006,2708.5771828226066,3469.478824064032,4791.000483600784
0.6750000000000005,263.20865231926024,1385.6849151318704,2730.312858750242,3482.529668520616,4916.663904874791
0.6800000000000005,262.68267133895586,1355.4030647457714,2922.68506220369,3556.2205298667695,4983.227853407716
0.6850000000000005,264.3915639344583,1362.5806762774027,3088.6151014069364,3581.118621582971,4968.044834941302
0.6900000000000005,267.20774187171963,1392.064577369889,3073.4600271239306,3526.456491577309,4912.310462784463
0.6950000000000005,261.64231470023105,1404.4732604516714,2809.351202909826,3518.299529275291,4960.3101899444655
0.7000000000000005,257.5733537325523,1317.8664909397583,2883.609579603966,3739.3809670583564,4948.968181363672
0.7050000000000005,255.10794978526093,1274.5021291717521,2911.1473233781608,3812.125863094187,4974.832309727529
0.7100000000000005,253.4364071000804,1319.6435576100691,2903.4219818197303,3808.987777040664,5063.536583856629
0.7150000000000005,252.1964571617531,1429.4823347193962,2887.838520660124,3836.764805193975,5161.059757438015
0.7200000000000005,251.99047163001478,1467.3644466040532,2878.505715200008,4023.4996734047922,5071.74631298737
0.7250000000000005,254.09934196394687,1459.3739014352864,2774.925810921497,3979.576982167075,4907.130397935563
0.7300000000000005,264.31678689278596,1599.372305938188,2707.1008014998424,3861.3781116525765,4846.076457136814
0.7350000000000005,276.55409805494395,1705.3437032978577,2720.6717049246718,3774.0994020010335,4882.751988342547
0.7400000000000005,284.43023051252334,1704.958495223102,2829.389634572901,3786.329229810627,4963.43736456641
0.7450000000000006,281.70675372435255,1759.0889798912906,3006.1528940248595,3915.4321322108726,4967.764671969055
0.7500000000000006,284.6974740757493,1744.592555362392,2882.9195625628654,3887.1149802210966,4909.071874928449
0.7550000000000006,294.18163701261994,1787.6729612935594,2808.1675342357885,3879.5711814210576,--undefined--
0.7600000000000006,299.9634326572721,1780.9543978196941,2855.452548767763,3987.4825850154675,--undefined--
0.7650000000000006,290.6621157681248,1696.1154147318337,2977.2957141426864,4171.388578341414,--undefined--
0.7700000000000006,252.10756865260555,1669.4170651835286,2936.0237153963453,4156.7500744004055,--undefined--
0.7750000000000006,1228.8399241137813,2479.7361056636805,3577.5378788874996,4878.459817111317,--undefined--
0.7800000000000006,1322.9891290249504,2414.069212037298,3545.9391732056442,4615.094037179434,--undefined--
0.7850000000000006,1120.8010446684336,2113.453653745921,3276.2994947093625,4220.715944487542,--undefined--
0.7900000000000006,979.4982935234758,2011.0766202151706,3111.4010071075204,4165.0100660497055,--undefined--
0.7950000000000006,575.4161802181972,1928.192345222424,3047.290022450455,3966.813090472253,--undefined--
