0.025,634.8313952429739,1482.1881269636328,2833.726258138221,3884.0701650415067,--undefined--
0.030000000000000002,873.70163285073,1330.0767492630202,2789.6440559226307,3838.416372503759,--undefined--
0.035,1013.5745515220858,1733.5468774811616,3049.7793630078168,3806.303884760239,--undefined--
0.04,891.1174548455965,2206.509834722293,3330.1953837357337,3749.141233773316,--undefined--
0.045,519.9195907056802,1050.0645436939967,2704.6317793009107,3528.895827215786,4884.315628307741
0.049999999999999996,487.56201422656994,1024.0162700245653,2778.67386661176,3514.775580227667,4848.025765194563
0.05499999999999999,470.2624435208242,1013.8041390736503,2872.308325737296,3506.6947170153844,4997.044598309253
0.05999999999999999,466.1046150343107,1008.2318633201179,2930.3118896807573,3487.839997686048,5105.977148777538
0.06499999999999999,478.7991420847403,982.8933451918456,2925.9618247676226,3460.690447292487,5143.893179151504
0.06999999999999999,517.432274545879,898.625205269765,2860.5588880886385,3447.0737181616273,5277.4626302674
0.075,388.0001784989171,815.8179580240014,2829.4268689130067,3439.333222533469,4969.908252045088
0.08,577.5413124582016,1991.872145468104,3190.7769887740164,4316.291963228422,--undefined--
0.085,704.7918263013751,2771.4855093678143,3442.7383192797092,4700.976170336848,--undefined--
0.09000000000000001,686.1505416808261,2747.5138856681156,3451.430541385639,4490.1357133761285,--undefined--
0.09500000000000001,740.552546230545,2780.097443399337,3456.5665182293533,4873.943995237573,--undefined--
0.10000000000000002,297.4672665341418,1208.188427521885,2913.8809085994885,3747.0675864706136,4889.199660376233
0.10500000000000002,293.9144518612531,836.4832279483834,2748.3401622905735,3446.187238209454,4714.6209297226205
0.11000000000000003,373.5337413955472,891.505311994905,2739.064355585381,3430.990517219941,4560.729813754298
0.11500000000000003,383.5687453534471,959.9617066523085,2752.8606903962936,3426.6187223526,4492.032476007909
0.12000000000000004,378.8864984612474,997.3338533113289,2746.6086620037045,3430.3324939529793,4440.239259660881
0.12500000000000003,377.7560186164233,999.4435381049723,2741.218393663567,3430.8235311210606,4439.150402622963
0.13000000000000003,375.99399416019827,1014.4405564430438,2730.2176999082935,3422.0919494731697,4421.272087827006
0.13500000000000004,375.57702213149486,1022.6735109862664,2718.855518911968,3410.2938841371056,4402.434613202997
0.14000000000000004,378.1186815956604,1018.359383032192,2723.996852733179,3406.3072563451683,4404.776953218275
0.14500000000000005,384.86579639251266,1009.8277358778977,2774.339991474251,3425.8211487607864,4456.82331803282
0.15000000000000005,395.46548798741185,1000.4999333914458,2813.1037879523074,3456.045435446564,4780.511028437821
0.15500000000000005,409.688010598851,988.4373579857831,2805.897103441886,3451.6775071776865,4787.646792419954
0.16000000000000006,419.95982165012254,982.0385684990346,2781.361227504318,3433.0363874063555,4660.229851205621
0.16500000000000006,423.166247694918,982.7066463827553,2763.809977798851,3418.467982864346,4567.930777551961
0.17000000000000007,420.7052268415095,984.752124032398,2773.1530509190156,3424.282819658998,4667.4079387107495
0.17500000000000007,435.3291672708385,990.9733199860426,2772.8044707011327,3433.183791877274,5142.052256258192
0.18000000000000008,453.78932505954816,1018.3816900798726,2773.8316421058803,3433.8402342322693,--undefined--
0.18500000000000008,467.2217215196577,1059.7930040259125,2779.3401094429746,3434.7811548804684,--undefined--
0.19000000000000009,468.7633178262977,1093.8907585892325,2784.645699286001,3437.5223337922657,--undefined--
0.1950000000000001,453.54053283156907,1084.9960596239468,2777.1619336741655,3436.448236539663,5361.526295786363
0.2000000000000001,435.52628408236103,1053.8138621533822,2804.196192706865,3432.8522173494107,5131.7400296763135
0.2050000000000001,420.61378112687675,1028.725443987333,2830.7758691986933,3437.6983493158627,5184.779446700326
0.2100000000000001,417.8121499868771,1015.347829087331,2856.7293611332943,3447.217564976702,5235.743303446582
0.2150000000000001,427.6605718626393,1015.5054334227104,2879.7559400045398,3456.1880315750977,5200.825885986672
0.2200000000000001,442.1271889756124,1027.2305514184945,2895.3449549382944,3457.9203497820467,--undefined--
0.22500000000000012,425.8257962163887,956.4380191577451,2872.8584768017386,3452.493216096444,--undefined--
0.23000000000000012,362.27178117049306,898.6781779469485,2845.209642225915,3445.8208761714845,--undefined--
0.23500000000000013,372.4688815573005,875.1503555962256,2832.7199545847316,3443.8627687191843,--undefined--
0.24000000000000013,437.6623888683377,886.1745497682352,2843.783171216227,3446.0096505634665,--undefined--
0.24500000000000013,397.22874957152453,911.0413896048498,2874.7676744249466,3444.9952019592724,--undefined--
0.2500000000000001,433.02794428174485,954.543433725242,2874.391947513554,3443.189319814941,5047.782876171671
0.2550000000000001,446.3092598263679,986.3404591405921,2845.551180470346,3447.0691001358623,4670.37905372883
0.2600000000000001,447.7219219298067,1000.6691671211413,2813.21312610322,3445.8611257648063,4367.957673791148
0.2650000000000001,446.0266538730284,1003.0160174643751,2797.3646042298556,3435.9818381673726,4311.074528514937
0.27000000000000013,447.95259350678697,1010.2390843264363,2812.982598082616,3421.138283764001,4384.206018180168
0.27500000000000013,453.6425759232471,1010.9250913935871,2856.4638756240674,3427.626406435088,4411.219763165357
0.28000000000000014,452.47049439814003,1011.247637631227,2837.6368466905697,3432.68458622381,4431.456983506066
0.28500000000000014,450.9212822973445,1013.7986089309444,2819.1163351357354,3431.3163612725507,4479.197866831493
0.29000000000000015,449.0306511980746,1018.1340662011393,2818.233241815137,3424.0129907845653,4508.048339355468
0.29500000000000015,440.2715085638075,1020.7370331210954,2806.269223064498,3416.801976185763,4389.656883817734
0.30000000000000016,432.2413698051471,1024.7921567311967,2803.331187212517,3400.9043900472006,4386.140118050044
0.30500000000000016,426.0365960787963,1021.7471725827303,2814.797429987626,3396.4334515477153,4360.634666857974
0.31000000000000016,419.4342197748336,1016.2058847122047,2837.8293850154687,3399.3327649067005,4332.98701008159
0.31500000000000017,412.0904697258696,1010.3702139758398,2863.7300580798656,3405.658618332962,4340.317519350973
0.3200000000000002,405.56972770209296,1003.9938410673091,2877.8579811362824,3411.6086298953965,4437.225017260296
0.3250000000000002,407.83366744170416,1003.8420499056135,2883.356711465871,3411.5343000928947,4475.646108379964
0.3300000000000002,414.56737149888266,1007.0772548765527,2915.4629801598853,3409.281398020081,4535.976584759303
0.3350000000000002,424.30636597626216,1006.2879468963476,2928.945848618043,3401.4151624449255,4493.797768110288
0.3400000000000002,434.22346582584913,1006.1417201291202,2915.236788058978,3390.480266392297,4366.822171195767
0.3450000000000002,440.10083466604794,1023.5751529748962,2902.9851448853055,3385.09462222684,4317.057497851545
0.3500000000000002,444.471670230417,1041.680124983326,2876.976667865305,3385.703205744031,4272.012743458036
0.3550000000000002,447.76420683740804,1061.966014175636,2860.9022833314934,3386.464178114564,4208.116585226921
0.3600000000000002,446.9997767209238,1064.330281847364,2848.480882322112,3382.9192537052754,4127.125932063567
0.3650000000000002,444.085958571448,1044.7091056620397,2841.7795486294535,3376.5247430316263,4054.7201514586836
0.3700000000000002,445.89065592233334,1015.2849884512101,2851.383563237302,3374.732802164599,4040.882006175436
0.3750000000000002,431.9337153271643,992.8896288956998,2852.9626444097034,3376.707351075109,4016.045174390161
0.3800000000000002,446.5670815866849,970.1792777120024,2861.509643506211,3375.8420332521496,4056.6748171131685
0.38500000000000023,482.08911850198564,953.7260865943379,2877.5869818134565,3377.0103877382658,4169.603223974478
0.39000000000000024,511.6779667495587,966.2519303640196,2891.719417308505,3379.6777993729606,4283.65754408309
0.39500000000000024,489.1137792738537,1046.9432361084773,2884.2441644102823,3377.8118902754177,4248.481339478517
0.40000000000000024,479.2845394342209,1040.3229244419495,2847.2146923879536,3374.591303778471,4074.33698096182
0.40500000000000025,469.0435849721652,1039.2748266958195,2833.223385676492,3367.7362320470384,4033.564351524394
0.41000000000000025,462.09220634480477,1037.7719869487266,2836.688321650562,3359.9930910479798,4038.070449392459
0.41500000000000026,459.4883409919118,1032.1194236094777,2838.657661761429,3353.0976454233023,4041.7119794693263
0.42000000000000026,459.5991209316121,1021.0872352677418,2806.6452142492894,3347.7594438124006,4041.230043580827
0.42500000000000027,457.60590641234177,1019.3084130977709,2822.286270772066,3348.1893659442962,4052.9533817641527
0.43000000000000027,453.1248680164591,1020.0766923729113,2800.0903929268698,3356.388510867109,3997.8281222515884
0.4350000000000003,451.8437079240947,1019.778013947129,2796.756554573816,3360.5294327516494,3996.3814651433618
0.4400000000000003,453.82426258801115,1016.0380183996075,2815.1988163956603,3358.5045638428046,4033.4943250735787
0.4450000000000003,453.4204422961689,1007.7254456939509,2803.6512114284474,3358.0671004325636,3956.254383369557
0.4500000000000003,452.65713912588217,991.8690507160928,2796.53090727627,3354.501549696186,4074.6766491009
0.4550000000000003,458.0648692574652,993.4486725109061,2798.082018111882,3358.9709671928035,4059.351907491981
0.4600000000000003,467.1165482115215,1007.5404787157734,2811.691674665045,3359.3703138387696,4063.00079116088
0.4650000000000003,482.0398371412878,1017.3816472383807,2834.414443687558,3355.6862373360195,4082.383970072453
0.4700000000000003,509.91163659764527,994.1943093955872,2856.8935115792524,3360.1910072570554,3955.514335834451
0.4750000000000003,481.85070806829225,1006.6888998226246,2923.873133077172,3363.2845462677114,4067.4827456228495
0.4800000000000003,472.277990408749,1005.0432803133141,2896.587478612988,3367.0099642861674,3960.423197695839
0.4850000000000003,467.94405914897925,1008.0568060911688,2890.2061977036724,3367.813412026291,3974.4996316816555
0.4900000000000003,459.91972405911105,1010.2188998042739,2911.2642757471344,3367.534374761207,4089.870412747481
0.49500000000000033,443.736000701135,981.2664277917207,2855.8623350647927,3373.491504822863,3920.716564256981
0.5000000000000003,455.53656173302744,994.8034064218407,2951.48212661884,3364.744629753664,4057.7243954901955
0.5050000000000003,470.1210843365454,965.357631047402,2920.9397694321565,3369.379824860076,4054.1423621633176
0.5100000000000003,474.95999324530754,972.9752111062463,2895.3887985238753,3369.39137464838,3987.2436352956033
0.5150000000000003,468.84673840895897,1015.6110647735842,2915.618789716222,3363.0030201194227,3988.4945847886815
0.5200000000000004,462.0238942910245,1007.8134003304624,2930.4404206980716,3364.9403825119093,4244.108425305973
0.5250000000000004,462.3148093719687,1007.0979470801651,2909.4948679196855,3378.6315111373383,4055.738547311731
0.5300000000000004,461.02814666538154,1008.9999950049314,2944.9639640563582,3381.046906004032,4212.252632089085
0.5350000000000004,464.85791432867745,993.2879909264396,2936.840606028561,3392.260043333927,4238.907745487312
0.5400000000000004,471.78784719155885,977.4218705468669,2893.1659219585536,3406.9155448652436,4065.1864983429386
0.5450000000000004,470.9498077447722,1017.1486021657315,2931.7610986345594,3393.808251241102,4031.5889630645124
0.5500000000000004,459.9971874512011,997.869510133945,2980.371531931925,3396.129984762186,4345.119995272948
0.5550000000000004,461.2309451845236,974.9679564486264,2980.251311372267,3401.471712987893,4305.815294020849
0.5600000000000004,461.14469341177767,981.4136642802588,3018.650770684232,3398.478296172928,4289.490085836967
0.5650000000000004,456.28048616482744,1014.7028537320593,3090.4346281237968,3386.5392961854336,4440.21727584785
0.5700000000000004,453.3999277554519,1036.4173516860758,3096.631272837539,3375.9250362997145,4666.320697256781
0.5750000000000004,424.2882638141014,987.1742016441783,2973.2876488688007,3427.671104975141,4569.150293700249
0.5800000000000004,426.5656663531045,981.9022814916366,2965.153166098905,3426.6993169062557,4462.823542425479
0.5850000000000004,441.30312377992396,1005.2590205227897,3097.0271602296543,3406.382896629577,4486.986804386244
0.5900000000000004,461.97288431004023,1056.7372084911622,3300.1465181882345,3399.657513387833,4648.208611231455
0.5950000000000004,494.71516189685497,1151.0821916423058,3411.0931154389837,3438.9309261131643,4818.528706117109
0.6000000000000004,681.310159704027,1822.593912443748,3417.867433107854,4692.989486829136,--undefined--
0.6050000000000004,603.2852134636315,2002.6366822902432,3407.5070772832814,4959.670682670952,--undefined--
0.6100000000000004,522.6911431110108,1961.21287490628,3471.065743408133,4767.919507582552,--undefined--
0.6150000000000004,514.3014414707332,1838.7645088597606,3422.0971147663313,4469.266004887667,4978.311472095777
0.6200000000000004,462.3954320168035,1642.863847096547,2792.0760100398165,4232.562293411998,5113.192099652972
0.6250000000000004,455.10031961959123,1644.5028637600174,2735.786483725092,4072.0631727682344,5034.968250789248
0.6300000000000004,475.2118470556528,1745.200014446931,2720.000076612533,3902.6055070819316,4991.804664266125
0.6350000000000005,530.2529752607624,1865.1197476135321,2941.220944302814,4127.963091428729,4976.106678886513
0.6400000000000005,591.0301467692791,1944.6910190663564,3276.1366944039955,4597.432607183686,--undefined--
