0.025,619.873179234978,1959.2980059058057,3066.4218155013436,3325.76604600693,--undefined--
0.030000000000000002,696.7589223528057,1938.6380335611323,3311.050032015695,3834.048710591378,--undefined--
0.035,681.2148673892218,1912.5600325425185,3366.835547094752,3974.29798236686,--undefined--
0.04,633.8229392593355,1854.6687806914856,3211.10649778056,3965.292244473836,--undefined--
0.045,624.7361441908403,1769.4223303763179,2922.2331630163526,4029.0809615065978,--undefined--
0.049999999999999996,696.1974473892133,1746.7715488157612,2713.8719604948974,4130.268200301519,--undefined--
0.05499999999999999,648.1555339791474,1710.6371671702127,2635.921888077128,4072.7615443211876,--undefined--
0.05999999999999999,618.5443412267036,1729.666667190213,2747.989605125718,3997.3310479359584,--undefined--
0.06499999999999999,630.7455256164934,1794.3106815050326,2960.7879892710134,4015.819636866472,--undefined--
0.06999999999999999,686.3272694743554,1883.0043461931969,3117.6083890395957,4066.0385769587033,--undefined--
0.075,766.116329959667,1966.9384652014858,2919.0329159980547,3650.6900371515703,5215.456749597719
0.08,877.8483359302733,2190.93630752614,3114.066109892818,4076.252016225718,--undefined--
0.085,910.6025059262475,2090.938151289118,3143.222474481347,4281.187413489262,--undefined--
0.09000000000000001,886.4417313340507,1949.9521259041398,3137.2617379023827,4337.760782711148,--undefined--
0.09500000000000001,845.6964719593267,1888.7855875588236,3165.995540406243,4274.424642506252,--undefined--
0.10000000000000002,839.2243074138512,1434.2278532670255,2974.03706793914,3703.984498898704,--undefined--
0.10500000000000002,804.2397092049185,1294.5282925573636,2946.158623906145,3654.8544419849695,--undefined--
0.11000000000000003,724.9340914235046,1212.5567137140463,2927.699864185112,3682.025319662025,--undefined--
0.11500000000000003,668.4512956911512,1163.2695744789823,2907.173627001954,3730.039389041399,--undefined--
0.12000000000000004,669.765730241744,1139.6896455559245,2894.8193793374116,3762.3175883436434,--undefined--
0.12500000000000003,668.7924410845465,1127.597299501942,2922.2077595029714,3691.7317415064,--undefined--
0.13000000000000003,667.003416217848,1115.5171787604938,2973.3465514464133,3681.331960382111,--undefined--
0.13500000000000004,676.4682690137189,1119.484702289431,2986.388981356929,3687.8936339667944,--undefined--
0.14000000000000004,688.3031703238786,1128.8123821020922,2975.2765796340127,3701.9119141283195,--undefined--
0.14500000000000005,695.6542083847253,1134.7904031458506,2964.1123678972745,3712.6155008363685,--undefined--
0.15000000000000005,701.5401267107251,1140.0999032752763,2983.8262985113556,3697.2044557791232,--undefined--
0.15500000000000005,707.361904478977,1147.6484128368954,2998.381385925695,3700.2335701767884,--undefined--
0.16000000000000006,708.5893114923783,1148.014389067226,3035.708579411025,3694.644740297867,--undefined--
0.16500000000000006,707.0252960486049,1145.474725167228,3078.1911999067524,3684.148969259791,--undefined--
0.17000000000000007,706.4205311525161,1146.7193894965094,3110.2019330736066,3680.530171563049,--undefined--
0.17500000000000007,714.0498215185812,1161.7185774579755,3131.2280027497095,3709.5738692803525,--undefined--
0.18000000000000008,716.0044810580782,1167.7955472603687,3044.7868376152314,3729.82718726399,--undefined--
0.18500000000000008,714.9502808617893,1177.5317703100304,3030.3659387178304,3733.889768163621,--undefined--
0.19000000000000009,709.666047141175,1187.2630635235603,2998.3130291747116,3725.955823866782,--undefined--
0.1950000000000001,700.4750966103122,1192.1732606539874,2902.7778778246025,3718.6734032885124,--undefined--
0.2000000000000001,692.0271685479551,1187.8555178779543,2868.746960266621,3743.4633807372566,--undefined--
0.2050000000000001,692.2096438788766,1189.5181432546003,2829.769798491521,3739.3807280096025,--undefined--
0.2100000000000001,695.8327933104656,1195.9647294914994,2804.1971418206936,3757.5909866055135,--undefined--
0.2150000000000001,699.2175171255694,1201.2964922725932,2833.179105233186,3842.4103945250536,--undefined--
0.2200000000000001,699.5148575899468,1200.5486186053213,2906.5527537822823,3911.946441620934,--undefined--
0.22500000000000012,695.1971656530386,1191.4596504463937,2883.446572423949,3559.796726645688,--undefined--
0.23000000000000012,698.8835286381311,1187.9315806038771,2836.0464904212186,3632.943421766778,--undefined--
0.23500000000000013,706.2323758435637,1185.9463548692559,2851.733768087122,3688.7619804353426,--undefined--
0.24000000000000013,718.8592561375447,1185.5915572677363,2877.1959815753107,3728.6382335361154,--undefined--
0.24500000000000013,735.8019738702088,1189.3163820809657,2869.6747487316807,3766.2638831442027,--undefined--
0.2500000000000001,748.6680492219907,1205.233736667627,2844.265034554323,3735.5145690776817,--undefined--
0.2550000000000001,722.363293543089,1200.6078844902981,2825.520852811119,3696.6255229059743,--undefined--
0.2600000000000001,698.7770374494379,1186.9812055216125,2860.3438640778622,3638.9508805369833,--undefined--
0.2650000000000001,686.5389161146696,1178.0225252011553,2895.2824131219354,3551.6020887578006,--undefined--
0.27000000000000013,687.8437112747583,1179.8156577744137,2905.1079592118426,3448.713004044514,--undefined--
0.27500000000000013,698.7230351385365,1179.9678672382895,2958.841024295707,3406.24965118164,--undefined--
0.28000000000000014,698.2836144774077,1172.728988955959,2929.0106052277456,3551.6569677546063,--undefined--
0.28500000000000014,690.2845349349799,1174.5032551842944,2908.7000248474815,3609.3396240401953,--undefined--
0.29000000000000015,685.0917774468246,1179.2781747830024,2916.0839987480267,3631.2998281509763,--undefined--
0.29500000000000015,686.6353095141396,1180.4117391165153,2942.637195986931,3663.0523412008347,--undefined--
0.30000000000000016,681.6105306675724,1174.7774533106094,2932.9343431865245,3652.31911114798,--undefined--
0.30500000000000016,665.0465083824673,1165.413861637469,2920.3914300366678,3626.4054601744997,--undefined--
0.31000000000000016,657.5378244209088,1161.569672506604,2916.2382256270566,3639.1534356839375,--undefined--
0.31500000000000017,656.0006769942363,1157.218267726953,2919.6208442295906,3664.185871270241,--undefined--
0.3200000000000002,654.7063986844224,1148.7703646209284,2929.5228160608685,3677.621555663706,--undefined--
0.3250000000000002,647.1637697685742,1142.1459508773376,2948.577916298044,3680.6247896251994,--undefined--
0.3300000000000002,628.8418325979093,1135.966019695007,2949.7283618651163,3692.7963150039272,--undefined--
0.3350000000000002,620.2957729556764,1143.6850444622644,2947.5677080629007,3719.080546557795,--undefined--
0.3400000000000002,615.7624105183298,1153.458019454446,2944.468089894071,3739.08296161748,--undefined--
0.3450000000000002,610.678423395158,1157.1248509981056,2940.596162206989,3741.808149102493,--undefined--
0.3500000000000002,610.1385778169383,1161.5137390477903,2933.3639795542913,3744.261561123594,--undefined--
0.3550000000000002,617.1671249817613,1153.9317931490643,2955.9318929225356,3741.546527632114,--undefined--
0.3600000000000002,637.2432572189626,1145.8234210282221,2986.184964402486,3747.417196389671,--undefined--
0.3650000000000002,645.4111052070659,1140.0211013201067,3003.296188421674,3752.0393631560187,--undefined--
0.3700000000000002,628.4302680732255,1135.5440046585593,2995.3956580422578,3752.626293154938,--undefined--
0.3750000000000002,607.0945228243252,1123.963914774676,2969.6125519937946,3769.8523888145796,--undefined--
0.3800000000000002,595.3129893438021,1109.9585556328198,2961.0274783656664,3767.849843037397,--undefined--
0.38500000000000023,596.6068584020082,1090.0908222473747,2976.16851926756,3778.78833263342,--undefined--
0.39000000000000024,607.1714608170237,1083.5720315894405,2996.680701382266,3797.8320672882573,--undefined--
0.39500000000000024,620.6349220498416,1099.7820209624515,3004.2888807296627,3821.156510607906,--undefined--
0.40000000000000024,626.4090791646823,1120.5491364038019,2985.409275635269,3857.5320383096846,--undefined--
0.40500000000000025,628.3677350057819,1119.7455313732826,2981.769122165741,3794.4204146105617,--undefined--
0.41000000000000025,633.1420738304281,1122.674356900504,2981.419524584679,3757.695765526134,--undefined--
0.41500000000000026,634.6203009107553,1130.0580015978628,2980.1368066844216,3748.720356914619,--undefined--
0.42000000000000026,629.4583644701833,1135.2389784067616,2975.8163040644695,3751.290211748893,--undefined--
0.42500000000000027,623.6330084723088,1118.4505010410294,2969.438124071262,3737.1533588430757,--undefined--
0.43000000000000027,632.6420228628216,1117.01038918816,2972.2320936429815,3746.999305853493,--undefined--
0.4350000000000003,645.6056443194601,1139.9553640283352,2982.789333166272,3763.803622944415,--undefined--
0.4400000000000003,658.1671756845852,1154.7255142341446,2990.197746561362,3777.0410408010225,--undefined--
0.4450000000000003,666.4060669216497,1142.2440921424698,2989.982135143735,3778.733731145762,--undefined--
0.4500000000000003,665.2782079779895,1124.5788167118574,2995.496485091685,3764.1518629392185,--undefined--
0.4550000000000003,662.1851262792794,1115.6338605225203,2992.2292075682435,3768.09116582473,--undefined--
0.4600000000000003,657.6692064598205,1136.265010166246,2986.812343548551,3801.2657123899544,--undefined--
0.4650000000000003,654.6475316459802,1151.6860823505992,2988.394030959982,3831.076458414927,--undefined--
0.4700000000000003,653.2655205074581,1140.9955500873878,2999.827197347824,3835.0747889506615,--undefined--
0.4750000000000003,646.1907851670201,1129.1918592246507,3008.626993360064,3824.083658397716,--undefined--
0.4800000000000003,628.2733421821163,1121.4873433856492,2985.5834768500326,3838.0091095277667,--undefined--
0.4850000000000003,624.0395085622459,1127.0840146378139,2981.6366391384213,3841.809843769168,--undefined--
0.4900000000000003,625.2045932497631,1141.2213932613306,2989.3045091806393,3833.321625390232,--undefined--
0.49500000000000033,623.2258927431075,1157.851819134648,2995.6930067795515,3813.911306732813,--undefined--
0.5000000000000003,616.7417952175463,1171.5978774181021,2988.5771839980753,3784.076558177871,--undefined--
0.5050000000000003,624.4793722937212,1173.7984146346569,3023.1137240797707,3763.9422076508786,--undefined--
0.5100000000000003,623.0529102289647,1179.5222140183164,3029.9295114810357,3774.7174265087183,--undefined--
0.5150000000000003,616.4002738038968,1173.2268134164133,3022.528603518807,3796.270012452199,--undefined--
0.5200000000000004,580.695720129328,1149.14009884228,3016.4724149084996,3814.9303134966667,--undefined--
0.5250000000000004,409.5541340667175,1131.5937774648946,3011.8637124491306,3843.7855381367117,--undefined--
0.5300000000000004,737.1491138555353,1117.5302624044537,2979.342255659669,3809.0932425343644,--undefined--
0.5350000000000004,926.3413833007269,1081.5211190256766,2960.4774821282767,3806.7698283777668,--undefined--
0.5400000000000004,974.4299076197415,1055.773710914056,2952.1776136624103,3801.5934536404393,--undefined--
0.5450000000000004,932.5547455447082,1081.80040578861,2949.7021310210494,3773.7559215890274,--undefined--
0.5500000000000004,816.9504979263116,1218.1805988056465,2956.2243815661736,3772.6789735942602,--undefined--
0.5550000000000004,748.5463383893642,1196.4407508177785,2978.9844948730015,3749.158510357204,--undefined--
0.5600000000000004,762.5296109414315,1165.3867366364311,2971.311404500557,3735.199424005359,--undefined--
0.5650000000000004,782.8110206608901,1141.2578015667093,2964.6174680682207,3731.748118589432,--undefined--
0.5700000000000004,761.7853633170557,1134.2383477885112,2972.969666703142,3736.7532898265026,--undefined--
0.5750000000000004,747.3158977514837,1174.5682885904776,2948.3750167542116,3749.5739521196238,--undefined--
0.5800000000000004,817.7402391314515,1205.4268839071517,2897.613240172076,3715.7333823854833,--undefined--
0.5850000000000004,902.5027052858184,1213.380045353057,2893.5205810212206,3730.3139855477034,--undefined--
0.5900000000000004,950.4896929658076,1167.1213946889277,2879.1034436461878,3739.498971271744,--undefined--
0.5950000000000004,934.435866385537,1091.2999136608494,2841.6844664860823,3710.9823524208205,5216.987057228302
0.6000000000000004,873.9903233908633,1154.1050317829825,2911.7866024952586,3699.6675276052197,--undefined--
0.6050000000000004,844.9816574158278,1170.9436056063432,2884.3135728764983,3703.5111334763105,5371.657157375835
0.6100000000000004,832.4413754852249,1182.615470499103,2853.7243074507383,3664.4497282504526,5215.57795101695
0.6150000000000004,823.5496957068655,1195.1580580558,2858.327032683114,3672.675811553923,5125.701631291511
0.6200000000000004,810.4434691081851,1217.1353311105465,2897.5882813213543,3760.4605946193956,5209.455700343445
0.6250000000000004,796.9614625635814,1273.6545005277626,2890.419521105635,3785.838880283389,--undefined--
0.6300000000000004,782.7886225956653,1346.6781016001999,2879.9358696290014,3736.0985505055105,5035.308106624295
0.6350000000000005,798.9020809851869,1359.416498050455,2860.4361832307277,3740.9465633972986,4988.608600998216
0.6400000000000005,829.5846293055862,1323.4257065686638,2844.620733874809,3784.459646485009,4933.939537820641
0.6450000000000005,855.9330614697167,1271.130723573137,2842.248997186513,3855.6930874384952,4905.055826056445
0.6500000000000005,862.1382228459976,1263.5190539896355,2852.867928690123,3997.493971823314,--undefined--
0.6550000000000005,862.6694879018847,1264.5021465729533,2834.1294559037997,4089.8608495951503,--undefined--
0.6600000000000005,876.9212138177835,1237.2603654797633,2799.668531676096,3925.3375877594713,4993.330444898257
0.6650000000000005,900.7626051399288,1209.4029704757822,2802.6845985359946,3729.780518127738,4993.330444898257
0.6700000000000005,918.3391392552022,1217.3521124313916,2863.3475617849713,3674.2640308305627,--undefined--
0.6750000000000005,888.7444207013045,1309.189442318019,2915.6216416432994,3699.6998568491176,--undefined--
0.6800000000000005,988.0686807681235,1210.348353128948,2883.210232586769,3748.5800915423188,5077.942362736884
0.6850000000000005,935.8844201339538,1292.9320977192542,2847.1925665958843,3852.3337720282225,5056.4782908330835
0.6900000000000005,894.2757125451172,1438.946648677761,2849.9630666904277,3873.286135419623,5013.025635486904
0.6950000000000005,982.7174786136407,1490.577147815141,2868.9899626673814,3769.051892727574,4950.108951523306
0.7000000000000005,1118.8901795371135,1297.6011759293604,2727.0722483137256,3765.922761080461,4869.751155963038
0.7050000000000005,955.224263091366,1538.6911443545257,2829.554974028641,4034.787957435509,4778.802954629437
0.7100000000000005,876.0292077446439,1639.5960274770985,2844.1401784003533,4106.227707523779,4773.208770824835
0.7150000000000005,805.5703824384425,1645.4167850488313,2822.9965054408754,4050.417050310514,4830.148921678696
0.7200000000000005,696.3676853571747,1635.765535563035,2821.847655824205,3956.2749705823594,4911.413361128696
0.7250000000000005,683.3595932804582,1620.6234852824841,2811.734002528941,3818.6085422139713,4973.315698655512
0.7300000000000005,654.4916203781027,1666.3317351957426,2842.8447170819754,3793.7301374748495,5037.336175990717
0.7350000000000005,626.108948603998,1668.422645627633,2743.457835758506,3827.4126576961803,5104.35154543558
0.7400000000000005,618.8211975619361,1668.896790566857,2662.3077710972416,3865.8328218781025,5147.6461140767
0.7450000000000006,635.4137039964342,1693.6081385447364,2687.7290557296947,3876.2463354102683,5155.357755180253
