0.025,739.944190100431,1608.6390710486112,2964.594600185738,4170.560508082489,--undefined--
0.030000000000000002,588.2397232235014,1608.5507990429635,3013.074231528881,4134.553545507811,--undefined--
0.035,930.7334260729514,2243.674459884286,3465.5728949714958,4110.458045949888,--undefined--
0.04,1608.3137647879967,2893.773212907326,3942.3177855523445,--undefined--,--undefined--
0.045,1644.631729479909,1663.054372977047,3316.5732924850504,3896.284419457891,--undefined--
0.049999999999999996,522.4721974250211,1707.9387303942415,2788.600142507821,3742.4713161317336,5308.405008967696
0.05499999999999999,301.62407269523925,1691.6233522620685,2606.094915743453,3591.911727019988,5064.470946845446
0.05999999999999999,345.42521911651505,1661.0356091707415,2515.477082968601,3503.930999235925,4771.702796255148
0.06499999999999999,351.62941543860353,1637.5166509663372,2420.8874516671153,3486.8394867713428,4573.007432508626
0.06999999999999999,359.71785130226124,1614.9077390232042,2386.860639727359,3497.457531909073,4558.282541921402
0.075,363.84781703118244,1609.3131884055388,2344.399060576513,3481.889176505031,4603.146442295906
0.08,366.236065240463,1610.1328576331327,2320.8665656524017,3437.90121933724,4663.3566658212585
0.085,368.55730373544804,1609.0842237653023,2317.3994481758455,3409.0184963555344,4703.914126739778
0.09000000000000001,370.20604795873277,1607.691243345117,2322.5290914158277,3401.13466190095,4712.876386367636
0.09500000000000001,368.26186984074525,1617.425672534301,2312.0248296006866,3381.9660411594314,4701.598198310422
0.10000000000000002,365.78088840322005,1625.8021439201655,2303.6964744782535,3367.650968838407,4699.272008133378
0.10500000000000002,361.0316018208252,1645.6380362426005,2271.3814308337483,3359.8099132223147,4723.223793239892
0.11000000000000003,355.5913553145338,1640.022054280525,2248.3006976065235,3346.535600922811,4732.822364392657
0.11500000000000003,353.0704625088452,1610.092808153785,2244.3481956475066,3329.9083556322416,4750.094856831394
0.12000000000000004,359.1500610798717,1595.6024602771226,2245.739660182252,3326.2115029141305,4860.75534740172
0.12500000000000003,359.32191801579046,1598.8366593908822,2255.686329408982,3322.783163709568,4840.275572909184
0.13000000000000003,358.83471577531503,1610.7844540216504,2250.1517991513338,3318.0668876476143,4822.840916645227
0.13500000000000004,351.19805613853873,1629.3232828630873,2243.9018751561134,3329.236452851676,4794.942738544792
0.14000000000000004,338.497634041641,1653.0111264134187,2240.8304522596177,3349.687254608862,4761.77619776388
0.14500000000000005,331.52709757132556,1681.0954583693288,2233.770826365695,3348.676101142242,4747.680886721771
0.15000000000000005,327.12095018652406,1689.1950680057448,2216.1073962120345,3357.5957530966994,4775.957451827813
0.15500000000000005,319.74069516011514,1651.4398813334635,2201.756240044322,3368.20497945573,4826.495908345695
0.16000000000000006,318.64507056004516,1616.434701284736,2185.6310823386166,3374.389865846564,4836.251591277053
0.16500000000000006,310.787096695168,1614.5548272245526,2167.466339384446,3372.097622685549,4811.538029879046
0.17000000000000007,260.43726851763853,1657.7160356294496,2151.9043954199574,3359.3402981673744,4829.0258926826355
0.17500000000000007,293.6475067729351,1681.470602389923,2243.003942744517,3343.102725722091,4818.4212922299885
0.18000000000000008,1127.421585012538,2009.5477234847049,2912.081462316078,4264.71485876665,--undefined--
0.18500000000000008,1659.5147449299475,2170.3696620436244,3327.437607681806,4913.8585464413945,--undefined--
0.19000000000000009,1625.402374860991,2085.3193156677903,3301.896876243239,4964.213913968355,--undefined--
0.1950000000000001,1610.925733976742,2074.727436028813,3302.445941886104,4986.9806655866705,--undefined--
0.2000000000000001,526.0424216247544,1703.2349597524749,2463.749577588313,3646.2089467916153,5072.514976295867
0.2050000000000001,259.91185126585344,1636.6684190038172,2256.274420649957,3292.496748546319,5034.423489377716
0.2100000000000001,850.5234314358717,1841.6199907532703,2654.4023159550093,3983.136603572627,5008.9330469586075
0.2150000000000001,1730.4002345252823,2119.2775698979935,3251.858896698651,5027.86629769022,--undefined--
0.2200000000000001,1719.46810789464,2103.606267996621,3257.554445131377,4980.0870481987695,--undefined--
0.22500000000000012,563.6169432742025,1766.2412790059277,2451.760592667851,3580.7752974350456,5116.035328227322
0.23000000000000012,330.9684611872802,1653.5282748907475,2264.3378522795665,3228.092160234649,5142.72984592978
0.23500000000000013,378.5398025136446,1643.2454069736289,2244.2916682408095,3232.5017577917874,5118.901757051591
0.24000000000000013,393.3462937492283,1672.9329476182486,2185.786737166157,3240.8204541589566,5027.270929166871
0.24500000000000013,399.6550626530491,1741.4880408299825,2133.405128738321,3243.9913392826743,4911.320064414175
0.2500000000000001,390.3534451748509,1695.7032424611587,2261.1986189585177,3275.145682437365,4976.825244543588
0.2550000000000001,354.85307543979684,1663.7711320880362,2269.69994740695,3296.1370743600537,5063.651674261598
0.2600000000000001,341.9820118928762,1654.9171778458426,2263.0530480745047,3297.9505097891692,5102.58443768828
0.2650000000000001,360.4979320876482,1662.8157007867057,2285.9063663462202,3283.765131132137,5076.940296313065
0.27000000000000013,378.5159859884174,1665.5222287674835,2322.2260901589616,3269.0725608540597,5023.068823625963
0.27500000000000013,352.1934154755517,1638.0988726361843,2276.4792049984035,3271.306070324738,4915.020809463038
0.28000000000000014,340.96201891234006,1632.9975354690182,2246.4540709529424,3280.8362611653165,5021.394268462335
0.28500000000000014,340.822070037367,1642.1074800990432,2251.7031232629374,3292.1130775138486,5084.803049294566
0.29000000000000015,342.6680564157498,1650.2686273210352,2269.3554355135534,3299.203148366711,5020.675788650012
0.29500000000000015,332.2748040601396,1635.2093910337646,2233.574339456464,3295.7605161485294,4919.962128043192
0.30000000000000016,293.7396831017613,1625.177297313704,2212.7217464980486,3305.9563334153063,--undefined--
0.30500000000000016,309.3402125419485,1633.0573493509387,2228.5388541352136,3320.536478445393,--undefined--
0.31000000000000016,333.93805770257944,1634.5988323614235,2253.5978277098284,3335.576406979138,--undefined--
0.31500000000000017,348.3496086269533,1622.3942217495944,2269.364683396251,3345.103767466169,4901.042146829454
0.3200000000000002,359.8131807457009,1606.1257027047193,2266.332395684508,3341.041033721102,4813.936795244767
0.3250000000000002,347.37040753596716,1599.1670954460824,2257.906557072721,3324.7816478441728,4777.362057464722
0.3300000000000002,338.6678610339594,1601.8677337598344,2245.6774079903007,3322.819294427858,4736.109024253059
0.3350000000000002,332.31573333101744,1614.2369475806242,2239.859046439721,3321.1892417679833,4697.067031145038
0.3400000000000002,328.23515985460386,1630.4361767986002,2240.722842137968,3312.283342262319,4705.384541447958
0.3450000000000002,327.71484284954266,1638.691150092976,2238.4568818089215,3294.9606369947264,4845.124800320761
0.3500000000000002,346.53655105254575,1642.3686067002761,2235.301468895334,3297.5153885102463,4814.156070219463
0.3550000000000002,360.07747317693327,1634.412722163051,2252.2316096124173,3305.11111133647,4801.530918610722
0.3600000000000002,363.2876925740701,1623.69458270429,2271.3563133466632,3309.0789360656795,4805.216697326756
0.3650000000000002,341.2749542420152,1616.7456759796032,2295.0444740988746,3307.9288617628363,4815.601915542831
0.3700000000000002,269.0641378521252,1617.7250271785788,2346.275752369068,3307.4339613590655,--undefined--
0.3750000000000002,339.1718958249648,1621.2975261756046,2347.7987874427886,3327.4307462696556,5046.815786351332
0.3800000000000002,371.178544040245,1634.6885032866423,2330.318922685347,3346.943085328055,--undefined--
0.38500000000000023,372.9369266576364,1645.8133741424326,2314.4437399082613,3352.0538739869253,--undefined--
0.39000000000000024,360.4102726958593,1644.1201467778428,2301.3423322762847,3343.336223627478,4862.47280413581
0.39500000000000024,357.57495027041847,1620.589862605001,2272.483322455665,3336.029710435386,4493.6397536285
0.40000000000000024,361.4685025899284,1635.23744528826,2272.13990197539,3322.3903989463806,4310.516307239657
0.40500000000000025,365.27263529121984,1629.0335550699654,2291.4545548662927,3346.9552250226493,4573.0676459153965
0.41000000000000025,369.04278179235433,1618.7997687707573,2316.3251313529536,3369.5763752121607,4779.5039872967955
0.41500000000000026,371.76597046531595,1614.6954292901341,2329.101964015737,3373.8884441496252,--undefined--
0.42000000000000026,371.33356605444044,1620.064370292994,2308.4867270337736,3367.684784413084,--undefined--
0.42500000000000027,373.73513641611447,1607.6501883167234,2284.506895730741,3376.3059336132233,--undefined--
0.43000000000000027,363.25170669596685,1601.6005127799876,2280.743111979613,3384.242309768584,--undefined--
0.4350000000000003,357.4776372090236,1598.6338329894252,2279.4939053026387,3381.195426580321,--undefined--
0.4400000000000003,361.6180272097436,1597.0716818325998,2277.651110870912,3370.680729862757,--undefined--
0.4450000000000003,368.29963391029725,1596.8929959689417,2286.9515960220265,3370.21375016141,--undefined--
0.4500000000000003,347.5370975220815,1619.2736192967893,2377.993360294096,3376.837771378419,--undefined--
0.4550000000000003,358.60031477251124,1623.2089365354268,2380.98772196184,3387.4524394066925,--undefined--
0.4600000000000003,366.89155347501844,1632.786371199916,2373.624585448312,3395.1199048716458,--undefined--
0.4650000000000003,360.9774262521159,1645.4878140781068,2376.6131622515954,3395.226642580065,--undefined--
0.4700000000000003,352.98389351178497,1631.7310035090984,2352.6307413819504,3385.4985427198358,--undefined--
0.4750000000000003,362.7823545244879,1618.0295689934462,2334.0763155897125,3387.6785057484703,--undefined--
0.4800000000000003,363.7710197981861,1615.565773644286,2322.1005050715603,3386.758750235468,--undefined--
0.4850000000000003,374.8937138707545,1608.335918031856,2302.209031402794,3389.0720968007345,--undefined--
0.4900000000000003,391.77075166837744,1598.434826941074,2279.983658316205,3395.0036628064804,--undefined--
0.49500000000000033,386.31183943738824,1606.3477789323924,2281.3965516117287,3398.8878056959265,--undefined--
0.5000000000000003,395.7021489530289,1596.9430597675325,2320.65220036989,3406.157846141511,--undefined--
0.5050000000000003,392.746379463214,1594.4110556437745,2347.835298971909,3409.277657126014,--undefined--
0.5100000000000003,390.6793274864181,1594.7001993750819,2331.7825633289667,3413.9910816085185,--undefined--
0.5150000000000003,393.19578957286757,1594.5407839330062,2284.1963331668517,3422.3154462201474,--undefined--
0.5200000000000004,394.2815446098833,1591.4819018908215,2260.2048806009648,3432.482961746671,--undefined--
0.5250000000000004,391.95927091611657,1587.7402222841984,2292.8884949546596,3427.300640813989,4493.243045030226
0.5300000000000004,393.3746335078924,1589.069378327793,2295.5534995532507,3433.900264483362,4816.870753474296
0.5350000000000004,391.1359704659119,1596.5466415783687,2282.8014501762727,3442.235685923619,5175.367220378173
0.5400000000000004,384.84821246666826,1602.510862179392,2269.1165324933204,3450.604435418353,5389.065687046886
0.5450000000000004,381.22241946343536,1590.4243265131083,2268.772259954483,3465.808156829313,--undefined--
0.5500000000000004,351.9535488666083,1595.6234221118173,2257.417980881032,3472.0408567232835,4604.0039167046425
0.5550000000000004,352.56658402595224,1588.585880623236,2224.2049100463387,3479.7510147316834,4601.172804122672
0.5600000000000004,361.5239678130728,1592.1135507349798,2196.378244852796,3464.529437087105,4704.698005657575
0.5650000000000004,369.7060430250808,1601.297479945151,2181.7570792436823,3435.7332534527536,4864.086593603169
0.5700000000000004,380.6610389143278,1583.0583782491049,2168.449174743853,3437.006166578414,4866.738546176049
0.5750000000000004,364.4111202254121,1590.7114847175171,2243.290530172454,3473.029014877225,4894.637165766189
0.5800000000000004,360.3381181666011,1608.8842248022604,2217.14290552777,3477.441616201099,4923.019634782142
0.5850000000000004,367.09180767860045,1607.3757145080262,2177.2188156769244,3472.950844373458,4932.317081614808
0.5900000000000004,379.7584598288145,1584.7469864439856,2166.5435821156007,3473.9189029975355,4922.139747628902
0.5950000000000004,389.85834389244746,1568.7112887245473,2183.1332810334243,3486.177053376944,4911.51069149882
0.6000000000000004,363.51965391588686,1569.908956891253,2207.2370913315112,3565.978408844517,4928.677078182092
0.6050000000000004,316.12936374512594,1606.8768276896021,2292.5905661508295,3607.4826754807705,5007.508958858081
0.6100000000000004,332.20561484232337,1604.0823789776741,2542.843235677365,3687.5055013278575,5057.372245461634
0.6150000000000004,412.3777981439482,1552.1644612723408,2816.5822226179635,3840.274220579775,--undefined--
0.6200000000000004,472.21637491078513,1508.8881191770054,2723.5113185516893,4056.8030258902536,--undefined--
0.6250000000000004,438.6208924238249,1376.6571092090635,2551.107623741375,4089.490544547597,--undefined--
0.6300000000000004,817.6723504214885,1559.8050145576804,2721.7721779736084,4248.4482626110275,--undefined--
0.6350000000000005,1103.3284056586288,1990.2306218227359,2960.6355054179967,4327.767391969646,--undefined--
0.6400000000000005,1142.9803168771657,2420.2919647834806,3104.680571447448,4295.25141736035,--undefined--
